modality,cover,method,rate,quality_db
image,cover_00000.png,lsb,0.1,61.144816164156865
image,cover_00000.png,lsb,0.2,58.17248682360486
image,cover_00000.png,lsb,0.4,55.145492201911566
image,cover_00000.png,lsb_matching,0.1,61.1554411109096
image,cover_00000.png,lsb_matching,0.2,58.14048954128845
image,cover_00000.png,lsb_matching,0.4,55.08788998554618
image,cover_00000.png,dct_qim,0.1,48.5645433536247
image,cover_00000.png,dct_qim,0.2,48.56996562388547
image,cover_00000.png,dct_qim,0.4,48.58568444819047
image,cover_00001.png,lsb,0.1,61.07638046608109
image,cover_00001.png,lsb,0.2,58.05694982167098
image,cover_00001.png,lsb,0.4,55.107666635472604
image,cover_00001.png,lsb_matching,0.1,61.22784754884966
image,cover_00001.png,lsb_matching,0.2,58.175163935613824
image,cover_00001.png,lsb_matching,0.4,55.095789841874556
image,cover_00001.png,dct_qim,0.1,48.453568097351145
image,cover_00001.png,dct_qim,0.2,48.485233528704775
image,cover_00001.png,dct_qim,0.4,48.51235358049501
image,cover_00002.png,lsb,0.1,61.1968600648689
image,cover_00002.png,lsb,0.2,58.13120123535471
image,cover_00002.png,lsb,0.4,55.13085379583278
image,cover_00002.png,lsb_matching,0.1,61.15677105880516
image,cover_00002.png,lsb_matching,0.2,58.103454916092254
image,cover_00002.png,lsb_matching,0.4,55.101064407355494
image,cover_00002.png,dct_qim,0.1,48.47582442774919
image,cover_00002.png,dct_qim,0.2,48.41406066980906
image,cover_00002.png,dct_qim,0.4,48.4503571529458
image,cover_00003.png,lsb,0.1,61.110463516137216
image,cover_00003.png,lsb,0.2,58.169811360825626
image,cover_00003.png,lsb,0.4,55.16754274224724
image,cover_00003.png,lsb_matching,0.1,61.10126096577906
image,cover_00003.png,lsb_matching,0.2,58.07326811252765
image,cover_00003.png,lsb_matching,0.4,55.10997978856006
image,cover_00003.png,dct_qim,0.1,48.53898881490113
image,cover_00003.png,dct_qim,0.2,48.544743713897354
image,cover_00003.png,dct_qim,0.4,48.575247852132144
image,cover_00004.png,lsb,0.1,61.16609211519119
image,cover_00004.png,lsb,0.2,58.11334397877654
image,cover_00004.png,lsb,0.4,55.10073455926974
image,cover_00004.png,lsb_matching,0.1,61.12760587409985
image,cover_00004.png,lsb_matching,0.2,58.08439967714786
image,cover_00004.png,lsb_matching,0.4,55.093484232345354
image,cover_00004.png,dct_qim,0.1,48.44828913488168
image,cover_00004.png,dct_qim,0.2,48.417244880538284
image,cover_00004.png,dct_qim,0.4,48.419793931128865
image,cover_00005.png,lsb,0.1,61.123643935416354
image,cover_00005.png,lsb,0.2,58.08636703610292
image,cover_00005.png,lsb,0.4,55.1165955942709
image,cover_00005.png,lsb_matching,0.1,61.15411157016172
image,cover_00005.png,lsb_matching,0.2,58.15645871443006
image,cover_00005.png,lsb_matching,0.4,55.101724178692734
image,cover_00005.png,dct_qim,0.1,48.56081032030556
image,cover_00005.png,dct_qim,0.2,48.50880970666068
image,cover_00005.png,dct_qim,0.4,48.49235777180964
image,cover_00006.png,lsb,0.1,61.1368644777993
image,cover_00006.png,lsb,0.2,58.15779213317526
image,cover_00006.png,lsb,0.4,55.13218252303269
image,cover_00006.png,lsb_matching,0.1,61.132894087622695
image,cover_00006.png,lsb_matching,0.2,58.137833711932466
image,cover_00006.png,lsb_matching,0.4,55.15116119046355
image,cover_00006.png,dct_qim,0.1,48.02708343670965
image,cover_00006.png,dct_qim,0.2,48.08518651378721
image,cover_00006.png,dct_qim,0.4,47.96330282523743
image,cover_00007.png,lsb,0.1,61.15012538831323
image,cover_00007.png,lsb,0.2,58.09818994218599
image,cover_00007.png,lsb,0.4,55.1411620805537
image,cover_00007.png,lsb_matching,0.1,61.02059280510489
image,cover_00007.png,lsb_matching,0.2,58.14115375247259
image,cover_00007.png,lsb_matching,0.4,55.07606707946311
image,cover_00007.png,dct_qim,0.1,48.58509580378735
image,cover_00007.png,dct_qim,0.2,48.59282811735437
image,cover_00007.png,dct_qim,0.4,48.542921718410355
image,cover_00008.png,lsb,0.1,61.14879747366628
image,cover_00008.png,lsb,0.2,58.18656010822909
image,cover_00008.png,lsb,0.4,55.097767053299116
image,cover_00008.png,lsb_matching,0.1,61.16076334787353
image,cover_00008.png,lsb_matching,0.2,58.15379310451422
image,cover_00008.png,lsb_matching,0.4,55.056107004097825
image,cover_00008.png,dct_qim,0.1,49.90861425723077
image,cover_00008.png,dct_qim,0.2,49.867200069711146
image,cover_00008.png,dct_qim,0.4,49.85200492750022
image,cover_00009.png,lsb,0.1,61.11177975946265
image,cover_00009.png,lsb,0.2,58.14979775481291
image,cover_00009.png,lsb,0.4,55.10898828637113
image,cover_00009.png,lsb_matching,0.1,61.17676930512735
image,cover_00009.png,lsb_matching,0.2,58.11796659211242
image,cover_00009.png,lsb_matching,0.4,55.120238587812715
image,cover_00009.png,dct_qim,0.1,48.447433691232476
image,cover_00009.png,dct_qim,0.2,48.491277589536466
image,cover_00009.png,dct_qim,0.4,48.41568786360585
image,cover_00010.png,lsb,0.1,61.18747280979113
image,cover_00010.png,lsb,0.2,58.12061029623851
image,cover_00010.png,lsb,0.4,55.124547887303585
image,cover_00010.png,lsb_matching,0.1,61.07507490622787
image,cover_00010.png,lsb_matching,0.2,58.09621722136214
image,cover_00010.png,lsb_matching,0.4,55.14449255987262
image,cover_00010.png,dct_qim,0.1,48.00655609498937
image,cover_00010.png,dct_qim,0.2,48.01538774202917
image,cover_00010.png,dct_qim,0.4,48.04549841142636
image,cover_00011.png,lsb,0.1,61.13951342257129
image,cover_00011.png,lsb,0.2,58.19865932774685
image,cover_00011.png,lsb,0.4,55.14482574832029
image,cover_00011.png,lsb_matching,0.1,61.10126096577906
image,cover_00011.png,lsb_matching,0.2,58.160460199497265
image,cover_00011.png,lsb_matching,0.4,55.07344413218783
image,cover_00011.png,dct_qim,0.1,48.43334314395852
image,cover_00011.png,dct_qim,0.2,48.429721152697326
image,cover_00011.png,dct_qim,0.4,48.41915652820426
image,cover_00012.png,lsb,0.1,61.32630643418394
image,cover_00012.png,lsb,0.2,58.131864027392474
image,cover_00012.png,lsb,0.4,55.1165955942709
image,cover_00012.png,lsb_matching,0.1,61.183455903552215
image,cover_00012.png,lsb_matching,0.2,58.107407839440725
image,cover_00012.png,lsb_matching,0.4,55.127865645157094
image,cover_00012.png,dct_qim,0.1,50.00946608346449
image,cover_00012.png,dct_qim,0.2,50.03096737480681
image,cover_00012.png,dct_qim,0.4,50.052885115618764
image,cover_00013.png,lsb,0.1,61.143489871638074
image,cover_00013.png,lsb,0.2,58.09161768787628
image,cover_00013.png,lsb,0.4,55.12288995835845
image,cover_00013.png,lsb_matching,0.1,61.08291415893224
image,cover_00013.png,lsb_matching,0.2,58.143811613521905
image,cover_00013.png,lsb_matching,0.4,55.10337404568026
image,cover_00013.png,dct_qim,0.1,48.425180178433074
image,cover_00013.png,dct_qim,0.2,48.418448412434316
image,cover_00013.png,dct_qim,0.4,48.40085345731547
image,cover_00014.png,lsb,0.1,61.029625823881574
image,cover_00014.png,lsb,0.2,58.16312990594004
image,cover_00014.png,lsb,0.4,55.13650369614548
image,cover_00014.png,lsb_matching,0.1,61.08553039083005
image,cover_00014.png,lsb_matching,0.2,58.12788879158263
image,cover_00014.png,lsb_matching,0.4,55.101724178692734
image,cover_00014.png,dct_qim,0.1,48.63407801632186
image,cover_00014.png,dct_qim,0.2,48.51495908691394
image,cover_00014.png,dct_qim,0.4,48.5674734698281
image,cover_00015.png,lsb,0.1,61.24003352827788
image,cover_00015.png,lsb,0.2,58.209442560646174
image,cover_00015.png,lsb,0.4,55.05806622735768
image,cover_00015.png,lsb_matching,0.1,61.11836696657874
image,cover_00015.png,lsb_matching,0.2,58.11730591746004
image,cover_00015.png,lsb_matching,0.4,55.10502453968372
image,cover_00015.png,dct_qim,0.1,48.04121190525271
image,cover_00015.png,dct_qim,0.2,48.132062884729855
image,cover_00015.png,dct_qim,0.4,48.087154229293226
image,cover_00016.png,lsb,0.1,61.11704872561581
image,cover_00016.png,lsb,0.2,58.19865932774685
image,cover_00016.png,lsb,0.4,55.10601513725175
image,cover_00016.png,lsb_matching,0.1,61.09601110739541
image,cover_00016.png,lsb_matching,0.2,58.119949219318286
image,cover_00016.png,lsb_matching,0.4,55.11229417434307
image,cover_00016.png,dct_qim,0.1,48.524816242270184
image,cover_00016.png,dct_qim,0.2,48.627609158722144
image,cover_00016.png,dct_qim,0.4,48.559932425655504
image,cover_00017.png,lsb,0.1,61.15677105880516
image,cover_00017.png,lsb,0.2,58.107407839440725
image,cover_00017.png,lsb,0.4,55.08887668209002
image,cover_00017.png,lsb_matching,0.1,61.19015281284997
image,cover_00017.png,lsb_matching,0.2,58.1524609128415
image,cover_00017.png,lsb_matching,0.4,55.11196347228169
image,cover_00017.png,dct_qim,0.1,48.36972513276294
image,cover_00017.png,dct_qim,0.2,48.50440198237339
image,cover_00017.png,dct_qim,0.4,48.47905426365429
image,cover_00018.png,lsb,0.1,60.99745094846979
image,cover_00018.png,lsb,0.2,58.13650640604835
image,cover_00018.png,lsb,0.4,55.09941541739035
image,cover_00018.png,lsb_matching,0.1,61.11177975946265
image,cover_00018.png,lsb_matching,0.2,58.13982543167342
image,cover_00018.png,lsb_matching,0.4,55.08986360285759
image,cover_00018.png,dct_qim,0.1,48.68813716130692
image,cover_00018.png,dct_qim,0.2,48.678504063680066
image,cover_00018.png,dct_qim,0.4,48.598728658079345
image,cover_00019.png,lsb,0.1,61.128927323925666
image,cover_00019.png,lsb,0.2,58.119949219318286
image,cover_00019.png,lsb,0.4,55.17022315882301
image,cover_00019.png,lsb_matching,0.1,61.12628482623597
image,cover_00019.png,lsb_matching,0.2,58.09753226900853
image,cover_00019.png,lsb_matching,0.4,55.15149489093773
image,cover_00019.png,dct_qim,0.1,48.4607120403014
image,cover_00019.png,dct_qim,0.2,48.58848159918756
image,cover_00019.png,dct_qim,0.4,48.577524124925034
image,cover_00020.png,lsb,0.1,61.143489871638074
image,cover_00020.png,lsb,0.2,58.11136436399531
image,cover_00020.png,lsb,0.4,55.120238587812715
image,cover_00020.png,lsb_matching,0.1,61.0425628153337
image,cover_00020.png,lsb_matching,0.2,58.059556631364515
image,cover_00020.png,lsb_matching,0.4,55.06951267915619
image,cover_00020.png,dct_qim,0.1,48.6649935696016
image,cover_00020.png,dct_qim,0.2,48.59098584123251
image,cover_00020.png,dct_qim,0.4,48.65660820282099
image,cover_00021.png,lsb,0.1,61.050343548652336
image,cover_00021.png,lsb,0.2,58.14846678795632
image,cover_00021.png,lsb,0.4,55.127865645157094
image,cover_00021.png,lsb_matching,0.1,61.110463516137216
image,cover_00021.png,lsb_matching,0.2,58.125902537343094
image,cover_00021.png,lsb_matching,0.4,55.1605145095879
image,cover_00021.png,dct_qim,0.1,48.21254770185863
image,cover_00021.png,dct_qim,0.2,48.117834449141235
image,cover_00021.png,dct_qim,0.4,48.08249874359976
image,cover_00022.png,lsb,0.1,61.05683815853478
image,cover_00022.png,lsb,0.2,58.10806700993893
image,cover_00022.png,lsb,0.4,55.056107004097825
image,cover_00022.png,lsb_matching,0.1,61.13818874822244
image,cover_00022.png,lsb_matching,0.2,58.107407839440725
image,cover_00022.png,lsb_matching,0.4,55.167207806464944
image,cover_00022.png,dct_qim,0.1,48.59157528456939
image,cover_00022.png,dct_qim,0.2,48.550652235158765
image,cover_00022.png,dct_qim,0.4,48.45985414641192
image,cover_00023.png,lsb,0.1,61.099947906111
image,cover_00023.png,lsb,0.2,58.10279644519128
image,cover_00023.png,lsb,0.4,55.09908569451739
image,cover_00023.png,lsb_matching,0.1,61.17276228209756
image,cover_00023.png,lsb_matching,0.2,58.107407839440725
image,cover_00023.png,lsb_matching,0.4,55.09117984618303
image,cover_00023.png,dct_qim,0.1,48.50238026166565
image,cover_00023.png,dct_qim,0.2,48.61329300870844
image,cover_00023.png,dct_qim,0.4,48.59135423394274
image,cover_00024.png,lsb,0.1,61.12628482623597
image,cover_00024.png,lsb,0.2,58.114664223449736
image,cover_00024.png,lsb,0.4,55.136171145525545
image,cover_00024.png,lsb_matching,0.1,61.11177975946265
image,cover_00024.png,lsb_matching,0.2,58.15445935362484
image,cover_00024.png,lsb_matching,0.4,55.10832741064604
image,cover_00024.png,dct_qim,0.1,50.142942925924594
image,cover_00024.png,dct_qim,0.2,50.18134401817402
image,cover_00024.png,dct_qim,0.4,50.060835730672345
image,cover_00025.png,lsb,0.1,61.20357769160506
image,cover_00025.png,lsb,0.2,58.14314699575046
image,cover_00025.png,lsb,0.4,55.10238405027632
image,cover_00025.png,lsb_matching,0.1,61.09207787408292
image,cover_00025.png,lsb_matching,0.2,58.03874583469851
image,cover_00025.png,lsb_matching,0.4,55.10931876195011
image,cover_00025.png,dct_qim,0.1,48.57708346287615
image,cover_00025.png,dct_qim,0.2,48.666567629925524
image,cover_00025.png,dct_qim,0.4,48.63333397917441
image,cover_00026.png,lsb,0.1,61.089457696133735
image,cover_00026.png,lsb,0.2,58.07326811252765
image,cover_00026.png,lsb,0.4,55.11494069777599
image,cover_00026.png,lsb_matching,0.1,61.09469963378767
image,cover_00026.png,lsb_matching,0.2,58.07588473849567
image,cover_00026.png,lsb_matching,0.4,55.10865783593771
image,cover_00026.png,dct_qim,0.1,48.421564985814584
image,cover_00026.png,dct_qim,0.2,48.42617311091717
image,cover_00026.png,dct_qim,0.4,48.47991595905772
image,cover_00027.png,lsb,0.1,61.15810141409786
image,cover_00027.png,lsb,0.2,58.10279644519128
image,cover_00027.png,lsb,0.4,55.10601513725175
image,cover_00027.png,lsb_matching,0.1,61.179442709224716
image,cover_00027.png,lsb_matching,0.2,58.13584290519624
image,cover_00027.png,lsb_matching,0.4,55.06460336236035
image,cover_00027.png,dct_qim,0.1,48.586567564419234
image,cover_00027.png,dct_qim,0.2,48.52641288649563
image,cover_00027.png,dct_qim,0.4,48.524380895700375
image,cover_00028.png,lsb,0.1,61.152782436312314
image,cover_00028.png,lsb,0.2,58.11400405094424
image,cover_00028.png,lsb,0.4,55.118582302822944
image,cover_00028.png,lsb_matching,0.1,61.20626765441577
image,cover_00028.png,lsb_matching,0.2,58.10411348684475
image,cover_00028.png,lsb_matching,0.4,55.101724178692734
image,cover_00028.png,dct_qim,0.1,48.59304924301454
image,cover_00028.png,dct_qim,0.2,48.60855608459893
image,cover_00028.png,dct_qim,0.4,48.570405564269336
image,cover_00029.png,lsb,0.1,61.12232409197236
image,cover_00029.png,lsb,0.2,58.07588473849567
image,cover_00029.png,lsb,0.4,55.08657473877082
image,cover_00029.png,lsb_matching,0.1,61.0973229771589
image,cover_00029.png,lsb_matching,0.2,58.109385651157204
image,cover_00029.png,lsb_matching,0.4,55.14082917305141
image,cover_00029.png,dct_qim,0.1,48.066537548127336
image,cover_00029.png,dct_qim,0.2,48.11697561781969
image,cover_00029.png,dct_qim,0.4,48.11242004625119
image,cover_00030.png,lsb,0.1,61.1025744225618
image,cover_00030.png,lsb,0.2,58.12127147380225
image,cover_00030.png,lsb,0.4,55.124547887303585
image,cover_00030.png,lsb_matching,0.1,61.09601110739541
image,cover_00030.png,lsb_matching,0.2,58.14580607730853
image,cover_00030.png,lsb_matching,0.4,55.09480157362156
image,cover_00030.png,dct_qim,0.1,48.466936844274166
image,cover_00030.png,dct_qim,0.2,48.43320104816388
image,cover_00030.png,dct_qim,0.4,48.45521016394648
image,cover_00031.png,lsb,0.1,61.114413443484565
image,cover_00031.png,lsb,0.2,58.138497517026465
image,cover_00031.png,lsb,0.4,55.131850303119045
image,cover_00031.png,lsb_matching,0.1,61.15012538831323
image,cover_00031.png,lsb_matching,0.2,58.14913222039753
image,cover_00031.png,lsb_matching,0.4,55.12952547503361
image,cover_00031.png,dct_qim,0.1,48.86081884897559
image,cover_00031.png,dct_qim,0.2,48.81698107553267
image,cover_00031.png,dct_qim,0.4,48.80922692260315
image,cover_00032.png,lsb,0.1,61.19820275921227
image,cover_00032.png,lsb,0.2,58.093588320059695
image,cover_00032.png,lsb,0.4,55.12288995835845
image,cover_00032.png,lsb_matching,0.1,61.144816164156865
image,cover_00032.png,lsb_matching,0.2,58.07850294193233
image,cover_00032.png,lsb_matching,0.4,55.076395059285716
image,cover_00032.png,dct_qim,0.1,48.65152497509135
image,cover_00032.png,dct_qim,0.2,48.53513220309829
image,cover_00032.png,dct_qim,0.4,48.487822810578784
image,cover_00033.png,lsb,0.1,61.22514419064284
image,cover_00033.png,lsb,0.2,58.05564700335641
image,cover_00033.png,lsb,0.4,55.11692664925593
image,cover_00033.png,lsb_matching,0.1,61.02833424176974
image,cover_00033.png,lsb_matching,0.2,58.09490257179284
image,cover_00033.png,lsb_matching,0.4,55.127865645157094
image,cover_00033.png,dct_qim,0.1,48.523002586062354
image,cover_00033.png,dct_qim,0.2,48.495239572030854
image,cover_00033.png,dct_qim,0.4,48.49682537762555
image,cover_00034.png,lsb,0.1,61.16475931026465
image,cover_00034.png,lsb,0.2,58.192605504514404
image,cover_00034.png,lsb,0.4,55.10865783593771
image,cover_00034.png,lsb_matching,0.1,61.134217147745346
image,cover_00034.png,lsb_matching,0.2,58.09818994218599
image,cover_00034.png,lsb_matching,0.4,55.11692664925593
image,cover_00034.png,dct_qim,0.1,48.53818810435188
image,cover_00034.png,dct_qim,0.2,48.55488797235308
image,cover_00034.png,dct_qim,0.4,48.49841176248112
image,cover_00035.png,lsb,0.1,61.18881260459399
image,cover_00035.png,lsb,0.2,58.12921346593148
image,cover_00035.png,lsb,0.4,55.09941541739035
image,cover_00035.png,lsb_matching,0.1,61.11177975946265
image,cover_00035.png,lsb_matching,0.2,58.13318991499826
image,cover_00035.png,lsb_matching,0.4,55.11097151716244
image,cover_00035.png,dct_qim,0.1,48.5216972224159
image,cover_00035.png,dct_qim,0.2,48.559200982315836
image,cover_00035.png,dct_qim,0.4,48.54357754873235
image,cover_00036.png,lsb,0.1,61.13951342257129
image,cover_00036.png,lsb,0.2,58.13982543167342
image,cover_00036.png,lsb,0.4,55.07278864281687
image,cover_00036.png,lsb_matching,0.1,61.1368644777993
image,cover_00036.png,lsb_matching,0.2,58.1765031107151
image,cover_00036.png,lsb_matching,0.4,55.15316377802702
image,cover_00036.png,dct_qim,0.1,48.39162521122894
image,cover_00036.png,dct_qim,0.2,48.50924349505648
image,cover_00036.png,dct_qim,0.4,48.43206444914692
image,cover_00037.png,lsb,0.1,61.170092985873985
image,cover_00037.png,lsb,0.2,58.05760137741731
image,cover_00037.png,lsb,0.4,55.118251121611124
image,cover_00037.png,lsb_matching,0.1,61.06334249525908
image,cover_00037.png,lsb_matching,0.2,58.131864027392474
image,cover_00037.png,lsb_matching,0.4,55.115933559998425
image,cover_00037.png,dct_qim,0.1,48.58870250364521
image,cover_00037.png,dct_qim,0.2,48.61121996864227
image,cover_00037.png,dct_qim,0.4,48.53818810435188
image,cover_00038.png,lsb,0.1,61.07507490622787
image,cover_00038.png,lsb,0.2,58.1001635594974
image,cover_00038.png,lsb,0.4,55.15349763241616
image,cover_00038.png,lsb_matching,0.1,61.07638046608109
image,cover_00038.png,lsb_matching,0.2,58.08899156848014
image,cover_00038.png,lsb_matching,0.4,55.07115035209654
image,cover_00038.png,dct_qim,0.1,48.488038653767184
image,cover_00038.png,dct_qim,0.2,48.51387326926721
image,cover_00038.png,dct_qim,0.4,48.542265987110675
image,cover_00039.png,lsb,0.1,61.04904579133832
image,cover_00039.png,lsb,0.2,58.13053854445252
image,cover_00039.png,lsb,0.4,55.13085379583278
image,cover_00039.png,lsb_matching,0.1,61.1368644777993
image,cover_00039.png,lsb_matching,0.2,58.09161768787628
image,cover_00039.png,lsb_matching,0.4,55.17189925965777
image,cover_00039.png,dct_qim,0.1,48.52053722846706
image,cover_00039.png,dct_qim,0.2,48.60737266041966
image,cover_00039.png,dct_qim,0.4,48.46278598377257
image,cover_00040.png,lsb,0.1,61.144816164156865
image,cover_00040.png,lsb,0.2,58.126564521159494
image,cover_00040.png,lsb,0.4,55.12753375529265
image,cover_00040.png,lsb_matching,0.1,61.050343548652336
image,cover_00040.png,lsb_matching,0.2,58.15645871443006
image,cover_00040.png,lsb_matching,0.4,55.13750150081823
image,cover_00040.png,dct_qim,0.1,50.22684713969174
image,cover_00040.png,dct_qim,0.2,50.20115296730956
image,cover_00040.png,dct_qim,0.4,50.179644235444286
image,cover_00041.png,lsb,0.1,61.19149343481432
image,cover_00041.png,lsb,0.2,58.128551078250936
image,cover_00041.png,lsb,0.4,55.12587468631155
image,cover_00041.png,lsb_matching,0.1,61.1025744225618
image,cover_00041.png,lsb_matching,0.2,58.1551257049601
image,cover_00041.png,lsb_matching,0.4,55.131850303119045
image,cover_00041.png,dct_qim,0.1,48.50057594884149
image,cover_00041.png,dct_qim,0.2,48.410313368818585
image,cover_00041.png,dct_qim,0.4,48.488614288053235
image,cover_00042.png,lsb,0.1,61.21974251728599
image,cover_00042.png,lsb,0.2,58.11202413533255
image,cover_00042.png,lsb,0.4,55.156169391847726
image,cover_00042.png,lsb_matching,0.1,61.33461299359038
image,cover_00042.png,lsb_matching,0.2,58.12788879158263
image,cover_00042.png,lsb_matching,0.4,55.09249648855147
image,cover_00042.png,dct_qim,0.1,48.49689747345827
image,cover_00042.png,dct_qim,0.2,48.46944359460006
image,cover_00042.png,dct_qim,0.4,48.47360082618128
image,cover_00043.png,lsb,0.1,61.14216398403229
image,cover_00043.png,lsb,0.2,58.167805844826454
image,cover_00043.png,lsb,0.4,55.13716887378793
image,cover_00043.png,lsb_matching,0.1,61.16076334787353
image,cover_00043.png,lsb_matching,0.2,58.12921346593148
image,cover_00043.png,lsb_matching,0.4,55.131850303119045
image,cover_00043.png,dct_qim,0.1,48.472740382745826
image,cover_00043.png,dct_qim,0.2,48.540663505063435
image,cover_00043.png,dct_qim,0.4,48.521407194880595
image,cover_00044.png,lsb,0.1,61.17142742890769
image,cover_00044.png,lsb,0.2,58.17985285621016
image,cover_00044.png,lsb,0.4,55.15683758860557
image,cover_00044.png,lsb_matching,0.1,61.15411157016172
image,cover_00044.png,lsb_matching,0.2,58.12987595465506
image,cover_00044.png,lsb_matching,0.4,55.14349314787441
image,cover_00044.png,dct_qim,0.1,48.5347685485183
image,cover_00044.png,dct_qim,0.2,48.45371086110649
image,cover_00044.png,dct_qim,0.4,48.51539348999698
image,cover_00045.png,lsb,0.1,61.1968600648689
image,cover_00045.png,lsb,0.2,58.18924591216072
image,cover_00045.png,lsb,0.4,55.10139428049522
image,cover_00045.png,lsb_matching,0.1,61.18078002865608
image,cover_00045.png,lsb_matching,0.2,58.17248682360486
image,cover_00045.png,lsb_matching,0.4,55.11460979413615
image,cover_00045.png,dct_qim,0.1,48.59599866150107
image,cover_00045.png,dct_qim,0.2,48.464002204355985
image,cover_00045.png,dct_qim,0.4,48.563152240658376
image,cover_00046.png,lsb,0.1,61.03221014101766
image,cover_00046.png,lsb,0.2,58.07850294193233
image,cover_00046.png,lsb,0.4,55.13351165688209
image,cover_00046.png,lsb_matching,0.1,61.13951342257129
image,cover_00046.png,lsb_matching,0.2,58.12193275204015
image,cover_00046.png,lsb_matching,0.4,55.112624901588326
image,cover_00046.png,dct_qim,0.1,48.558469662145875
image,cover_00046.png,dct_qim,0.2,48.5839923105311
image,cover_00046.png,dct_qim,0.4,48.53957124258464
image,cover_00047.png,lsb,0.1,61.11573088466531
image,cover_00047.png,lsb,0.2,58.153126957596896
image,cover_00047.png,lsb,0.4,55.115271626630424
image,cover_00047.png,lsb_matching,0.1,61.21165258358556
image,cover_00047.png,lsb_matching,0.2,58.07784824308146
image,cover_00047.png,lsb_matching,0.4,55.15750588818664
image,cover_00047.png,dct_qim,0.1,49.522636599575264
image,cover_00047.png,dct_qim,0.2,49.606434808515324
image,cover_00047.png,dct_qim,0.4,49.6070864340909
image,cover_00048.png,lsb,0.1,61.131571430442065
image,cover_00048.png,lsb,0.2,58.06673343657459
image,cover_00048.png,lsb,0.4,55.109649262678474
image,cover_00048.png,lsb_matching,0.1,61.22784754884966
image,cover_00048.png,lsb_matching,0.2,58.10872628050096
image,cover_00048.png,lsb_matching,0.4,55.1315181086171
image,cover_00048.png,dct_qim,0.1,48.48767892107926
image,cover_00048.png,dct_qim,0.2,48.478838866515055
image,cover_00048.png,dct_qim,0.4,48.435972755106306
image,cover_00049.png,lsb,0.1,61.17276228209756
image,cover_00049.png,lsb,0.2,58.07588473849567
image,cover_00049.png,lsb,0.4,55.05773962876238
image,cover_00049.png,lsb_matching,0.1,61.11177975946265
image,cover_00049.png,lsb_matching,0.2,58.14314699575046
image,cover_00049.png,lsb_matching,0.4,55.10139428049522
image,cover_00049.png,dct_qim,0.1,48.48811060388057
image,cover_00049.png,dct_qim,0.2,48.53542314868821
image,cover_00049.png,dct_qim,0.4,48.51343901821004
image,cover_00050.png,lsb,0.1,61.15012538831323
image,cover_00050.png,lsb,0.2,58.1524609128415
image,cover_00050.png,lsb,0.4,55.14049629106611
image,cover_00050.png,lsb_matching,0.1,61.18747280979113
image,cover_00050.png,lsb_matching,0.2,58.07915773949392
image,cover_00050.png,lsb_matching,0.4,55.11924474102115
image,cover_00050.png,dct_qim,0.1,48.50382425184355
image,cover_00050.png,dct_qim,0.2,48.56901257257893
image,cover_00050.png,dct_qim,0.4,48.487103410749576
image,cover_00051.png,lsb,0.1,61.14083850109233
image,cover_00051.png,lsb,0.2,58.15179497021671
image,cover_00051.png,lsb,0.4,55.14316006164354
image,cover_00051.png,lsb_matching,0.1,61.034795996895795
image,cover_00051.png,lsb_matching,0.2,58.07850294193233
image,cover_00051.png,lsb_matching,0.4,55.12985751714693
image,cover_00051.png,dct_qim,0.1,48.56512921873448
image,cover_00051.png,dct_qim,0.2,48.48401134867364
image,cover_00051.png,dct_qim,0.4,48.501730622689735
image,cover_00052.png,lsb,0.1,61.168758952744454
image,cover_00052.png,lsb,0.2,58.096874695410634
image,cover_00052.png,lsb,0.4,55.135173646424036
image,cover_00052.png,lsb_matching,0.1,61.22109230589639
image,cover_00052.png,lsb_matching,0.2,58.12259413098288
image,cover_00052.png,lsb_matching,0.4,55.13085379583278
image,cover_00052.png,dct_qim,0.1,48.46421686687829
image,cover_00052.png,dct_qim,0.2,48.48041869367654
image,cover_00052.png,dct_qim,0.4,48.505052021097214
image,cover_00053.png,lsb,0.1,61.088148199721275
image,cover_00053.png,lsb,0.2,58.11862736728585
image,cover_00053.png,lsb,0.4,55.1165955942709
image,cover_00053.png,lsb_matching,0.1,61.07638046608109
image,cover_00053.png,lsb_matching,0.2,58.09161768787628
image,cover_00053.png,lsb_matching,0.4,55.09710788280092
image,cover_00053.png,dct_qim,0.1,48.53898881490113
image,cover_00053.png,dct_qim,0.2,48.611664108218484
image,cover_00053.png,dct_qim,0.4,48.54117332157961
image,cover_00054.png,lsb,0.1,61.08683909803268
image,cover_00054.png,lsb,0.2,58.15779213317526
image,cover_00054.png,lsb,0.4,55.101064407355494
image,cover_00054.png,lsb_matching,0.1,61.19015281284997
image,cover_00054.png,lsb_matching,0.2,58.1524609128415
image,cover_00054.png,lsb_matching,0.4,55.19442164481282
image,cover_00054.png,dct_qim,0.1,48.212277601428234
image,cover_00054.png,dct_qim,0.2,48.22980136712225
image,cover_00054.png,dct_qim,0.4,48.22214716663122
image,cover_00055.png,lsb,0.1,61.25225379689145
image,cover_00055.png,lsb,0.2,58.102138074111565
image,cover_00055.png,lsb,0.4,55.09941541739035
image,cover_00055.png,lsb_matching,0.1,61.08553039083005
image,cover_00055.png,lsb_matching,0.2,58.11136436399531
image,cover_00055.png,lsb_matching,0.4,55.14082917305141
image,cover_00055.png,dct_qim,0.1,49.797485550160985
image,cover_00055.png,dct_qim,0.2,49.7756550788453
image,cover_00055.png,dct_qim,0.4,49.84619746894815
image,cover_00056.png,lsb,0.1,61.099947906111
image,cover_00056.png,lsb,0.2,58.184546844736786
image,cover_00056.png,lsb,0.4,55.127865645157094
image,cover_00056.png,lsb_matching,0.1,61.15411157016172
image,cover_00056.png,lsb_matching,0.2,58.06346978208942
image,cover_00056.png,lsb_matching,0.4,55.15917708719869
image,cover_00056.png,dct_qim,0.1,48.542703130309455
image,cover_00056.png,dct_qim,0.2,48.59887627436117
image,cover_00056.png,dct_qim,0.4,48.561322507482075
image,cover_00057.png,lsb,0.1,61.21030572520323
image,cover_00057.png,lsb,0.2,58.09621722136214
image,cover_00057.png,lsb,0.4,55.13251476836193
image,cover_00057.png,lsb_matching,0.1,61.000016184704464
image,cover_00057.png,lsb_matching,0.2,58.17985285621016
image,cover_00057.png,lsb_matching,0.4,55.07737914739425
image,cover_00057.png,dct_qim,0.1,48.49689747345827
image,cover_00057.png,dct_qim,0.2,48.54452503407527
image,cover_00057.png,dct_qim,0.4,48.51800082136548
image,cover_00058.png,lsb,0.1,61.12628482623597
image,cover_00058.png,lsb,0.2,58.17717285315132
image,cover_00058.png,lsb,0.4,55.11791996565237
image,cover_00058.png,lsb_matching,0.1,61.18881260459399
image,cover_00058.png,lsb_matching,0.2,58.103454916092254
image,cover_00058.png,lsb_matching,0.4,55.082631386666634
image,cover_00058.png,dct_qim,0.1,48.464646223756446
image,cover_00058.png,dct_qim,0.2,48.534404924386216
image,cover_00058.png,dct_qim,0.4,48.5185804409745
image,cover_00059.png,lsb,0.1,61.1634269142367
image,cover_00059.png,lsb,0.2,58.177842698887055
image,cover_00059.png,lsb,0.4,55.08098937945624
image,cover_00059.png,lsb_matching,0.1,61.254974088129174
image,cover_00059.png,lsb_matching,0.2,58.1524609128415
image,cover_00059.png,lsb_matching,0.4,55.09974516529825
image,cover_00059.png,dct_qim,0.1,48.56696055676395
image,cover_00059.png,dct_qim,0.2,48.578846379409
image,cover_00059.png,dct_qim,0.4,48.58590521041286
image,cover_00060.png,lsb,0.1,61.23190574396105
image,cover_00060.png,lsb,0.2,58.09818994218599
image,cover_00060.png,lsb,0.4,55.136171145525545
image,cover_00060.png,lsb_matching,0.1,61.168758952744454
image,cover_00060.png,lsb_matching,0.2,58.13318991499826
image,cover_00060.png,lsb_matching,0.4,55.17223455746292
image,cover_00060.png,dct_qim,0.1,48.00423834686917
image,cover_00060.png,dct_qim,0.2,48.106748768976
image,cover_00060.png,dct_qim,0.4,48.084858647862816
image,cover_00061.png,lsb,0.1,61.14879747366628
image,cover_00061.png,lsb,0.2,58.0857111507556
image,cover_00061.png,lsb,0.4,55.104364266809924
image,cover_00061.png,lsb_matching,0.1,61.06334249525908
image,cover_00061.png,lsb_matching,0.2,58.12921346593148
image,cover_00061.png,lsb_matching,0.4,55.13783415332646
image,cover_00061.png,dct_qim,0.1,48.42879838294961
image,cover_00061.png,dct_qim,0.2,48.408334967174795
image,cover_00061.png,dct_qim,0.4,48.45585288078938
image,cover_00062.png,lsb,0.1,61.12496418008955
image,cover_00062.png,lsb,0.2,58.24671546869218
image,cover_00062.png,lsb,0.4,55.157171725541225
image,cover_00062.png,lsb_matching,0.1,61.199545868800534
image,cover_00062.png,lsb_matching,0.2,58.10872628050096
image,cover_00062.png,lsb_matching,0.4,55.13816683131651
image,cover_00062.png,dct_qim,0.1,48.51923260551428
image,cover_00062.png,dct_qim,0.2,48.54139183269415
image,cover_00062.png,dct_qim,0.4,48.50880970666068
image,cover_00063.png,lsb,0.1,61.178105801466266
image,cover_00063.png,lsb,0.2,58.22160578732124
image,cover_00063.png,lsb,0.4,55.14282700095708
image,cover_00063.png,lsb_matching,0.1,61.1968600648689
image,cover_00063.png,lsb_matching,0.2,58.11202413533255
image,cover_00063.png,lsb_matching,0.4,55.11361723446573
image,cover_00063.png,dct_qim,0.1,49.84718123754273
image,cover_00063.png,dct_qim,0.2,49.847673205419255
image,cover_00063.png,dct_qim,0.4,49.88820541047796
image,cover_00064.png,lsb,0.1,61.19015281284997
image,cover_00064.png,lsb,0.2,58.13717000828343
image,cover_00064.png,lsb,0.4,55.14649207409718
image,cover_00064.png,lsb_matching,0.1,61.14746996492324
image,cover_00064.png,lsb_matching,0.2,58.11070469287396
image,cover_00064.png,lsb_matching,0.4,55.13750150081823
image,cover_00064.png,dct_qim,0.1,48.12702796987645
image,cover_00064.png,dct_qim,0.2,48.09983456098818
image,cover_00064.png,dct_qim,0.4,48.18354056286651
image,cover_00065.png,lsb,0.1,61.21165258358556
image,cover_00065.png,lsb,0.2,58.132526920596696
image,cover_00065.png,lsb,0.4,55.127865645157094
image,cover_00065.png,lsb_matching,0.1,61.20223333473965
image,cover_00065.png,lsb_matching,0.2,58.09424539621179
image,cover_00065.png,lsb_matching,0.4,55.1212326620899
image,cover_00065.png,dct_qim,0.1,48.50750860138243
image,cover_00065.png,dct_qim,0.2,48.4655766426367
image,cover_00065.png,dct_qim,0.4,48.454853140129124
image,cover_00066.png,lsb,0.1,61.17276228209756
image,cover_00066.png,lsb,0.2,58.14846678795632
image,cover_00066.png,lsb,0.4,55.15249614623185
image,cover_00066.png,lsb_matching,0.1,61.07638046608109
image,cover_00066.png,lsb_matching,0.2,58.15445935362484
image,cover_00066.png,lsb_matching,0.4,55.17223455746292
image,cover_00066.png,dct_qim,0.1,49.97619600577774
image,cover_00066.png,dct_qim,0.2,49.90233205594937
image,cover_00066.png,dct_qim,0.4,49.86996854387222
image,cover_00067.png,lsb,0.1,61.11309640183109
image,cover_00067.png,lsb,0.2,58.10608979851437
image,cover_00067.png,lsb,0.4,55.10865783593771
image,cover_00067.png,lsb_matching,0.1,61.170092985873985
image,cover_00067.png,lsb_matching,0.2,58.128551078250936
image,cover_00067.png,lsb_matching,0.4,55.12521123613931
image,cover_00067.png,dct_qim,0.1,48.540736332330304
image,cover_00067.png,dct_qim,0.2,48.55708049300699
image,cover_00067.png,dct_qim,0.4,48.5441605921726
image,cover_00068.png,lsb,0.1,61.22109230589639
image,cover_00068.png,lsb,0.2,58.10411348684475
image,cover_00068.png,lsb,0.4,55.097767053299116
image,cover_00068.png,lsb_matching,0.1,61.09207787408292
image,cover_00068.png,lsb_matching,0.2,58.106748768976
image,cover_00068.png,lsb_matching,0.4,55.08394543957198
image,cover_00068.png,dct_qim,0.1,48.53004380788347
image,cover_00068.png,dct_qim,0.2,48.58730363181177
image,cover_00068.png,dct_qim,0.4,48.51829062150032
image,cover_00069.png,lsb,0.1,61.16609211519119
image,cover_00069.png,lsb,0.2,58.12457887234686
image,cover_00069.png,lsb,0.4,55.13816683131651
image,cover_00069.png,lsb_matching,0.1,61.19283447074255
image,cover_00069.png,lsb_matching,0.2,58.15845899610464
image,cover_00069.png,lsb_matching,0.4,55.15249614623185
image,cover_00069.png,dct_qim,0.1,48.39387762998623
image,cover_00069.png,dct_qim,0.2,48.376031137673735
image,cover_00069.png,dct_qim,0.4,48.26424235379016
image,cover_00070.png,lsb,0.1,61.29598425895419
image,cover_00070.png,lsb,0.2,58.19327773496525
image,cover_00070.png,lsb,0.4,55.10931876195011
image,cover_00070.png,lsb_matching,0.1,61.15411157016172
image,cover_00070.png,lsb_matching,0.2,58.0719603905006
image,cover_00070.png,lsb_matching,0.4,55.10568491295634
image,cover_00070.png,dct_qim,0.1,48.12345407421259
image,cover_00070.png,dct_qim,0.2,48.12444652803337
image,cover_00070.png,dct_qim,0.4,48.07935419801544
image,cover_00071.png,lsb,0.1,61.276797977365504
image,cover_00071.png,lsb,0.2,58.14181806525691
image,cover_00071.png,lsb,0.4,55.14815903946483
image,cover_00071.png,lsb_matching,0.1,61.1302491759581
image,cover_00071.png,lsb_matching,0.2,58.03485488790783
image,cover_00071.png,lsb_matching,0.4,55.11791996565237
image,cover_00071.png,dct_qim,0.1,48.53920721612918
image,cover_00071.png,dct_qim,0.2,48.575247852132144
image,cover_00071.png,dct_qim,0.4,48.542921718410355
image,cover_00072.png,lsb,0.1,61.07376973872923
image,cover_00072.png,lsb,0.2,58.182534514102734
image,cover_00072.png,lsb,0.4,55.08164610784386
image,cover_00072.png,lsb_matching,0.1,61.12760587409985
image,cover_00072.png,lsb_matching,0.2,58.15645871443006
image,cover_00072.png,lsb_matching,0.4,55.11229417434307
image,cover_00072.png,dct_qim,0.1,48.41186845975348
image,cover_00072.png,dct_qim,0.2,48.3934552124763
image,cover_00072.png,dct_qim,0.4,48.47030338504449
image,cover_00073.png,lsb,0.1,61.11573088466531
image,cover_00073.png,lsb,0.2,58.15379310451422
image,cover_00073.png,lsb,0.4,55.10073455926974
image,cover_00073.png,lsb_matching,0.1,61.199545868800534
image,cover_00073.png,lsb_matching,0.2,58.14514115426979
image,cover_00073.png,lsb_matching,0.4,55.1424939658111
image,cover_00073.png,dct_qim,0.1,48.527356634067566
image,cover_00073.png,dct_qim,0.2,48.53251456952245
image,cover_00073.png,dct_qim,0.4,48.35281425770209
image,cover_00074.png,lsb,0.1,61.02188208663998
image,cover_00074.png,lsb,0.2,58.16179484757754
image,cover_00074.png,lsb,0.4,55.06035310548877
image,cover_00074.png,lsb_matching,0.1,61.1302491759581
image,cover_00074.png,lsb_matching,0.2,58.16312990594004
image,cover_00074.png,lsb_matching,0.4,55.15349763241616
image,cover_00074.png,dct_qim,0.1,48.593491528114285
image,cover_00074.png,dct_qim,0.2,48.5885552327583
image,cover_00074.png,dct_qim,0.4,48.48624028822556
image,cover_00075.png,lsb,0.1,61.067249778310796
image,cover_00075.png,lsb,0.2,58.15845899610464
image,cover_00075.png,lsb,0.4,55.05904617053487
image,cover_00075.png,lsb_matching,0.1,61.09207787408292
image,cover_00075.png,lsb_matching,0.2,58.15979302923417
image,cover_00075.png,lsb_matching,0.4,55.093484232345354
image,cover_00075.png,dct_qim,0.1,48.314623594291234
image,cover_00075.png,dct_qim,0.2,48.316490590731405
image,cover_00075.png,dct_qim,0.4,48.3655262106346
image,cover_00076.png,lsb,0.1,61.110463516137216
image,cover_00076.png,lsb,0.2,58.102138074111565
image,cover_00076.png,lsb,0.4,55.14282700095708
image,cover_00076.png,lsb_matching,0.1,61.19551778551374
image,cover_00076.png,lsb_matching,0.2,58.16312990594004
image,cover_00076.png,lsb_matching,0.4,55.08723231236872
image,cover_00076.png,dct_qim,0.1,48.108001088386736
image,cover_00076.png,dct_qim,0.2,48.10161144909876
image,cover_00076.png,dct_qim,0.4,48.12299100669959
image,cover_00077.png,lsb,0.1,61.199545868800534
image,cover_00077.png,lsb,0.2,58.195295050857695
image,cover_00077.png,lsb,0.4,55.10535471376827
image,cover_00077.png,lsb_matching,0.1,61.168758952744454
image,cover_00077.png,lsb_matching,0.2,58.21079234925658
image,cover_00077.png,lsb_matching,0.4,55.1548333066752
image,cover_00077.png,dct_qim,0.1,48.467008445636296
image,cover_00077.png,dct_qim,0.2,48.48868624770394
image,cover_00077.png,dct_qim,0.4,48.50238026166565
image,cover_00078.png,lsb,0.1,61.17676930512735
image,cover_00078.png,lsb,0.2,58.16513326331501
image,cover_00078.png,lsb,0.4,55.124547887303585
image,cover_00078.png,lsb_matching,0.1,61.10126096577906
image,cover_00078.png,lsb_matching,0.2,58.15112912969121
image,cover_00078.png,lsb_matching,0.4,55.08723231236872
image,cover_00078.png,dct_qim,0.1,48.50331880066653
image,cover_00078.png,dct_qim,0.2,48.48847037232869
image,cover_00078.png,dct_qim,0.4,48.50129758401962
image,cover_00079.png,lsb,0.1,61.132894087622695
image,cover_00079.png,lsb,0.2,58.14115375247259
image,cover_00079.png,lsb,0.4,55.104034168013044
image,cover_00079.png,lsb_matching,0.1,61.24546051407502
image,cover_00079.png,lsb_matching,0.2,58.132526920596696
image,cover_00079.png,lsb_matching,0.4,55.11460979413615
image,cover_00079.png,dct_qim,0.1,48.35637264757047
image,cover_00079.png,dct_qim,0.2,48.348283276780904
image,cover_00079.png,dct_qim,0.4,48.32930460935005
image,cover_00080.png,lsb,0.1,61.175433219954826
image,cover_00080.png,lsb,0.2,58.14979775481291
image,cover_00080.png,lsb,0.4,55.09183811747175
image,cover_00080.png,lsb_matching,0.1,61.058138246800446
image,cover_00080.png,lsb_matching,0.2,58.106748768976
image,cover_00080.png,lsb_matching,0.4,55.13118593952298
image,cover_00080.png,dct_qim,0.1,48.559420402383026
image,cover_00080.png,dct_qim,0.2,48.48717534537021
image,cover_00080.png,dct_qim,0.4,48.59297553321016
image,cover_00081.png,lsb,0.1,61.04515484454764
image,cover_00081.png,lsb,0.2,58.15445935362484
image,cover_00081.png,lsb,0.4,55.11229417434307
image,cover_00081.png,lsb_matching,0.1,61.02704304365734
image,cover_00081.png,lsb_matching,0.2,58.147801457458044
image,cover_00081.png,lsb_matching,0.4,55.117588834942815
image,cover_00081.png,dct_qim,0.1,48.34870132319261
image,cover_00081.png,dct_qim,0.2,48.4342668799652
image,cover_00081.png,dct_qim,0.4,48.41498031312871
image,cover_00082.png,lsb,0.1,61.15810141409786
image,cover_00082.png,lsb,0.2,58.10411348684475
image,cover_00082.png,lsb,0.4,55.159511404185814
image,cover_00082.png,lsb_matching,0.1,61.046451439517426
image,cover_00082.png,lsb_matching,0.2,58.081122724740794
image,cover_00082.png,lsb_matching,0.4,55.14449255987262
image,cover_00082.png,dct_qim,0.1,48.6297643741632
image,cover_00082.png,dct_qim,0.2,48.6231534849764
image,cover_00082.png,dct_qim,0.4,48.50786998041682
image,cover_00083.png,lsb,0.1,61.123643935416354
image,cover_00083.png,lsb,0.2,58.153126957596896
image,cover_00083.png,lsb,0.4,55.094142853034974
image,cover_00083.png,lsb_matching,0.1,61.31249737702009
image,cover_00083.png,lsb_matching,0.2,58.153126957596896
image,cover_00083.png,lsb_matching,0.4,55.09249648855147
image,cover_00083.png,dct_qim,0.1,48.382346312290984
image,cover_00083.png,dct_qim,0.2,48.37035532137596
image,cover_00083.png,dct_qim,0.4,48.32396661292302
image,cover_00084.png,lsb,0.1,61.08422207787573
image,cover_00084.png,lsb,0.2,58.143811613521905
image,cover_00084.png,lsb,0.4,55.13052167754263
image,cover_00084.png,lsb_matching,0.1,61.09207787408292
image,cover_00084.png,lsb_matching,0.2,58.138497517026465
image,cover_00084.png,lsb_matching,0.4,55.1732406062267
image,cover_00084.png,dct_qim,0.1,48.46865560286159
image,cover_00084.png,dct_qim,0.2,48.53818810435188
image,cover_00084.png,dct_qim,0.4,48.49797905459444
image,cover_00085.png,lsb,0.1,61.06464453239042
image,cover_00085.png,lsb,0.2,58.09884771497317
image,cover_00085.png,lsb,0.4,55.135173646424036
image,cover_00085.png,lsb_matching,0.1,61.068552987568594
image,cover_00085.png,lsb_matching,0.2,58.14913222039753
image,cover_00085.png,lsb_matching,0.4,55.1129556540213
image,cover_00085.png,dct_qim,0.1,48.54394194170967
image,cover_00085.png,dct_qim,0.2,48.519812389554396
image,cover_00085.png,dct_qim,0.4,48.58494865515215
image,cover_00086.png,lsb,0.1,61.230552590867376
image,cover_00086.png,lsb,0.2,58.11268400691613
image,cover_00086.png,lsb,0.4,55.1708935215347
image,cover_00086.png,lsb_matching,0.1,61.12232409197236
image,cover_00086.png,lsb_matching,0.2,58.12921346593148
image,cover_00086.png,lsb_matching,0.4,55.135173646424036
image,cover_00086.png,dct_qim,0.1,48.08236767539938
image,cover_00086.png,dct_qim,0.2,48.098716152445505
image,cover_00086.png,dct_qim,0.4,48.17596739112038
image,cover_00087.png,lsb,0.1,61.0973229771589
image,cover_00087.png,lsb,0.2,58.14115375247259
image,cover_00087.png,lsb,0.4,55.17995356037111
image,cover_00087.png,lsb_matching,0.1,61.08553039083005
image,cover_00087.png,lsb_matching,0.2,58.083744088827636
image,cover_00087.png,lsb_matching,0.4,55.12355305398827
image,cover_00087.png,dct_qim,0.1,48.38628039392309
image,cover_00087.png,dct_qim,0.2,48.529462656428166
image,cover_00087.png,dct_qim,0.4,48.41321194109441
image,cover_00088.png,lsb,0.1,61.134217147745346
image,cover_00088.png,lsb,0.2,58.131864027392474
image,cover_00088.png,lsb,0.4,55.10865783593771
image,cover_00088.png,lsb_matching,0.1,61.08291415893224
image,cover_00088.png,lsb_matching,0.2,58.07130667712252
image,cover_00088.png,lsb_matching,0.4,55.1384995347923
image,cover_00088.png,dct_qim,0.1,48.752654812861614
image,cover_00088.png,dct_qim,0.2,48.806206551602855
image,cover_00088.png,dct_qim,0.4,48.791213275955876
image,cover_00089.png,lsb,0.1,61.050343548652336
image,cover_00089.png,lsb,0.2,58.15112912969121
image,cover_00089.png,lsb,0.4,55.061006720482716
image,cover_00089.png,lsb_matching,0.1,61.14746996492324
image,cover_00089.png,lsb_matching,0.2,58.125902537343094
image,cover_00089.png,lsb_matching,0.4,55.03136637754271
image,cover_00089.png,dct_qim,0.1,48.501730622689735
image,cover_00089.png,dct_qim,0.2,48.47102000713067
image,cover_00089.png,dct_qim,0.4,48.57150561024463
image,cover_00090.png,lsb,0.1,61.078992763795355
image,cover_00090.png,lsb,0.2,58.12722660589574
image,cover_00090.png,lsb,0.4,55.12587468631155
image,cover_00090.png,lsb_matching,0.1,61.10651717800195
image,cover_00090.png,lsb_matching,0.2,58.1424824796725
image,cover_00090.png,lsb_matching,0.4,55.14349314787441
image,cover_00090.png,dct_qim,0.1,48.231496598272344
image,cover_00090.png,dct_qim,0.2,48.09529692487987
image,cover_00090.png,dct_qim,0.4,48.12676313598238
image,cover_00091.png,lsb,0.1,61.06334249525908
image,cover_00091.png,lsb,0.2,58.11004512193807
image,cover_00091.png,lsb,0.4,55.14349314787441
image,cover_00091.png,lsb_matching,0.1,61.123643935416354
image,cover_00091.png,lsb_matching,0.2,58.11268400691613
image,cover_00091.png,lsb_matching,0.4,55.1103103395987
image,cover_00091.png,dct_qim,0.1,48.4917816411637
image,cover_00091.png,dct_qim,0.2,48.451355859051816
image,cover_00091.png,dct_qim,0.4,48.52757445109592
image,cover_00092.png,lsb,0.1,61.16076334787353
image,cover_00092.png,lsb,0.2,58.11202413533255
image,cover_00092.png,lsb,0.4,55.09611931460688
image,cover_00092.png,lsb_matching,0.1,61.15012538831323
image,cover_00092.png,lsb_matching,0.2,58.08833528667775
image,cover_00092.png,lsb_matching,0.4,55.10568491295634
image,cover_00092.png,dct_qim,0.1,48.57128557875755
image,cover_00092.png,dct_qim,0.2,48.54328605636235
image,cover_00092.png,dct_qim,0.4,48.4757526808931
image,cover_00093.png,lsb,0.1,61.099947906111
image,cover_00093.png,lsb,0.2,58.12193275204015
image,cover_00093.png,lsb,0.4,55.10535471376827
image,cover_00093.png,lsb_matching,0.1,61.132894087622695
image,cover_00093.png,lsb_matching,0.2,58.17114888618853
image,cover_00093.png,lsb_matching,0.4,55.08427401493201
image,cover_00093.png,dct_qim,0.1,48.54015374838738
image,cover_00093.png,dct_qim,0.2,48.43611494161821
image,cover_00093.png,dct_qim,0.4,48.5410276536109
image,cover_00094.png,lsb,0.1,61.1368644777993
image,cover_00094.png,lsb,0.2,58.15779213317526
image,cover_00094.png,lsb,0.4,55.12886146695663
image,cover_00094.png,lsb_matching,0.1,61.037383393349465
image,cover_00094.png,lsb_matching,0.2,58.096874695410634
image,cover_00094.png,lsb_matching,0.4,55.13118593952298
image,cover_00094.png,dct_qim,0.1,48.00224349890383
image,cover_00094.png,dct_qim,0.2,48.06105625576426
image,cover_00094.png,dct_qim,0.4,48.007651017275826
image,cover_00095.png,lsb,0.1,61.08291415893224
image,cover_00095.png,lsb,0.2,58.163797589055974
image,cover_00095.png,lsb,0.4,55.10271402367002
image,cover_00095.png,lsb_matching,0.1,61.22244251415196
image,cover_00095.png,lsb_matching,0.2,58.137833711932466
image,cover_00095.png,lsb_matching,0.4,55.07049520881289
image,cover_00095.png,dct_qim,0.1,47.84915394902927
image,cover_00095.png,dct_qim,0.2,47.913284632507825
image,cover_00095.png,dct_qim,0.4,47.906105064617854
image,cover_00096.png,lsb,0.1,61.1968600648689
image,cover_00096.png,lsb,0.2,58.15779213317526
image,cover_00096.png,lsb,0.4,55.123221493517896
image,cover_00096.png,lsb_matching,0.1,61.1514537091124
image,cover_00096.png,lsb_matching,0.2,58.101479802822844
image,cover_00096.png,lsb_matching,0.4,55.176260151589275
image,cover_00096.png,dct_qim,0.1,48.51619000851912
image,cover_00096.png,dct_qim,0.2,48.513583763737955
image,cover_00096.png,dct_qim,0.4,48.50519648736091
image,cover_00097.png,lsb,0.1,61.050343548652336
image,cover_00097.png,lsb,0.2,58.103454916092254
image,cover_00097.png,lsb,0.4,55.11097151716244
image,cover_00097.png,lsb_matching,0.1,61.16475931026465
image,cover_00097.png,lsb_matching,0.2,58.1551257049601
image,cover_00097.png,lsb_matching,0.4,55.12819756038665
image,cover_00097.png,dct_qim,0.1,48.559639833536615
image,cover_00097.png,dct_qim,0.2,48.62916972513781
image,cover_00097.png,dct_qim,0.4,48.5234377944823
image,cover_00098.png,lsb,0.1,61.10126096577906
image,cover_00098.png,lsb,0.2,58.123917191105534
image,cover_00098.png,lsb,0.4,55.104694390698874
image,cover_00098.png,lsb_matching,0.1,61.186133428186366
image,cover_00098.png,lsb_matching,0.2,58.174494502885096
image,cover_00098.png,lsb_matching,0.4,55.09183811747175
image,cover_00098.png,dct_qim,0.1,48.503391004376
image,cover_00098.png,dct_qim,0.2,48.47496354369482
image,cover_00098.png,dct_qim,0.4,48.47023172933911
image,cover_00099.png,lsb,0.1,61.128927323925666
image,cover_00099.png,lsb,0.2,58.07915773949392
image,cover_00099.png,lsb,0.4,55.12156407075266
image,cover_00099.png,lsb_matching,0.1,61.134217147745346
image,cover_00099.png,lsb_matching,0.2,58.10411348684475
image,cover_00099.png,lsb_matching,0.4,55.08230293555519
image,cover_00099.png,dct_qim,0.1,48.53804253647511
image,cover_00099.png,dct_qim,0.2,48.418306803134236
image,cover_00099.png,dct_qim,0.4,48.482358358246216
image,cover_00100.png,lsb,0.1,61.071160579852894
image,cover_00100.png,lsb,0.2,58.14181806525691
image,cover_00100.png,lsb,0.4,55.07180559422497
image,cover_00100.png,lsb_matching,0.1,61.15012538831323
image,cover_00100.png,lsb_matching,0.2,58.194622508104665
image,cover_00100.png,lsb_matching,0.4,55.17223455746292
image,cover_00100.png,dct_qim,0.1,48.50057594884149
image,cover_00100.png,dct_qim,0.2,48.497330073590014
image,cover_00100.png,dct_qim,0.4,48.46765291102254
image,cover_00101.png,lsb,0.1,61.162094926856525
image,cover_00101.png,lsb,0.2,58.12788879158263
image,cover_00101.png,lsb,0.4,55.14316006164354
image,cover_00101.png,lsb_matching,0.1,61.1368644777993
image,cover_00101.png,lsb_matching,0.2,58.05629836366045
image,cover_00101.png,lsb_matching,0.4,55.096448812336185
image,cover_00101.png,dct_qim,0.1,48.48451455762143
image,cover_00101.png,dct_qim,0.2,48.54656647408689
image,cover_00101.png,dct_qim,0.4,48.59437623346354
image,cover_00102.png,lsb,0.1,61.123643935416354
image,cover_00102.png,lsb,0.2,58.16112747226788
image,cover_00102.png,lsb,0.4,55.09611931460688
image,cover_00102.png,lsb_matching,0.1,61.186133428186366
image,cover_00102.png,lsb_matching,0.2,58.15112912969121
image,cover_00102.png,lsb_matching,0.4,55.15182861705454
image,cover_00102.png,dct_qim,0.1,48.28492895382113
image,cover_00102.png,dct_qim,0.2,48.32008855054319
image,cover_00102.png,dct_qim,0.4,48.28705799988048
image,cover_00103.png,lsb,0.1,61.178105801466266
image,cover_00103.png,lsb,0.2,58.14979775481291
image,cover_00103.png,lsb,0.4,55.104364266809924
image,cover_00103.png,lsb_matching,0.1,61.081606633762334
image,cover_00103.png,lsb_matching,0.2,58.093588320059695
image,cover_00103.png,lsb_matching,0.4,55.16787770386239
image,cover_00103.png,dct_qim,0.1,48.503535415396314
image,cover_00103.png,dct_qim,0.2,48.57333963962139
image,cover_00103.png,dct_qim,0.4,48.53796975436638
image,cover_00104.png,lsb,0.1,61.19417592089036
image,cover_00104.png,lsb,0.2,58.16646934848754
image,cover_00104.png,lsb,0.4,55.06329514793099
image,cover_00104.png,lsb_matching,0.1,61.09469963378767
image,cover_00104.png,lsb_matching,0.2,58.16580125452129
image,cover_00104.png,lsb_matching,0.4,55.124547887303585
image,cover_00104.png,dct_qim,0.1,48.54452503407527
image,cover_00104.png,dct_qim,0.2,48.44337263338429
image,cover_00104.png,dct_qim,0.4,48.41080811008172
image,cover_00105.png,lsb,0.1,61.10126096577906
image,cover_00105.png,lsb,0.2,58.128551078250936
image,cover_00105.png,lsb,0.4,55.1384995347923
image,cover_00105.png,lsb_matching,0.1,61.132894087622695
image,cover_00105.png,lsb_matching,0.2,58.14181806525691
image,cover_00105.png,lsb_matching,0.4,55.09546039413542
image,cover_00105.png,dct_qim,0.1,48.60641136566509
image,cover_00105.png,dct_qim,0.2,48.50989425890155
image,cover_00105.png,dct_qim,0.4,48.59327037993413
image,cover_00106.png,lsb,0.1,61.123643935416354
image,cover_00106.png,lsb,0.2,58.15445935362484
image,cover_00106.png,lsb,0.4,55.13750150081823
image,cover_00106.png,lsb_matching,0.1,61.152782436312314
image,cover_00106.png,lsb_matching,0.2,58.175163935613824
image,cover_00106.png,lsb_matching,0.4,55.10667566117988
image,cover_00106.png,dct_qim,0.1,48.102072242492596
image,cover_00106.png,dct_qim,0.2,48.11638114176387
image,cover_00106.png,dct_qim,0.4,48.13292470509198
image,cover_00107.png,lsb,0.1,61.267236528706064
image,cover_00107.png,lsb,0.2,58.06999954548917
image,cover_00107.png,lsb,0.4,55.156169391847726
image,cover_00107.png,lsb_matching,0.1,61.15012538831323
image,cover_00107.png,lsb_matching,0.2,58.06869280715554
image,cover_00107.png,lsb_matching,0.4,55.12288995835845
image,cover_00107.png,dct_qim,0.1,48.35874652827404
image,cover_00107.png,dct_qim,0.2,48.26978108361534
image,cover_00107.png,dct_qim,0.4,48.45513875683496
image,cover_00108.png,lsb,0.1,61.16742532926736
image,cover_00108.png,lsb,0.2,58.162462325457746
image,cover_00108.png,lsb,0.4,55.15550129788148
image,cover_00108.png,lsb_matching,0.1,61.088148199721275
image,cover_00108.png,lsb_matching,0.2,58.13053854445252
image,cover_00108.png,lsb_matching,0.4,55.134841197629974
image,cover_00108.png,dct_qim,0.1,48.47231022494773
image,cover_00108.png,dct_qim,0.2,48.54860887414692
image,cover_00108.png,dct_qim,0.4,48.524888804274795
image,cover_00109.png,lsb,0.1,61.21839314805996
image,cover_00109.png,lsb,0.2,58.13053854445252
image,cover_00109.png,lsb,0.4,55.13750150081823
image,cover_00109.png,lsb_matching,0.1,61.09207787408292
image,cover_00109.png,lsb_matching,0.2,58.085055364447214
image,cover_00109.png,lsb_matching,0.4,55.13783415332646
image,cover_00109.png,dct_qim,0.1,48.54139183269415
image,cover_00109.png,dct_qim,0.2,48.54328605636235
image,cover_00109.png,dct_qim,0.4,48.54452503407527
image,cover_00110.png,lsb,0.1,61.19417592089036
image,cover_00110.png,lsb,0.2,58.11730591746004
image,cover_00110.png,lsb,0.4,55.15182861705454
image,cover_00110.png,lsb_matching,0.1,61.07246496334942
image,cover_00110.png,lsb_matching,0.2,58.143811613521905
image,cover_00110.png,lsb_matching,0.4,55.10073455926974
image,cover_00110.png,dct_qim,0.1,48.15579215855138
image,cover_00110.png,dct_qim,0.2,48.06209977822951
image,cover_00110.png,dct_qim,0.4,48.071110582295354
image,cover_00111.png,lsb,0.1,61.21704419795778
image,cover_00111.png,lsb,0.2,58.08308859945668
image,cover_00111.png,lsb,0.4,55.1732406062267
image,cover_00111.png,lsb_matching,0.1,61.144816164156865
image,cover_00111.png,lsb_matching,0.2,58.101479802822844
image,cover_00111.png,lsb_matching,0.4,55.08920563076043
image,cover_00111.png,dct_qim,0.1,48.62916972513781
image,cover_00111.png,dct_qim,0.2,48.525759642907985
image,cover_00111.png,dct_qim,0.4,48.608925970797365
image,cover_00112.png,lsb,0.1,61.1968600648689
image,cover_00112.png,lsb,0.2,58.102138074111565
image,cover_00112.png,lsb,0.4,55.06722097402343
image,cover_00112.png,lsb_matching,0.1,61.17142742890769
image,cover_00112.png,lsb_matching,0.2,58.125902537343094
image,cover_00112.png,lsb_matching,0.4,55.056433479934775
image,cover_00112.png,dct_qim,0.1,48.60781640669766
image,cover_00112.png,dct_qim,0.2,48.56447012604271
image,cover_00112.png,dct_qim,0.4,48.529317380714595
image,cover_00113.png,lsb,0.1,61.099947906111
image,cover_00113.png,lsb,0.2,58.184546844736786
image,cover_00113.png,lsb,0.4,55.11924474102115
image,cover_00113.png,lsb_matching,0.1,61.04774842170387
image,cover_00113.png,lsb_matching,0.2,58.12325561066111
image,cover_00113.png,lsb_matching,0.4,55.09743745554393
image,cover_00113.png,dct_qim,0.1,49.85811606032084
image,cover_00113.png,dct_qim,0.2,49.76106570000039
image,cover_00113.png,dct_qim,0.4,49.92681405262132
image,cover_00114.png,lsb,0.1,61.178105801466266
image,cover_00114.png,lsb,0.2,58.11004512193807
image,cover_00114.png,lsb,0.4,55.13351165688209
image,cover_00114.png,lsb_matching,0.1,61.146142861836054
image,cover_00114.png,lsb_matching,0.2,58.119949219318286
image,cover_00114.png,lsb_matching,0.4,55.12521123613931
image,cover_00114.png,dct_qim,0.1,48.57539467244382
image,cover_00114.png,dct_qim,0.2,48.51387326926721
image,cover_00114.png,dct_qim,0.4,48.511485425605755
image,cover_00115.png,lsb,0.1,61.17409754569579
image,cover_00115.png,lsb,0.2,58.137833711932466
image,cover_00115.png,lsb,0.4,55.13218252303269
image,cover_00115.png,lsb_matching,0.1,61.088148199721275
image,cover_00115.png,lsb_matching,0.2,58.12987595465506
image,cover_00115.png,lsb_matching,0.4,55.14782559520047
image,cover_00115.png,dct_qim,0.1,48.44273176071864
image,cover_00115.png,dct_qim,0.2,48.432490638920314
image,cover_00115.png,dct_qim,0.4,48.49120558693653
image,cover_00116.png,lsb,0.1,61.08291415893224
image,cover_00116.png,lsb,0.2,58.101479802822844
image,cover_00116.png,lsb,0.4,55.12886146695663
image,cover_00116.png,lsb_matching,0.1,61.179442709224716
image,cover_00116.png,lsb_matching,0.2,58.0654276804556
image,cover_00116.png,lsb_matching,0.4,55.123221493517896
image,cover_00116.png,dct_qim,0.1,48.476685482486886
image,cover_00116.png,dct_qim,0.2,48.46435998112133
image,cover_00116.png,dct_qim,0.4,48.57539467244382
image,cover_00117.png,lsb,0.1,61.01930390620271
image,cover_00117.png,lsb,0.2,58.14048954128845
image,cover_00117.png,lsb,0.4,55.106345386658326
image,cover_00117.png,lsb_matching,0.1,61.183455903552215
image,cover_00117.png,lsb_matching,0.2,58.17918270038459
image,cover_00117.png,lsb_matching,0.4,55.093484232345354
image,cover_00117.png,dct_qim,0.1,48.53513220309829
image,cover_00117.png,dct_qim,0.2,48.5643968996954
image,cover_00117.png,dct_qim,0.4,48.61966639735503
image,cover_00118.png,lsb,0.1,61.05553845934237
image,cover_00118.png,lsb,0.2,58.23448181322518
image,cover_00118.png,lsb,0.4,55.104034168013044
image,cover_00118.png,lsb_matching,0.1,61.178105801466266
image,cover_00118.png,lsb_matching,0.2,58.14647110216535
image,cover_00118.png,lsb_matching,0.4,55.127865645157094
image,cover_00118.png,dct_qim,0.1,48.516914243056874
image,cover_00118.png,dct_qim,0.2,48.55883530683723
image,cover_00118.png,dct_qim,0.4,48.52285752628015
image,cover_00119.png,lsb,0.1,61.1302491759581
image,cover_00119.png,lsb,0.2,58.13916142359644
image,cover_00119.png,lsb,0.4,55.11791996565237
image,cover_00119.png,lsb_matching,0.1,61.16475931026465
image,cover_00119.png,lsb_matching,0.2,58.09753226900853
image,cover_00119.png,lsb_matching,0.4,55.10931876195011
image,cover_00119.png,dct_qim,0.1,48.46042605684159
image,cover_00119.png,dct_qim,0.2,48.53724200035653
image,cover_00119.png,dct_qim,0.4,48.54044503059001
image,cover_00120.png,lsb,0.1,61.16076334787353
image,cover_00120.png,lsb,0.2,58.13650640604835
image,cover_00120.png,lsb,0.4,55.11924474102115
image,cover_00120.png,lsb_matching,0.1,61.1368644777993
image,cover_00120.png,lsb_matching,0.2,58.093588320059695
image,cover_00120.png,lsb_matching,0.4,55.120238587812715
image,cover_00120.png,dct_qim,0.1,48.53113367651248
image,cover_00120.png,dct_qim,0.2,48.50526872229491
image,cover_00120.png,dct_qim,0.4,48.49351026243893
image,cover_00121.png,lsb,0.1,60.98720512875089
image,cover_00121.png,lsb,0.2,58.092274465921996
image,cover_00121.png,lsb,0.4,55.170558327244485
image,cover_00121.png,lsb_matching,0.1,61.06334249525908
image,cover_00121.png,lsb_matching,0.2,58.15712537262755
image,cover_00121.png,lsb_matching,0.4,55.118913509291666
image,cover_00121.png,dct_qim,0.1,48.48602453439472
image,cover_00121.png,dct_qim,0.2,48.34702937893531
image,cover_00121.png,dct_qim,0.4,48.474533165652744
image,cover_00122.png,lsb,0.1,61.10914767161297
image,cover_00122.png,lsb,0.2,58.12987595465506
image,cover_00122.png,lsb,0.4,55.07869161184033
image,cover_00122.png,lsb_matching,0.1,61.15012538831323
image,cover_00122.png,lsb_matching,0.2,58.08308859945668
image,cover_00122.png,lsb_matching,0.4,55.13716887378793
image,cover_00122.png,dct_qim,0.1,48.61492252037641
image,cover_00122.png,dct_qim,0.2,48.53360505844714
image,cover_00122.png,dct_qim,0.4,48.55466878115415
image,cover_00123.png,lsb,0.1,61.23596773473483
image,cover_00123.png,lsb,0.2,58.08308859945668
image,cover_00123.png,lsb,0.4,55.088547758333355
image,cover_00123.png,lsb_matching,0.1,61.15411157016172
image,cover_00123.png,lsb_matching,0.2,58.11730591746004
image,cover_00123.png,lsb_matching,0.4,55.09183811747175
image,cover_00123.png,dct_qim,0.1,48.40092397741093
image,cover_00123.png,dct_qim,0.2,48.404874931446926
image,cover_00123.png,dct_qim,0.4,48.39366641609544
image,cover_00124.png,lsb,0.1,61.13951342257129
image,cover_00124.png,lsb,0.2,58.12127147380225
image,cover_00124.png,lsb,0.4,55.12720189078945
image,cover_00124.png,lsb_matching,0.1,61.10914767161297
image,cover_00124.png,lsb_matching,0.2,58.159125961447124
image,cover_00124.png,lsb_matching,0.4,55.147158783465855
image,cover_00124.png,dct_qim,0.1,48.54386906066823
image,cover_00124.png,dct_qim,0.2,48.59887627436117
image,cover_00124.png,dct_qim,0.4,48.54795228365908
image,cover_00125.png,lsb,0.1,61.22919985925107
image,cover_00125.png,lsb,0.2,58.13650640604835
image,cover_00125.png,lsb,0.4,55.14949307259436
image,cover_00125.png,lsb_matching,0.1,61.143489871638074
image,cover_00125.png,lsb_matching,0.2,58.11334397877654
image,cover_00125.png,lsb_matching,0.4,55.12554294855643
image,cover_00125.png,dct_qim,0.1,48.52742923852986
image,cover_00125.png,dct_qim,0.2,48.57275266594963
image,cover_00125.png,dct_qim,0.4,48.56461658244143
image,cover_00126.png,lsb,0.1,61.15411157016172
image,cover_00126.png,lsb,0.2,58.0719603905006
image,cover_00126.png,lsb,0.4,55.12288995835845
image,cover_00126.png,lsb_matching,0.1,61.15411157016172
image,cover_00126.png,lsb_matching,0.2,58.15445935362484
image,cover_00126.png,lsb_matching,0.4,55.117588834942815
image,cover_00126.png,dct_qim,0.1,48.57590858262578
image,cover_00126.png,dct_qim,0.2,48.50707498623058
image,cover_00126.png,dct_qim,0.4,48.51517628302406
image,cover_00127.png,lsb,0.1,61.15810141409786
image,cover_00127.png,lsb,0.2,58.18857430544493
image,cover_00127.png,lsb,0.4,55.118251121611124
image,cover_00127.png,lsb_matching,0.1,61.11836696657874
image,cover_00127.png,lsb_matching,0.2,58.17717285315132
image,cover_00127.png,lsb_matching,0.4,55.10568491295634
image,cover_00127.png,dct_qim,0.1,48.41965227794972
image,cover_00127.png,dct_qim,0.2,48.47395939459924
image,cover_00127.png,dct_qim,0.4,48.474533165652744
image,cover_00128.png,lsb,0.1,61.170092985873985
image,cover_00128.png,lsb,0.2,58.16513326331501
image,cover_00128.png,lsb,0.4,55.12587468631155
image,cover_00128.png,lsb_matching,0.1,61.19551778551374
image,cover_00128.png,lsb_matching,0.2,58.138497517026465
image,cover_00128.png,lsb_matching,0.4,55.08986360285759
image,cover_00128.png,dct_qim,0.1,48.41597091607651
image,cover_00128.png,dct_qim,0.2,48.44843172520655
image,cover_00128.png,dct_qim,0.4,48.40755798446961
image,cover_00129.png,lsb,0.1,61.16475931026465
image,cover_00129.png,lsb,0.2,58.076539141392864
image,cover_00129.png,lsb,0.4,55.074099720508045
image,cover_00129.png,lsb_matching,0.1,61.199545868800534
image,cover_00129.png,lsb_matching,0.2,58.081777917443105
image,cover_00129.png,lsb_matching,0.4,55.156169391847726
image,cover_00129.png,dct_qim,0.1,48.54437925364429
image,cover_00129.png,dct_qim,0.2,48.50837596158883
image,cover_00129.png,dct_qim,0.4,48.55116322566644
image,cover_00130.png,lsb,0.1,61.10126096577906
image,cover_00130.png,lsb,0.2,58.070653062128585
image,cover_00130.png,lsb,0.4,55.16486397897401
image,cover_00130.png,lsb_matching,0.1,61.12760587409985
image,cover_00130.png,lsb_matching,0.2,58.16312990594004
image,cover_00130.png,lsb_matching,0.4,55.12156407075266
image,cover_00130.png,dct_qim,0.1,48.06268686982235
image,cover_00130.png,dct_qim,0.2,48.12927971025639
image,cover_00130.png,dct_qim,0.4,48.029931354365694
image,cover_00131.png,lsb,0.1,61.19820275921227
image,cover_00131.png,lsb,0.2,58.07392212123592
image,cover_00131.png,lsb,0.4,55.120238587812715
image,cover_00131.png,lsb_matching,0.1,61.17409754569579
image,cover_00131.png,lsb_matching,0.2,58.0654276804556
image,cover_00131.png,lsb_matching,0.4,55.1414950135769
image,cover_00131.png,dct_qim,0.1,48.53673264510067
image,cover_00131.png,dct_qim,0.2,48.56791315781636
image,cover_00131.png,dct_qim,0.4,48.48013140962549
image,cover_00132.png,lsb,0.1,61.19015281284997
image,cover_00132.png,lsb,0.2,58.1993324959756
image,cover_00132.png,lsb,0.4,55.088218859486666
image,cover_00132.png,lsb_matching,0.1,61.200889393890606
image,cover_00132.png,lsb_matching,0.2,58.11070469287396
image,cover_00132.png,lsb_matching,0.4,55.110640915798214
image,cover_00132.png,dct_qim,0.1,48.5377514153583
image,cover_00132.png,dct_qim,0.2,48.604489414257664
image,cover_00132.png,dct_qim,0.4,48.557153596095254
image,cover_00133.png,lsb,0.1,61.08553039083005
image,cover_00133.png,lsb,0.2,58.19327773496525
image,cover_00133.png,lsb,0.4,55.07606707946311
image,cover_00133.png,lsb_matching,0.1,61.19417592089036
image,cover_00133.png,lsb_matching,0.2,58.051090214549966
image,cover_00133.png,lsb_matching,0.4,55.088218859486666
image,cover_00133.png,dct_qim,0.1,48.47510701252041
image,cover_00133.png,dct_qim,0.2,48.52786489079502
image,cover_00133.png,dct_qim,0.4,48.410313368818585
image,cover_00134.png,lsb,0.1,61.159432177037345
image,cover_00134.png,lsb,0.2,58.103454916092254
image,cover_00134.png,lsb,0.4,55.10238405027632
image,cover_00134.png,lsb_matching,0.1,61.18078002865608
image,cover_00134.png,lsb_matching,0.2,58.14580607730853
image,cover_00134.png,lsb_matching,0.4,55.09908569451739
image,cover_00134.png,dct_qim,0.1,48.50852053846621
image,cover_00134.png,dct_qim,0.2,48.52082719790876
image,cover_00134.png,dct_qim,0.4,48.5290994762556
image,cover_00135.png,lsb,0.1,61.143489871638074
image,cover_00135.png,lsb,0.2,58.16580125452129
image,cover_00135.png,lsb,0.4,55.127865645157094
image,cover_00135.png,lsb_matching,0.1,61.16742532926736
image,cover_00135.png,lsb_matching,0.2,58.15112912969121
image,cover_00135.png,lsb_matching,0.4,55.139497798173096
image,cover_00135.png,dct_qim,0.1,48.49689747345827
image,cover_00135.png,dct_qim,0.2,48.476470202797195
image,cover_00135.png,dct_qim,0.4,48.50664141436808
image,cover_00136.png,lsb,0.1,61.22244251415196
image,cover_00136.png,lsb,0.2,58.16446537483711
image,cover_00136.png,lsb,0.4,55.11791996565237
image,cover_00136.png,lsb_matching,0.1,61.088148199721275
image,cover_00136.png,lsb_matching,0.2,58.17851264795418
image,cover_00136.png,lsb_matching,0.4,55.088547758333355
image,cover_00136.png,dct_qim,0.1,48.57341301690876
image,cover_00136.png,dct_qim,0.2,48.51293244684962
image,cover_00136.png,dct_qim,0.4,48.566814021299784
image,cover_00137.png,lsb,0.1,61.175433219954826
image,cover_00137.png,lsb,0.2,58.17918270038459
image,cover_00137.png,lsb,0.4,55.11196347228169
image,cover_00137.png,lsb_matching,0.1,61.18078002865608
image,cover_00137.png,lsb_matching,0.2,58.10279644519128
image,cover_00137.png,lsb_matching,0.4,55.11791996565237
image,cover_00137.png,dct_qim,0.1,48.48602453439472
image,cover_00137.png,dct_qim,0.2,48.46414531152526
image,cover_00137.png,dct_qim,0.4,48.446863489062814
image,cover_00138.png,lsb,0.1,61.12496418008955
image,cover_00138.png,lsb,0.2,58.12921346593148
image,cover_00138.png,lsb,0.4,55.12421625087724
image,cover_00138.png,lsb_matching,0.1,61.03221014101766
image,cover_00138.png,lsb_matching,0.2,58.187231403511205
image,cover_00138.png,lsb_matching,0.4,55.13816683131651
image,cover_00138.png,dct_qim,0.1,48.51163010603615
image,cover_00138.png,dct_qim,0.2,48.473815963679485
image,cover_00138.png,dct_qim,0.4,48.47360082618128
image,cover_00139.png,lsb,0.1,61.078992763795355
image,cover_00139.png,lsb,0.2,58.14913222039753
image,cover_00139.png,lsb,0.4,55.15750588818664
image,cover_00139.png,lsb_matching,0.1,61.10651717800195
image,cover_00139.png,lsb_matching,0.2,58.125240654415805
image,cover_00139.png,lsb_matching,0.4,55.146158757790246
image,cover_00139.png,dct_qim,0.1,48.62048227331718
image,cover_00139.png,dct_qim,0.2,48.575541497719165
image,cover_00139.png,dct_qim,0.4,48.5615420347647
image,cover_00140.png,lsb,0.1,61.06204084836817
image,cover_00140.png,lsb,0.2,58.14846678795632
image,cover_00140.png,lsb,0.4,55.12886146695663
image,cover_00140.png,lsb_matching,0.1,61.1302491759581
image,cover_00140.png,lsb_matching,0.2,58.06608050944128
image,cover_00140.png,lsb_matching,0.4,55.126870051643614
image,cover_00140.png,dct_qim,0.1,49.93423583440558
image,cover_00140.png,dct_qim,0.2,49.864433359230496
image,cover_00140.png,dct_qim,0.4,49.88324215787606
image,cover_00141.png,lsb,0.1,61.123643935416354
image,cover_00141.png,lsb,0.2,58.13451620751705
image,cover_00141.png,lsb,0.4,55.10205410195183
image,cover_00141.png,lsb_matching,0.1,61.114413443484565
image,cover_00141.png,lsb_matching,0.2,58.103454916092254
image,cover_00141.png,lsb_matching,0.4,55.09216729053585
image,cover_00141.png,dct_qim,0.1,48.54263027005396
image,cover_00141.png,dct_qim,0.2,48.434195816373375
image,cover_00141.png,dct_qim,0.4,48.475896175790574
image,cover_00142.png,lsb,0.1,61.1514537091124
image,cover_00142.png,lsb,0.2,58.14713622887146
image,cover_00142.png,lsb,0.4,55.14515896233196
image,cover_00142.png,lsb_matching,0.1,61.078992763795355
image,cover_00142.png,lsb_matching,0.2,58.14846678795632
image,cover_00142.png,lsb_matching,0.4,55.09315495945244
image,cover_00142.png,dct_qim,0.1,48.58318326030633
image,cover_00142.png,dct_qim,0.2,48.52104468769617
image,cover_00142.png,dct_qim,0.4,48.5615420347647
image,cover_00143.png,lsb,0.1,61.067249778310796
image,cover_00143.png,lsb,0.2,58.12325561066111
image,cover_00143.png,lsb,0.4,55.107005960820224
image,cover_00143.png,lsb_matching,0.1,61.06204084836817
image,cover_00143.png,lsb_matching,0.2,58.12987595465506
image,cover_00143.png,lsb_matching,0.4,55.14782559520047
image,cover_00143.png,dct_qim,0.1,48.594671175300974
image,cover_00143.png,dct_qim,0.2,48.5347685485183
image,cover_00143.png,dct_qim,0.4,48.508954297978406
image,cover_00144.png,lsb,0.1,61.03221014101766
image,cover_00144.png,lsb,0.2,58.125902537343094
image,cover_00144.png,lsb,0.4,55.11394806248485
image,cover_00144.png,lsb_matching,0.1,61.01415213238503
image,cover_00144.png,lsb_matching,0.2,58.15179497021671
image,cover_00144.png,lsb_matching,0.4,55.1315181086171
image,cover_00144.png,dct_qim,0.1,48.582447890867904
image,cover_00144.png,dct_qim,0.2,48.55518024449472
image,cover_00144.png,dct_qim,0.4,48.55598409431923
image,cover_00145.png,lsb,0.1,61.143489871638074
image,cover_00145.png,lsb,0.2,58.08964794947119
image,cover_00145.png,lsb,0.4,55.16285599027259
image,cover_00145.png,lsb_matching,0.1,61.11704872561581
image,cover_00145.png,lsb_matching,0.2,58.14181806525691
image,cover_00145.png,lsb_matching,0.4,55.10271402367002
image,cover_00145.png,dct_qim,0.1,48.36867502157494
image,cover_00145.png,dct_qim,0.2,48.32874970679782
image,cover_00145.png,dct_qim,0.4,48.45749581165164
image,cover_00146.png,lsb,0.1,61.09469963378767
image,cover_00146.png,lsb,0.2,58.05499574072957
image,cover_00146.png,lsb,0.4,55.12288995835845
image,cover_00146.png,lsb_matching,0.1,61.089457696133735
image,cover_00146.png,lsb_matching,0.2,58.15445935362484
image,cover_00146.png,lsb_matching,0.4,55.134841197629974
image,cover_00146.png,dct_qim,0.1,48.58038951862136
image,cover_00146.png,dct_qim,0.2,48.575468084461015
image,cover_00146.png,dct_qim,0.4,48.48832646137305
image,cover_00147.png,lsb,0.1,61.1025744225618
image,cover_00147.png,lsb,0.2,58.15712537262755
image,cover_00147.png,lsb,0.4,55.1338440039126
image,cover_00147.png,lsb_matching,0.1,61.01801538970638
image,cover_00147.png,lsb_matching,0.2,58.10082163129486
image,cover_00147.png,lsb_matching,0.4,55.09315495945244
image,cover_00147.png,dct_qim,0.1,48.55781157926874
image,cover_00147.png,dct_qim,0.2,48.5536460351408
image,cover_00147.png,dct_qim,0.4,48.54663940040936
image,cover_00148.png,lsb,0.1,61.143489871638074
image,cover_00148.png,lsb,0.2,58.14447633301797
image,cover_00148.png,lsb,0.4,55.1103103395987
image,cover_00148.png,lsb_matching,0.1,61.07507490622787
image,cover_00148.png,lsb_matching,0.2,58.12259413098288
image,cover_00148.png,lsb_matching,0.4,55.14482574832029
image,cover_00148.png,dct_qim,0.1,48.622114485202715
image,cover_00148.png,dct_qim,0.2,48.706181357242706
image,cover_00148.png,dct_qim,0.4,48.684070592252596
image,cover_00149.png,lsb,0.1,61.18479445952491
image,cover_00149.png,lsb,0.2,58.13120123535471
image,cover_00149.png,lsb,0.4,55.13983060363086
image,cover_00149.png,lsb_matching,0.1,61.1968600648689
image,cover_00149.png,lsb_matching,0.2,58.18656010822909
image,cover_00149.png,lsb_matching,0.4,55.152829949300234
image,cover_00149.png,dct_qim,0.1,48.45885348434686
image,cover_00149.png,dct_qim,0.2,48.45778160221317
image,cover_00149.png,dct_qim,0.4,48.5751010367838
image,cover_00150.png,lsb,0.1,61.132894087622695
image,cover_00150.png,lsb,0.2,58.11862736728585
image,cover_00150.png,lsb,0.4,55.11560258070329
image,cover_00150.png,lsb_matching,0.1,61.054239148990405
image,cover_00150.png,lsb_matching,0.2,58.15645871443006
image,cover_00150.png,lsb_matching,0.4,55.085917264722326
image,cover_00150.png,dct_qim,0.1,48.50953271139349
image,cover_00150.png,dct_qim,0.2,48.4795568985283
image,cover_00150.png,dct_qim,0.4,48.50693045746691
image,cover_00151.png,lsb,0.1,61.18747280979113
image,cover_00151.png,lsb,0.2,58.11400405094424
image,cover_00151.png,lsb,0.4,55.13218252303269
image,cover_00151.png,lsb_matching,0.1,61.09601110739541
image,cover_00151.png,lsb_matching,0.2,58.09424539621179
image,cover_00151.png,lsb_matching,0.4,55.12056992062379
image,cover_00151.png,dct_qim,0.1,49.656615763517394
image,cover_00151.png,dct_qim,0.2,49.67388208074295
image,cover_00151.png,dct_qim,0.4,49.6289258003302
image,cover_00152.png,lsb,0.1,61.107832225648345
image,cover_00152.png,lsb,0.2,58.14713622887146
image,cover_00152.png,lsb,0.4,55.126206449408535
image,cover_00152.png,lsb_matching,0.1,61.31801573204341
image,cover_00152.png,lsb_matching,0.2,58.15845899610464
image,cover_00152.png,lsb_matching,0.4,55.117588834942815
image,cover_00152.png,dct_qim,0.1,48.45399640269698
image,cover_00152.png,dct_qim,0.2,48.49048562658558
image,cover_00152.png,dct_qim,0.4,48.48739115638136
image,cover_00153.png,lsb,0.1,61.12760587409985
image,cover_00153.png,lsb,0.2,58.10279644519128
image,cover_00153.png,lsb,0.4,55.121895504707034
image,cover_00153.png,lsb_matching,0.1,61.178105801466266
image,cover_00153.png,lsb_matching,0.2,58.1765031107151
image,cover_00153.png,lsb_matching,0.4,55.10337404568026
image,cover_00153.png,dct_qim,0.1,48.548171136125546
image,cover_00153.png,dct_qim,0.2,48.57943417731462
image,cover_00153.png,dct_qim,0.4,48.54233884125491
image,cover_00154.png,lsb,0.1,61.1634269142367
image,cover_00154.png,lsb,0.2,58.13517950569613
image,cover_00154.png,lsb,0.4,55.106345386658326
image,cover_00154.png,lsb_matching,0.1,61.175433219954826
image,cover_00154.png,lsb_matching,0.2,58.18588891669402
image,cover_00154.png,lsb_matching,0.4,55.07770722632313
image,cover_00154.png,dct_qim,0.1,48.30654253812045
image,cover_00154.png,dct_qim,0.2,48.229936961265665
image,cover_00154.png,dct_qim,0.4,48.23407461761108
image,cover_00155.png,lsb,0.1,61.18078002865608
image,cover_00155.png,lsb,0.2,58.047188197379086
image,cover_00155.png,lsb,0.4,55.150493866427354
image,cover_00155.png,lsb_matching,0.1,61.18747280979113
image,cover_00155.png,lsb_matching,0.2,58.114664223449736
image,cover_00155.png,lsb_matching,0.4,55.09480157362156
image,cover_00155.png,dct_qim,0.1,47.95635844432077
image,cover_00155.png,dct_qim,0.2,47.92540342950701
image,cover_00155.png,dct_qim,0.4,47.85039626344455
image,cover_00156.png,lsb,0.1,61.131571430442065
image,cover_00156.png,lsb,0.2,58.06673343657459
image,cover_00156.png,lsb,0.4,55.10238405027632
image,cover_00156.png,lsb_matching,0.1,61.123643935416354
image,cover_00156.png,lsb_matching,0.2,58.08964794947119
image,cover_00156.png,lsb_matching,0.4,55.12753375529265
image,cover_00156.png,dct_qim,0.1,48.45921083718864
image,cover_00156.png,dct_qim,0.2,48.50570215713142
image,cover_00156.png,dct_qim,0.4,48.488182555185986
image,cover_00157.png,lsb,0.1,61.123643935416354
image,cover_00157.png,lsb,0.2,58.15979302923417
image,cover_00157.png,lsb,0.4,55.09315495945244
image,cover_00157.png,lsb_matching,0.1,61.09207787408292
image,cover_00157.png,lsb_matching,0.2,58.160460199497265
image,cover_00157.png,lsb_matching,0.4,55.093484232345354
image,cover_00157.png,dct_qim,0.1,49.51406253481172
image,cover_00157.png,dct_qim,0.2,49.43952891545437
image,cover_00157.png,dct_qim,0.4,49.5205371253956
image,cover_00158.png,lsb,0.1,61.144816164156865
image,cover_00158.png,lsb,0.2,58.09753226900853
image,cover_00158.png,lsb,0.4,55.120238587812715
image,cover_00158.png,lsb_matching,0.1,61.06464453239042
image,cover_00158.png,lsb_matching,0.2,58.163797589055974
image,cover_00158.png,lsb_matching,0.4,55.09743745554393
image,cover_00158.png,dct_qim,0.1,48.69085032431899
image,cover_00158.png,dct_qim,0.2,48.73944565960086
image,cover_00158.png,dct_qim,0.4,48.66881727764173
image,cover_00159.png,lsb,0.1,61.29598425895419
image,cover_00159.png,lsb,0.2,58.08964794947119
image,cover_00159.png,lsb,0.4,55.09710788280092
image,cover_00159.png,lsb_matching,0.1,61.07507490622787
image,cover_00159.png,lsb_matching,0.2,58.132526920596696
image,cover_00159.png,lsb_matching,0.4,55.07836345854243
image,cover_00159.png,dct_qim,0.1,50.02071538756406
image,cover_00159.png,dct_qim,0.2,49.92250721477298
image,cover_00159.png,dct_qim,0.4,49.9628377588226
image,cover_00160.png,lsb,0.1,61.14746996492324
image,cover_00160.png,lsb,0.2,58.14913222039753
image,cover_00160.png,lsb,0.4,55.1698880162663
image,cover_00160.png,lsb_matching,0.1,61.05294022724631
image,cover_00160.png,lsb_matching,0.2,58.11070469287396
image,cover_00160.png,lsb_matching,0.4,55.07508328858359
image,cover_00160.png,dct_qim,0.1,48.55408432536899
image,cover_00160.png,dct_qim,0.2,48.62144668801239
image,cover_00160.png,dct_qim,0.4,48.591059517274665
image,cover_00161.png,lsb,0.1,61.07376973872923
image,cover_00161.png,lsb,0.2,58.053042538619266
image,cover_00161.png,lsb,0.4,55.118582302822944
image,cover_00161.png,lsb_matching,0.1,61.144816164156865
image,cover_00161.png,lsb_matching,0.2,58.13982543167342
image,cover_00161.png,lsb_matching,0.4,55.09941541739035
image,cover_00161.png,dct_qim,0.1,49.851512468710155
image,cover_00161.png,dct_qim,0.2,49.91780462117451
image,cover_00161.png,dct_qim,0.4,49.9083148986355
image,cover_00162.png,lsb,0.1,61.179442709224716
image,cover_00162.png,lsb,0.2,58.17382517332855
image,cover_00162.png,lsb,0.4,55.14482574832029
image,cover_00162.png,lsb_matching,0.1,61.14746996492324
image,cover_00162.png,lsb_matching,0.2,58.1054309280255
image,cover_00162.png,lsb_matching,0.4,55.13118593952298
image,cover_00162.png,dct_qim,0.1,48.44337263338429
image,cover_00162.png,dct_qim,0.2,48.50953271139349
image,cover_00162.png,dct_qim,0.4,48.48703147732041
image,cover_00163.png,lsb,0.1,61.0425628153337
image,cover_00163.png,lsb,0.2,58.2087678236264
image,cover_00163.png,lsb,0.4,55.09710788280092
image,cover_00163.png,lsb_matching,0.1,61.00129937124623
image,cover_00163.png,lsb_matching,0.2,58.09818994218599
image,cover_00163.png,lsb_matching,0.4,55.14949307259436
image,cover_00163.png,dct_qim,0.1,48.329651459452776
image,cover_00163.png,dct_qim,0.2,48.41116153120762
image,cover_00163.png,dct_qim,0.4,48.34786527060594
image,cover_00164.png,lsb,0.1,61.162094926856525
image,cover_00164.png,lsb,0.2,58.07392212123592
image,cover_00164.png,lsb,0.4,55.09875599667559
image,cover_00164.png,lsb_matching,0.1,61.186133428186366
image,cover_00164.png,lsb_matching,0.2,58.17248682360486
image,cover_00164.png,lsb_matching,0.4,55.1103103395987
image,cover_00164.png,dct_qim,0.1,48.507219519804174
image,cover_00164.png,dct_qim,0.2,48.46965852625392
image,cover_00164.png,dct_qim,0.4,48.499205172264
image,cover_00165.png,lsb,0.1,61.13818874822244
image,cover_00165.png,lsb,0.2,58.11202413533255
image,cover_00165.png,lsb,0.4,55.05284359485272
image,cover_00165.png,lsb_matching,0.1,61.10914767161297
image,cover_00165.png,lsb_matching,0.2,58.14514115426979
image,cover_00165.png,lsb_matching,0.4,55.13883226375772
image,cover_00165.png,dct_qim,0.1,48.533895901744074
image,cover_00165.png,dct_qim,0.2,48.603972111092325
image,cover_00165.png,dct_qim,0.4,48.53833367710799
image,cover_00166.png,lsb,0.1,61.107832225648345
image,cover_00166.png,lsb,0.2,58.085055364447214
image,cover_00166.png,lsb,0.4,55.12985751714693
image,cover_00166.png,lsb_matching,0.1,61.20626765441577
image,cover_00166.png,lsb_matching,0.2,58.1054309280255
image,cover_00166.png,lsb_matching,0.4,55.1411620805537
image,cover_00166.png,dct_qim,0.1,48.54401482397419
image,cover_00166.png,dct_qim,0.2,48.506352390505135
image,cover_00166.png,dct_qim,0.4,48.454853140129124
image,cover_00167.png,lsb,0.1,61.18881260459399
image,cover_00167.png,lsb,0.2,58.16580125452129
image,cover_00167.png,lsb,0.4,55.14949307259436
image,cover_00167.png,lsb_matching,0.1,61.1634269142367
image,cover_00167.png,lsb_matching,0.2,58.229733571638064
image,cover_00167.png,lsb_matching,0.4,55.15349763241616
image,cover_00167.png,dct_qim,0.1,48.490845591841946
image,cover_00167.png,dct_qim,0.2,48.43952881519218
image,cover_00167.png,dct_qim,0.4,48.559420402383026
image,cover_00168.png,lsb,0.1,61.14746996492324
image,cover_00168.png,lsb,0.2,58.1524609128415
image,cover_00168.png,lsb,0.4,55.09546039413542
image,cover_00168.png,lsb_matching,0.1,61.16076334787353
image,cover_00168.png,lsb_matching,0.2,58.12325561066111
image,cover_00168.png,lsb_matching,0.4,55.10931876195011
image,cover_00168.png,dct_qim,0.1,48.44607958329845
image,cover_00168.png,dct_qim,0.2,48.43014711256484
image,cover_00168.png,dct_qim,0.4,48.50750860138243
image,cover_00169.png,lsb,0.1,61.162094926856525
image,cover_00169.png,lsb,0.2,58.11730591746004
image,cover_00169.png,lsb,0.4,55.12288995835845
image,cover_00169.png,lsb_matching,0.1,61.199545868800534
image,cover_00169.png,lsb_matching,0.2,58.115984869596154
image,cover_00169.png,lsb_matching,0.4,55.10865783593771
image,cover_00169.png,dct_qim,0.1,48.4057220322888
image,cover_00169.png,dct_qim,0.2,48.51430756374947
image,cover_00169.png,dct_qim,0.4,48.40812304901441
image,cover_00170.png,lsb,0.1,61.20357769160506
image,cover_00170.png,lsb,0.2,58.132526920596696
image,cover_00170.png,lsb,0.4,55.1338440039126
image,cover_00170.png,lsb_matching,0.1,61.134217147745346
image,cover_00170.png,lsb_matching,0.2,58.181193478174514
image,cover_00170.png,lsb_matching,0.4,55.068202985292515
image,cover_00170.png,dct_qim,0.1,48.53855204539164
image,cover_00170.png,dct_qim,0.2,48.52002982852601
image,cover_00170.png,dct_qim,0.4,48.52184224344704
image,cover_00171.png,lsb,0.1,61.13554061105562
image,cover_00171.png,lsb,0.2,58.18387596425055
image,cover_00171.png,lsb,0.4,55.15650347737572
image,cover_00171.png,lsb_matching,0.1,61.17276228209756
image,cover_00171.png,lsb_matching,0.2,58.150463391233714
image,cover_00171.png,lsb_matching,0.4,55.167207806464944
image,cover_00171.png,dct_qim,0.1,48.008939514657825
image,cover_00171.png,dct_qim,0.2,48.05851371971418
image,cover_00171.png,dct_qim,0.4,48.11136436399531
image,cover_00172.png,lsb,0.1,61.13818874822244
image,cover_00172.png,lsb,0.2,58.13053854445252
image,cover_00172.png,lsb,0.4,55.129193458304805
image,cover_00172.png,lsb_matching,0.1,61.15810141409786
image,cover_00172.png,lsb_matching,0.2,58.182534514102734
image,cover_00172.png,lsb_matching,0.4,55.16787770386239
image,cover_00172.png,dct_qim,0.1,48.245082322177105
image,cover_00172.png,dct_qim,0.2,48.17496309496023
image,cover_00172.png,dct_qim,0.4,48.24896204839425
image,cover_00173.png,lsb,0.1,61.20761326087704
image,cover_00173.png,lsb,0.2,58.08636703610292
image,cover_00173.png,lsb,0.4,55.08197450928218
image,cover_00173.png,lsb_matching,0.1,61.11309640183109
image,cover_00173.png,lsb_matching,0.2,58.13916142359644
image,cover_00173.png,lsb_matching,0.4,55.07049520881289
image,cover_00173.png,dct_qim,0.1,48.06320879565149
image,cover_00173.png,dct_qim,0.2,48.11136436399531
image,cover_00173.png,dct_qim,0.4,48.11044085247905
image,cover_00174.png,lsb,0.1,61.114413443484565
image,cover_00174.png,lsb,0.2,58.12127147380225
image,cover_00174.png,lsb,0.4,55.126870051643614
image,cover_00174.png,lsb_matching,0.1,61.11704872561581
image,cover_00174.png,lsb_matching,0.2,58.15845899610464
image,cover_00174.png,lsb_matching,0.4,55.120238587812715
image,cover_00174.png,dct_qim,0.1,48.51293244684962
image,cover_00174.png,dct_qim,0.2,48.52808273331674
image,cover_00174.png,dct_qim,0.4,48.53636885648929
image,cover_00175.png,lsb,0.1,61.1554411109096
image,cover_00175.png,lsb,0.2,58.11334397877654
image,cover_00175.png,lsb,0.4,55.07573912440771
image,cover_00175.png,lsb_matching,0.1,61.212999859792745
image,cover_00175.png,lsb_matching,0.2,58.17048007201627
image,cover_00175.png,lsb_matching,0.4,55.136171145525545
image,cover_00175.png,dct_qim,0.1,48.27388840539845
image,cover_00175.png,dct_qim,0.2,48.260690345372616
image,cover_00175.png,dct_qim,0.4,48.27094443045825
image,cover_00176.png,lsb,0.1,61.090767587508175
image,cover_00176.png,lsb,0.2,58.13982543167342
image,cover_00176.png,lsb,0.4,55.11924474102115
image,cover_00176.png,lsb_matching,0.1,61.10914767161297
image,cover_00176.png,lsb_matching,0.2,58.07130667712252
image,cover_00176.png,lsb_matching,0.4,55.121895504707034
image,cover_00176.png,dct_qim,0.1,48.55196633224287
image,cover_00176.png,dct_qim,0.2,48.55313475243967
image,cover_00176.png,dct_qim,0.4,48.56249344790513
image,cover_00177.png,lsb,0.1,61.199545868800534
image,cover_00177.png,lsb,0.2,58.13120123535471
image,cover_00177.png,lsb,0.4,55.150493866427354
image,cover_00177.png,lsb_matching,0.1,61.054239148990405
image,cover_00177.png,lsb_matching,0.2,58.07784824308146
image,cover_00177.png,lsb_matching,0.4,55.072133252365305
image,cover_00177.png,dct_qim,0.1,48.568719368094676
image,cover_00177.png,dct_qim,0.2,48.570625551174636
image,cover_00177.png,dct_qim,0.4,48.4860964511474
image,cover_00178.png,lsb,0.1,61.14083850109233
image,cover_00178.png,lsb,0.2,58.18186394437716
image,cover_00178.png,lsb,0.4,55.107666635472604
image,cover_00178.png,lsb_matching,0.1,61.22109230589639
image,cover_00178.png,lsb_matching,0.2,58.11268400691613
image,cover_00178.png,lsb_matching,0.4,55.107666635472604
image,cover_00178.png,dct_qim,0.1,48.5343322032131
image,cover_00178.png,dct_qim,0.2,48.53338693875585
image,cover_00178.png,dct_qim,0.4,48.53542314868821
image,cover_00179.png,lsb,0.1,61.11968560779702
image,cover_00179.png,lsb,0.2,58.15779213317526
image,cover_00179.png,lsb,0.4,55.134841197629974
image,cover_00179.png,lsb_matching,0.1,61.114413443484565
image,cover_00179.png,lsb_matching,0.2,58.09424539621179
image,cover_00179.png,lsb_matching,0.4,55.11494069777599
image,cover_00179.png,dct_qim,0.1,48.59843344056723
image,cover_00179.png,dct_qim,0.2,48.52968057911071
image,cover_00179.png,dct_qim,0.4,48.541901734720604
image,cover_00180.png,lsb,0.1,61.17676930512735
image,cover_00180.png,lsb,0.2,58.12921346593148
image,cover_00180.png,lsb,0.4,55.145492201911566
image,cover_00180.png,lsb_matching,0.1,61.12232409197236
image,cover_00180.png,lsb_matching,0.2,58.11004512193807
image,cover_00180.png,lsb_matching,0.4,55.08558856501969
image,cover_00180.png,dct_qim,0.1,48.54080916081845
image,cover_00180.png,dct_qim,0.2,48.487103410749576
image,cover_00180.png,dct_qim,0.4,48.561029821699
image,cover_00181.png,lsb,0.1,61.08553039083005
image,cover_00181.png,lsb,0.2,58.07457622844689
image,cover_00181.png,lsb,0.4,55.082631386666634
image,cover_00181.png,lsb_matching,0.1,61.22649565940091
image,cover_00181.png,lsb_matching,0.2,58.13451620751705
image,cover_00181.png,lsb_matching,0.4,55.124547887303585
image,cover_00181.png,dct_qim,0.1,48.24596686697116
image,cover_00181.png,dct_qim,0.2,48.273682947026664
image,cover_00181.png,dct_qim,0.4,48.269575819458495
image,cover_00182.png,lsb,0.1,61.11968560779702
image,cover_00182.png,lsb,0.2,58.09096100913925
image,cover_00182.png,lsb,0.4,55.17894595552091
image,cover_00182.png,lsb_matching,0.1,61.162094926856525
image,cover_00182.png,lsb_matching,0.2,58.119949219318286
image,cover_00182.png,lsb_matching,0.4,55.127865645157094
image,cover_00182.png,dct_qim,0.1,48.57737723260732
image,cover_00182.png,dct_qim,0.2,48.539862485719794
image,cover_00182.png,dct_qim,0.4,48.642047202949314
image,cover_00183.png,lsb,0.1,61.152782436312314
image,cover_00183.png,lsb,0.2,58.14979775481291
image,cover_00183.png,lsb,0.4,55.10667566117988
image,cover_00183.png,lsb_matching,0.1,61.08683909803268
image,cover_00183.png,lsb_matching,0.2,58.15112912969121
image,cover_00183.png,lsb_matching,0.4,55.12587468631155
image,cover_00183.png,dct_qim,0.1,48.17155022413627
image,cover_00183.png,dct_qim,0.2,48.018873769808394
image,cover_00183.png,dct_qim,0.4,48.159726317844566
image,cover_00184.png,lsb,0.1,61.16742532926736
image,cover_00184.png,lsb,0.2,58.14447633301797
image,cover_00184.png,lsb,0.4,55.15750588818664
image,cover_00184.png,lsb_matching,0.1,61.24003352827788
image,cover_00184.png,lsb_matching,0.2,58.147801457458044
image,cover_00184.png,lsb_matching,0.4,55.072133252365305
image,cover_00184.png,dct_qim,0.1,50.2214816367743
image,cover_00184.png,dct_qim,0.2,50.09215991737116
image,cover_00184.png,dct_qim,0.4,50.14736869624985
image,cover_00185.png,lsb,0.1,61.132894087622695
image,cover_00185.png,lsb,0.2,58.09884771497317
image,cover_00185.png,lsb,0.4,55.08131773123647
image,cover_00185.png,lsb_matching,0.1,61.22244251415196
image,cover_00185.png,lsb_matching,0.2,58.1765031107151
image,cover_00185.png,lsb_matching,0.4,55.09052167465505
image,cover_00185.png,dct_qim,0.1,49.956174011803206
image,cover_00185.png,dct_qim,0.2,50.02788923673832
image,cover_00185.png,dct_qim,0.4,50.00303639910071
image,cover_00186.png,lsb,0.1,61.15677105880516
image,cover_00186.png,lsb,0.2,58.06086062321308
image,cover_00186.png,lsb,0.4,55.103704094304426
image,cover_00186.png,lsb_matching,0.1,61.24410313171703
image,cover_00186.png,lsb_matching,0.2,58.10872628050096
image,cover_00186.png,lsb_matching,0.4,55.09381353020494
image,cover_00186.png,dct_qim,0.1,48.44280296412259
image,cover_00186.png,dct_qim,0.2,48.39775170621316
image,cover_00186.png,dct_qim,0.4,48.40628685799112
image,cover_00187.png,lsb,0.1,61.09207787408292
image,cover_00187.png,lsb,0.2,58.12325561066111
image,cover_00187.png,lsb,0.4,55.10271402367002
image,cover_00187.png,lsb_matching,0.1,61.030917790221324
image,cover_00187.png,lsb_matching,0.2,58.08243320900512
image,cover_00187.png,lsb_matching,0.4,55.14316006164354
image,cover_00187.png,dct_qim,0.1,48.416253986996395
image,cover_00187.png,dct_qim,0.2,48.49365434527416
image,cover_00187.png,dct_qim,0.4,48.447362411867005
image,cover_00188.png,lsb,0.1,61.131571430442065
image,cover_00188.png,lsb,0.2,58.17114888618853
image,cover_00188.png,lsb,0.4,55.12521123613931
image,cover_00188.png,lsb_matching,0.1,61.17409754569579
image,cover_00188.png,lsb_matching,0.2,58.16580125452129
image,cover_00188.png,lsb_matching,0.4,55.17022315882301
image,cover_00188.png,dct_qim,0.1,48.55196633224287
image,cover_00188.png,dct_qim,0.2,48.55474184365794
image,cover_00188.png,dct_qim,0.4,48.494518942682795
image,cover_00189.png,lsb,0.1,61.14083850109233
image,cover_00189.png,lsb,0.2,58.11664534329814
image,cover_00189.png,lsb,0.4,55.11791996565237
image,cover_00189.png,lsb_matching,0.1,61.18078002865608
image,cover_00189.png,lsb_matching,0.2,58.114664223449736
image,cover_00189.png,lsb_matching,0.4,55.120238587812715
image,cover_00189.png,dct_qim,0.1,48.452212075688045
image,cover_00189.png,dct_qim,0.2,48.512715362924766
image,cover_00189.png,dct_qim,0.4,48.5068581948887
image,cover_00190.png,lsb,0.1,61.13951342257129
image,cover_00190.png,lsb,0.2,58.11268400691613
image,cover_00190.png,lsb,0.4,55.11494069777599
image,cover_00190.png,lsb_matching,0.1,61.230552590867376
image,cover_00190.png,lsb_matching,0.2,58.096874695410634
image,cover_00190.png,lsb_matching,0.4,55.10667566117988
image,cover_00190.png,dct_qim,0.1,48.301645970335855
image,cover_00190.png,dct_qim,0.2,48.4655766426367
image,cover_00190.png,dct_qim,0.4,48.401135544568156
image,cover_00191.png,lsb,0.1,61.015439503024076
image,cover_00191.png,lsb,0.2,58.1054309280255
image,cover_00191.png,lsb,0.4,55.07377191397741
image,cover_00191.png,lsb_matching,0.1,61.132894087622695
image,cover_00191.png,lsb_matching,0.2,58.19126135568936
image,cover_00191.png,lsb_matching,0.4,55.086245989304786
image,cover_00191.png,dct_qim,0.1,48.48358007312025
image,cover_00191.png,dct_qim,0.2,48.489837764300646
image,cover_00191.png,dct_qim,0.4,48.51423517831976
image,cover_00192.png,lsb,0.1,61.23461331563169
image,cover_00192.png,lsb,0.2,58.07457622844689
image,cover_00192.png,lsb,0.4,55.16519873403789
image,cover_00192.png,lsb_matching,0.1,61.1025744225618
image,cover_00192.png,lsb_matching,0.2,58.13650640604835
image,cover_00192.png,lsb_matching,0.4,55.10568491295634
image,cover_00192.png,dct_qim,0.1,48.49725797057554
image,cover_00192.png,dct_qim,0.2,48.52176973232615
image,cover_00192.png,dct_qim,0.4,48.512136525502385
image,cover_00193.png,lsb,0.1,61.170092985873985
image,cover_00193.png,lsb,0.2,58.115984869596154
image,cover_00193.png,lsb,0.4,55.15216236881793
image,cover_00193.png,lsb_matching,0.1,61.09601110739541
image,cover_00193.png,lsb_matching,0.2,58.06151276599065
image,cover_00193.png,lsb_matching,0.4,55.11196347228169
image,cover_00193.png,dct_qim,0.1,49.925611714677814
image,cover_00193.png,dct_qim,0.2,49.8551579867686
image,cover_00193.png,dct_qim,0.4,49.975385244368894
image,cover_00194.png,lsb,0.1,61.20626765441577
image,cover_00194.png,lsb,0.2,58.101479802822844
image,cover_00194.png,lsb,0.4,55.13284703911065
image,cover_00194.png,lsb_matching,0.1,61.08683909803268
image,cover_00194.png,lsb_matching,0.2,58.11796659211242
image,cover_00194.png,lsb_matching,0.4,55.14582546706302
image,cover_00194.png,dct_qim,0.1,48.10714419925252
image,cover_00194.png,dct_qim,0.2,48.05323781930542
image,cover_00194.png,dct_qim,0.4,48.10661696688439
image,cover_00195.png,lsb,0.1,61.12100464951377
image,cover_00195.png,lsb,0.2,58.13120123535471
image,cover_00195.png,lsb,0.4,55.0852598901931
image,cover_00195.png,lsb_matching,0.1,61.146142861836054
image,cover_00195.png,lsb_matching,0.2,58.16513326331501
image,cover_00195.png,lsb_matching,0.4,55.146825415987735
image,cover_00195.png,dct_qim,0.1,48.45199800570308
image,cover_00195.png,dct_qim,0.2,48.61055384443029
image,cover_00195.png,dct_qim,0.4,48.462285286041855
image,cover_00196.png,lsb,0.1,61.17142742890769
image,cover_00196.png,lsb,0.2,58.16179484757754
image,cover_00196.png,lsb,0.4,55.18566774113614
image,cover_00196.png,lsb_matching,0.1,61.11968560779702
image,cover_00196.png,lsb_matching,0.2,58.12921346593148
image,cover_00196.png,lsb_matching,0.4,55.10832741064604
image,cover_00196.png,dct_qim,0.1,48.390991928876396
image,cover_00196.png,dct_qim,0.2,48.370425347978006
image,cover_00196.png,dct_qim,0.4,48.37764414231611
image,cover_00197.png,lsb,0.1,61.14879747366628
image,cover_00197.png,lsb,0.2,58.05564700335641
image,cover_00197.png,lsb,0.4,55.13052167754263
image,cover_00197.png,lsb_matching,0.1,61.0425628153337
image,cover_00197.png,lsb_matching,0.2,58.11928824301094
image,cover_00197.png,lsb_matching,0.4,55.1285295009852
image,cover_00197.png,dct_qim,0.1,47.97198297355117
image,cover_00197.png,dct_qim,0.2,48.06333928690998
image,cover_00197.png,dct_qim,0.4,48.077259098488746
image,cover_00198.png,lsb,0.1,61.123643935416354
image,cover_00198.png,lsb,0.2,58.07588473849567
image,cover_00198.png,lsb,0.4,55.121895504707034
image,cover_00198.png,lsb_matching,0.1,61.06985658800433
image,cover_00198.png,lsb_matching,0.2,58.15712537262755
image,cover_00198.png,lsb_matching,0.4,55.15249614623185
image,cover_00198.png,dct_qim,0.1,48.050049333795045
image,cover_00198.png,dct_qim,0.2,48.16106074037708
image,cover_00198.png,dct_qim,0.4,48.094442538444696
image,cover_00199.png,lsb,0.1,61.21569566671918
image,cover_00199.png,lsb,0.2,58.1939500694846
image,cover_00199.png,lsb,0.4,55.096448812336185
image,cover_00199.png,lsb_matching,0.1,61.107832225648345
image,cover_00199.png,lsb_matching,0.2,58.11400405094424
image,cover_00199.png,lsb_matching,0.4,55.13583862036792
image,cover_00199.png,dct_qim,0.1,48.52706622835562
image,cover_00199.png,dct_qim,0.2,48.5615420347647
image,cover_00199.png,dct_qim,0.4,48.518942742517126
image,cover_00200.png,lsb,0.1,61.11177975946265
image,cover_00200.png,lsb,0.2,58.0903044296809
image,cover_00200.png,lsb,0.4,55.06525761738103
image,cover_00200.png,lsb_matching,0.1,61.168758952744454
image,cover_00200.png,lsb_matching,0.2,58.04653820189497
image,cover_00200.png,lsb_matching,0.4,55.115933559998425
image,cover_00200.png,dct_qim,0.1,48.47704430568564
image,cover_00200.png,dct_qim,0.2,48.50418532441827
image,cover_00200.png,dct_qim,0.4,48.47123501681703
image,cover_00201.png,lsb,0.1,61.10651717800195
image,cover_00201.png,lsb,0.2,58.11136436399531
image,cover_00201.png,lsb,0.4,55.09677833506626
image,cover_00201.png,lsb_matching,0.1,61.14083850109233
image,cover_00201.png,lsb_matching,0.2,58.11136436399531
image,cover_00201.png,lsb_matching,0.4,55.08361688906919
image,cover_00201.png,dct_qim,0.1,48.58509580378735
image,cover_00201.png,dct_qim,0.2,48.545108204738526
image,cover_00201.png,dct_qim,0.4,48.54846295657075
image,cover_00202.png,lsb,0.1,61.11177975946265
image,cover_00202.png,lsb,0.2,58.14713622887146
image,cover_00202.png,lsb,0.4,55.07442755178346
image,cover_00202.png,lsb_matching,0.1,61.099947906111
image,cover_00202.png,lsb_matching,0.2,58.153126957596896
image,cover_00202.png,lsb_matching,0.4,55.07967622053202
image,cover_00202.png,dct_qim,0.1,49.996412559880675
image,cover_00202.png,dct_qim,0.2,50.111879031398985
image,cover_00202.png,dct_qim,0.4,49.996718053261745
image,cover_00203.png,lsb,0.1,61.114413443484565
image,cover_00203.png,lsb,0.2,58.14647110216535
image,cover_00203.png,lsb,0.4,55.13417637637816
image,cover_00203.png,lsb_matching,0.1,61.11573088466531
image,cover_00203.png,lsb_matching,0.2,58.218899902611255
image,cover_00203.png,lsb_matching,0.4,55.110640915798214
image,cover_00203.png,dct_qim,0.1,48.52242237600233
image,cover_00203.png,dct_qim,0.2,48.50035948166819
image,cover_00203.png,dct_qim,0.4,48.461784646029884
image,cover_00204.png,lsb,0.1,61.146142861836054
image,cover_00204.png,lsb,0.2,58.16112747226788
image,cover_00204.png,lsb,0.4,55.11229417434307
image,cover_00204.png,lsb_matching,0.1,61.08422207787573
image,cover_00204.png,lsb_matching,0.2,58.064774949588056
image,cover_00204.png,lsb_matching,0.4,55.104694390698874
image,cover_00204.png,dct_qim,0.1,48.4812088228189
image,cover_00204.png,dct_qim,0.2,48.52844582847024
image,cover_00204.png,dct_qim,0.4,48.60618955862792
image,cover_00205.png,lsb,0.1,61.114413443484565
image,cover_00205.png,lsb,0.2,58.09490257179284
image,cover_00205.png,lsb,0.4,55.103704094304426
image,cover_00205.png,lsb_matching,0.1,61.110463516137216
image,cover_00205.png,lsb_matching,0.2,58.212817819088414
image,cover_00205.png,lsb_matching,0.4,55.11692664925593
image,cover_00205.png,dct_qim,0.1,49.77430035796208
image,cover_00205.png,dct_qim,0.2,49.70100482897585
image,cover_00205.png,dct_qim,0.4,49.72877671318955
image,cover_00206.png,lsb,0.1,61.10651717800195
image,cover_00206.png,lsb,0.2,58.16580125452129
image,cover_00206.png,lsb,0.4,55.10040473623415
image,cover_00206.png,lsb_matching,0.1,61.1634269142367
image,cover_00206.png,lsb_matching,0.2,58.16312990594004
image,cover_00206.png,lsb_matching,0.4,55.14482574832029
image,cover_00206.png,dct_qim,0.1,48.32590694348988
image,cover_00206.png,dct_qim,0.2,48.33437137309631
image,cover_00206.png,dct_qim,0.4,48.41208056075807
image,cover_00207.png,lsb,0.1,61.18078002865608
image,cover_00207.png,lsb,0.2,58.12788879158263
image,cover_00207.png,lsb,0.4,55.150493866427354
image,cover_00207.png,lsb_matching,0.1,61.12628482623597
image,cover_00207.png,lsb_matching,0.2,58.131864027392474
image,cover_00207.png,lsb_matching,0.4,55.08887668209002
image,cover_00207.png,dct_qim,0.1,48.0719603905006
image,cover_00207.png,dct_qim,0.2,48.149531528807856
image,cover_00207.png,dct_qim,0.4,48.14673714062414
image,cover_00208.png,lsb,0.1,61.12760587409985
image,cover_00208.png,lsb,0.2,58.09096100913925
image,cover_00208.png,lsb,0.4,55.0747554078074
image,cover_00208.png,lsb_matching,0.1,61.08553039083005
image,cover_00208.png,lsb_matching,0.2,58.153126957596896
image,cover_00208.png,lsb_matching,0.4,55.12952547503361
image,cover_00208.png,dct_qim,0.1,48.35218660909087
image,cover_00208.png,dct_qim,0.2,48.363987622460584
image,cover_00208.png,dct_qim,0.4,48.39620166099848
image,cover_00209.png,lsb,0.1,61.07768641852486
image,cover_00209.png,lsb,0.2,58.09818994218599
image,cover_00209.png,lsb,0.4,55.11196347228169
image,cover_00209.png,lsb_matching,0.1,61.1302491759581
image,cover_00209.png,lsb_matching,0.2,58.062165006709606
image,cover_00209.png,lsb_matching,0.4,55.14449255987262
image,cover_00209.png,dct_qim,0.1,48.51286008433566
image,cover_00209.png,dct_qim,0.2,48.60286381175432
image,cover_00209.png,dct_qim,0.4,48.49740217780158
image,cover_00210.png,lsb,0.1,61.09338855609649
image,cover_00210.png,lsb,0.2,58.119949219318286
image,cover_00210.png,lsb,0.4,55.1438262596536
image,cover_00210.png,lsb_matching,0.1,61.12496418008955
image,cover_00210.png,lsb_matching,0.2,58.12987595465506
image,cover_00210.png,lsb_matching,0.4,55.09282571152241
image,cover_00210.png,dct_qim,0.1,48.572312487752114
image,cover_00210.png,dct_qim,0.2,48.57179900290267
image,cover_00210.png,dct_qim,0.4,48.49242979351458
image,cover_00211.png,lsb,0.1,61.05683815853478
image,cover_00211.png,lsb,0.2,58.16312990594004
image,cover_00211.png,lsb,0.4,55.13218252303269
image,cover_00211.png,lsb_matching,0.1,61.22514419064284
image,cover_00211.png,lsb_matching,0.2,58.07784824308146
image,cover_00211.png,lsb_matching,0.4,55.1424939658111
image,cover_00211.png,dct_qim,0.1,48.4275919798123
image,cover_00211.png,dct_qim,0.2,48.489189998646665
image,cover_00211.png,dct_qim,0.4,48.43036010816657
image,cover_00212.png,lsb,0.1,61.06204084836817
image,cover_00212.png,lsb,0.2,58.15645871443006
image,cover_00212.png,lsb,0.4,55.13716887378793
image,cover_00212.png,lsb_matching,0.1,61.16475931026465
image,cover_00212.png,lsb_matching,0.2,58.162462325457746
image,cover_00212.png,lsb_matching,0.4,55.07246093522803
image,cover_00212.png,dct_qim,0.1,48.648388304119955
image,cover_00212.png,dct_qim,0.2,48.52111718671241
image,cover_00212.png,dct_qim,0.4,48.58840796686523
image,cover_00213.png,lsb,0.1,61.13951342257129
image,cover_00213.png,lsb,0.2,58.11004512193807
image,cover_00213.png,lsb,0.4,55.11626456451968
image,cover_00213.png,lsb_matching,0.1,61.14746996492324
image,cover_00213.png,lsb_matching,0.2,58.131864027392474
image,cover_00213.png,lsb_matching,0.4,55.11494069777599
image,cover_00213.png,dct_qim,0.1,48.52082719790876
image,cover_00213.png,dct_qim,0.2,48.55927412110648
image,cover_00213.png,dct_qim,0.4,48.58002205478679
image,cover_00214.png,lsb,0.1,61.12628482623597
image,cover_00214.png,lsb,0.2,58.20404759744429
image,cover_00214.png,lsb,0.4,55.104364266809924
image,cover_00214.png,lsb_matching,0.1,61.13951342257129
image,cover_00214.png,lsb_matching,0.2,58.13451620751705
image,cover_00214.png,lsb_matching,0.4,55.146825415987735
image,cover_00214.png,dct_qim,0.1,48.598802465593074
image,cover_00214.png,dct_qim,0.2,48.61366329858538
image,cover_00214.png,dct_qim,0.4,48.508737412806994
image,cover_00215.png,lsb,0.1,61.16076334787353
image,cover_00215.png,lsb,0.2,58.09161768787628
image,cover_00215.png,lsb,0.4,55.08098937945624
image,cover_00215.png,lsb_matching,0.1,61.11968560779702
image,cover_00215.png,lsb_matching,0.2,58.11862736728585
image,cover_00215.png,lsb_matching,0.4,55.16118337526288
image,cover_00215.png,dct_qim,0.1,48.72749283738328
image,cover_00215.png,dct_qim,0.2,48.72240194944937
image,cover_00215.png,dct_qim,0.4,48.77611781333842
image,cover_00216.png,lsb,0.1,61.15677105880516
image,cover_00216.png,lsb,0.2,58.138497517026465
image,cover_00216.png,lsb,0.4,55.16185234396707
image,cover_00216.png,lsb_matching,0.1,61.1634269142367
image,cover_00216.png,lsb_matching,0.2,58.096874695410634
image,cover_00216.png,lsb_matching,0.4,55.14282700095708
image,cover_00216.png,dct_qim,0.1,48.46622089557175
image,cover_00216.png,dct_qim,0.2,48.52873632645156
image,cover_00216.png,dct_qim,0.4,48.609295888501485
image,cover_00217.png,lsb,0.1,61.1038882766995
image,cover_00217.png,lsb,0.2,58.08899156848014
image,cover_00217.png,lsb,0.4,55.13816683131651
image,cover_00217.png,lsb_matching,0.1,61.17409754569579
image,cover_00217.png,lsb_matching,0.2,58.08308859945668
image,cover_00217.png,lsb_matching,0.4,55.076723063879285
image,cover_00217.png,dct_qim,0.1,48.244538076452024
image,cover_00217.png,dct_qim,0.2,48.26034895915077
image,cover_00217.png,dct_qim,0.4,48.252027440248476
image,cover_00218.png,lsb,0.1,61.20223333473965
image,cover_00218.png,lsb,0.2,58.092274465921996
image,cover_00218.png,lsb,0.4,55.13716887378793
image,cover_00218.png,lsb_matching,0.1,61.16475931026465
image,cover_00218.png,lsb_matching,0.2,58.17851264795418
image,cover_00218.png,lsb_matching,0.4,55.145492201911566
image,cover_00218.png,dct_qim,0.1,49.513333608187146
image,cover_00218.png,dct_qim,0.2,49.52994703318129
image,cover_00218.png,dct_qim,0.4,49.52519385181379
image,cover_00219.png,lsb,0.1,61.16076334787353
image,cover_00219.png,lsb,0.2,58.03226285869389
image,cover_00219.png,lsb,0.4,55.1384995347923
image,cover_00219.png,lsb_matching,0.1,61.22244251415196
image,cover_00219.png,lsb_matching,0.2,58.13517950569613
image,cover_00219.png,lsb_matching,0.4,55.1165955942709
image,cover_00219.png,dct_qim,0.1,48.58884977952629
image,cover_00219.png,dct_qim,0.2,48.516986673153674
image,cover_00219.png,dct_qim,0.4,48.473027178283076
image,cover_00220.png,lsb,0.1,61.09601110739541
image,cover_00220.png,lsb,0.2,58.23448181322518
image,cover_00220.png,lsb,0.4,55.157171725541225
image,cover_00220.png,lsb_matching,0.1,61.06334249525908
image,cover_00220.png,lsb_matching,0.2,58.17985285621016
image,cover_00220.png,lsb_matching,0.4,55.10337404568026
image,cover_00220.png,dct_qim,0.1,48.50072026628473
image,cover_00220.png,dct_qim,0.2,48.46042605684159
image,cover_00220.png,dct_qim,0.4,48.5234377944823
image,cover_00221.png,lsb,0.1,61.2508942899719
image,cover_00221.png,lsb,0.2,58.14979775481291
image,cover_00221.png,lsb,0.4,55.12156407075266
image,cover_00221.png,lsb_matching,0.1,61.20492246474448
image,cover_00221.png,lsb_matching,0.2,58.115984869596154
image,cover_00221.png,lsb_matching,0.4,55.10073455926974
image,cover_00221.png,dct_qim,0.1,48.50786998041682
image,cover_00221.png,dct_qim,0.2,48.48746309576829
image,cover_00221.png,dct_qim,0.4,48.51090675207804
image,cover_00222.png,lsb,0.1,61.183455903552215
image,cover_00222.png,lsb,0.2,58.14115375247259
image,cover_00222.png,lsb,0.4,55.145492201911566
image,cover_00222.png,lsb_matching,0.1,61.14746996492324
image,cover_00222.png,lsb_matching,0.2,58.159125961447124
image,cover_00222.png,lsb_matching,0.4,55.107666635472604
image,cover_00222.png,dct_qim,0.1,48.52728403081903
image,cover_00222.png,dct_qim,0.2,48.54343180010178
image,cover_00222.png,dct_qim,0.4,48.569305796859574
image,cover_00223.png,lsb,0.1,61.20761326087704
image,cover_00223.png,lsb,0.2,58.09424539621179
image,cover_00223.png,lsb,0.4,55.119907280277815
image,cover_00223.png,lsb_matching,0.1,61.13951342257129
image,cover_00223.png,lsb_matching,0.2,58.0857111507556
image,cover_00223.png,lsb_matching,0.4,55.12554294855643
image,cover_00223.png,dct_qim,0.1,48.48847037232869
image,cover_00223.png,dct_qim,0.2,48.507002721247524
image,cover_00223.png,dct_qim,0.4,48.551820301818545
image,cover_00224.png,lsb,0.1,61.11573088466531
image,cover_00224.png,lsb,0.2,58.195967697775956
image,cover_00224.png,lsb,0.4,55.126206449408535
image,cover_00224.png,lsb_matching,0.1,61.09338855609649
image,cover_00224.png,lsb_matching,0.2,58.12722660589574
image,cover_00224.png,lsb_matching,0.4,55.118913509291666
image,cover_00224.png,dct_qim,0.1,48.55890843946981
image,cover_00224.png,dct_qim,0.2,48.585758034351066
image,cover_00224.png,dct_qim,0.4,48.58774533213615
image,cover_00225.png,lsb,0.1,61.178105801466266
image,cover_00225.png,lsb,0.2,58.09424539621179
image,cover_00225.png,lsb,0.4,55.11560258070329
image,cover_00225.png,lsb_matching,0.1,61.19551778551374
image,cover_00225.png,lsb_matching,0.2,58.125902537343094
image,cover_00225.png,lsb_matching,0.4,55.15182861705454
image,cover_00225.png,dct_qim,0.1,48.483005105661945
image,cover_00225.png,dct_qim,0.2,48.52859107503198
image,cover_00225.png,dct_qim,0.4,48.50035948166819
image,cover_00226.png,lsb,0.1,61.14746996492324
image,cover_00226.png,lsb,0.2,58.15779213317526
image,cover_00226.png,lsb,0.4,55.096448812336185
image,cover_00226.png,lsb_matching,0.1,61.175433219954826
image,cover_00226.png,lsb_matching,0.2,58.162462325457746
image,cover_00226.png,lsb_matching,0.4,55.14815903946483
image,cover_00226.png,dct_qim,0.1,48.03368828331423
image,cover_00226.png,dct_qim,0.2,48.108528488823836
image,cover_00226.png,dct_qim,0.4,48.10128234089095
image,cover_00227.png,lsb,0.1,61.20492246474448
image,cover_00227.png,lsb,0.2,58.13385301062808
image,cover_00227.png,lsb,0.4,55.09677833506626
image,cover_00227.png,lsb_matching,0.1,61.09601110739541
image,cover_00227.png,lsb_matching,0.2,58.09424539621179
image,cover_00227.png,lsb_matching,0.4,55.118251121611124
image,cover_00227.png,dct_qim,0.1,48.55218538708646
image,cover_00227.png,dct_qim,0.2,48.53498673761222
image,cover_00227.png,dct_qim,0.4,48.57135892134795
image,cover_00228.png,lsb,0.1,61.162094926856525
image,cover_00228.png,lsb,0.2,58.12457887234686
image,cover_00228.png,lsb,0.4,55.1732406062267
image,cover_00228.png,lsb_matching,0.1,61.02704304365734
image,cover_00228.png,lsb_matching,0.2,58.167805844826454
image,cover_00228.png,lsb_matching,0.4,55.12985751714693
image,cover_00228.png,dct_qim,0.1,49.859398518168526
image,cover_00228.png,dct_qim,0.2,49.76415339890645
image,cover_00228.png,dct_qim,0.4,49.73999297777232
image,cover_00229.png,lsb,0.1,61.16076334787353
image,cover_00229.png,lsb,0.2,58.092274465921996
image,cover_00229.png,lsb,0.4,55.15516728943532
image,cover_00229.png,lsb_matching,0.1,61.10914767161297
image,cover_00229.png,lsb_matching,0.2,58.126564521159494
image,cover_00229.png,lsb_matching,0.4,55.127865645157094
image,cover_00229.png,dct_qim,0.1,48.488614288053235
image,cover_00229.png,dct_qim,0.2,48.48674375551769
image,cover_00229.png,dct_qim,0.4,48.48401134867364
image,cover_00230.png,lsb,0.1,61.08029950212898
image,cover_00230.png,lsb,0.2,58.1765031107151
image,cover_00230.png,lsb,0.4,55.134841197629974
image,cover_00230.png,lsb_matching,0.1,61.159432177037345
image,cover_00230.png,lsb_matching,0.2,58.2087678236264
image,cover_00230.png,lsb_matching,0.4,55.13916501821669
image,cover_00230.png,dct_qim,0.1,48.58605239146241
image,cover_00230.png,dct_qim,0.2,48.60301156865895
image,cover_00230.png,dct_qim,0.4,48.59548236865058
image,cover_00231.png,lsb,0.1,61.19149343481432
image,cover_00231.png,lsb,0.2,58.125902537343094
image,cover_00231.png,lsb,0.4,55.06623918475305
image,cover_00231.png,lsb_matching,0.1,61.13818874822244
image,cover_00231.png,lsb_matching,0.2,58.147801457458044
image,cover_00231.png,lsb_matching,0.4,55.079019789935394
image,cover_00231.png,dct_qim,0.1,51.94927525317467
image,cover_00231.png,dct_qim,0.2,51.992594357063126
image,cover_00231.png,dct_qim,0.4,51.843765766954974
image,cover_00232.png,lsb,0.1,61.13554061105562
image,cover_00232.png,lsb,0.2,58.16580125452129
image,cover_00232.png,lsb,0.4,55.08394543957198
image,cover_00232.png,lsb_matching,0.1,61.17676930512735
image,cover_00232.png,lsb_matching,0.2,58.08833528667775
image,cover_00232.png,lsb_matching,0.4,55.11957599801525
image,cover_00232.png,dct_qim,0.1,49.86759545798701
image,cover_00232.png,dct_qim,0.2,50.034047696106974
image,cover_00232.png,dct_qim,0.4,50.00579081259435
image,cover_00233.png,lsb,0.1,61.08683909803268
image,cover_00233.png,lsb,0.2,58.103454916092254
image,cover_00233.png,lsb,0.4,55.13883226375772
image,cover_00233.png,lsb_matching,0.1,61.19149343481432
image,cover_00233.png,lsb_matching,0.2,58.05239166640838
image,cover_00233.png,lsb_matching,0.4,55.054148664299554
image,cover_00233.png,dct_qim,0.1,48.30212848529533
image,cover_00233.png,dct_qim,0.2,48.31275740011268
image,cover_00233.png,dct_qim,0.4,48.2784795101102
image,cover_00234.png,lsb,0.1,61.233259318794836
image,cover_00234.png,lsb,0.2,58.14713622887146
image,cover_00234.png,lsb,0.4,55.1129556540213
image,cover_00234.png,lsb_matching,0.1,61.1025744225618
image,cover_00234.png,lsb_matching,0.2,58.20135262694575
image,cover_00234.png,lsb_matching,0.4,55.13251476836193
image,cover_00234.png,dct_qim,0.1,48.568939269602055
image,cover_00234.png,dct_qim,0.2,48.596293713546565
image,cover_00234.png,dct_qim,0.4,48.589291637138025
image,cover_00235.png,lsb,0.1,61.132894087622695
image,cover_00235.png,lsb,0.2,58.13120123535471
image,cover_00235.png,lsb,0.4,55.124547887303585
image,cover_00235.png,lsb_matching,0.1,61.110463516137216
image,cover_00235.png,lsb_matching,0.2,58.131864027392474
image,cover_00235.png,lsb_matching,0.4,55.139497798173096
image,cover_00235.png,dct_qim,0.1,50.26990303711685
image,cover_00235.png,dct_qim,0.2,50.151587912882704
image,cover_00235.png,dct_qim,0.4,50.14884495585389
image,cover_00236.png,lsb,0.1,61.2143475540841
image,cover_00236.png,lsb,0.2,58.14314699575046
image,cover_00236.png,lsb,0.4,55.14949307259436
image,cover_00236.png,lsb_matching,0.1,61.16076334787353
image,cover_00236.png,lsb_matching,0.2,58.16112747226788
image,cover_00236.png,lsb_matching,0.4,55.109649262678474
image,cover_00236.png,dct_qim,0.1,48.54795228365908
image,cover_00236.png,dct_qim,0.2,48.566520965203374
image,cover_00236.png,dct_qim,0.4,48.58818707738835
image,cover_00237.png,lsb,0.1,61.15411157016172
image,cover_00237.png,lsb,0.2,58.21011740251204
image,cover_00237.png,lsb,0.4,55.10832741064604
image,cover_00237.png,lsb_matching,0.1,61.253613729521646
image,cover_00237.png,lsb_matching,0.2,58.115984869596154
image,cover_00237.png,lsb_matching,0.4,55.111302143695205
image,cover_00237.png,dct_qim,0.1,48.47094833960063
image,cover_00237.png,dct_qim,0.2,48.46006860399737
image,cover_00237.png,dct_qim,0.4,48.49329414714845
image,cover_00238.png,lsb,0.1,61.143489871638074
image,cover_00238.png,lsb,0.2,58.16112747226788
image,cover_00238.png,lsb,0.4,55.15550129788148
image,cover_00238.png,lsb_matching,0.1,61.12760587409985
image,cover_00238.png,lsb_matching,0.2,58.103454916092254
image,cover_00238.png,lsb_matching,0.4,55.09842632386114
image,cover_00238.png,dct_qim,0.1,49.5080525458448
image,cover_00238.png,dct_qim,0.2,49.63688617453034
image,cover_00238.png,dct_qim,0.4,49.59379401852336
image,cover_00239.png,lsb,0.1,61.17142742890769
image,cover_00239.png,lsb,0.2,58.126564521159494
image,cover_00239.png,lsb,0.4,55.11097151716244
image,cover_00239.png,lsb_matching,0.1,61.12100464951377
image,cover_00239.png,lsb_matching,0.2,58.175833471546554
image,cover_00239.png,lsb_matching,0.4,55.12521123613931
image,cover_00239.png,dct_qim,0.1,48.877864659250505
image,cover_00239.png,dct_qim,0.2,48.93155820581983
image,cover_00239.png,dct_qim,0.4,48.86489746821323
image,cover_00240.png,lsb,0.1,61.14746996492324
image,cover_00240.png,lsb,0.2,58.12722660589574
image,cover_00240.png,lsb,0.4,55.168212691314366
image,cover_00240.png,lsb_matching,0.1,61.11573088466531
image,cover_00240.png,lsb_matching,0.2,58.169142752584904
image,cover_00240.png,lsb_matching,0.4,55.11560258070329
image,cover_00240.png,dct_qim,0.1,48.447504971767856
image,cover_00240.png,dct_qim,0.2,48.44764753634848
image,cover_00240.png,dct_qim,0.4,48.39613121754099
image,cover_00241.png,lsb,0.1,61.233259318794836
image,cover_00241.png,lsb,0.2,58.1424824796725
image,cover_00241.png,lsb,0.4,55.164194546245284
image,cover_00241.png,lsb_matching,0.1,61.168758952744454
image,cover_00241.png,lsb_matching,0.2,58.14713622887146
image,cover_00241.png,lsb_matching,0.4,55.07770722632313
image,cover_00241.png,dct_qim,0.1,48.31995011234169
image,cover_00241.png,dct_qim,0.2,48.353302491564044
image,cover_00241.png,dct_qim,0.4,48.32542177957059
image,cover_00242.png,lsb,0.1,61.11968560779702
image,cover_00242.png,lsb,0.2,58.132526920596696
image,cover_00242.png,lsb,0.4,55.11427891570705
image,cover_00242.png,lsb_matching,0.1,61.21165258358556
image,cover_00242.png,lsb_matching,0.2,58.17717285315132
image,cover_00242.png,lsb_matching,0.4,55.16252141573223
image,cover_00242.png,dct_qim,0.1,49.87382757621604
image,cover_00242.png,dct_qim,0.2,49.95294678098779
image,cover_00242.png,dct_qim,0.4,49.91790462335785
image,cover_00243.png,lsb,0.1,61.123643935416354
image,cover_00243.png,lsb,0.2,58.163797589055974
image,cover_00243.png,lsb,0.4,55.144159396985025
image,cover_00243.png,lsb_matching,0.1,61.08553039083005
image,cover_00243.png,lsb_matching,0.2,58.11532449632353
image,cover_00243.png,lsb_matching,0.4,55.126870051643614
image,cover_00243.png,dct_qim,0.1,48.444440964696895
image,cover_00243.png,dct_qim,0.2,48.30061219019298
image,cover_00243.png,dct_qim,0.4,48.34375701809185
image,cover_00244.png,lsb,0.1,61.131571430442065
image,cover_00244.png,lsb,0.2,58.169142752584904
image,cover_00244.png,lsb,0.4,55.13816683131651
image,cover_00244.png,lsb_matching,0.1,61.159432177037345
image,cover_00244.png,lsb_matching,0.2,58.1939500694846
image,cover_00244.png,lsb_matching,0.4,55.079019789935394
image,cover_00244.png,dct_qim,0.1,48.347447304659994
image,cover_00244.png,dct_qim,0.2,48.410242696095885
image,cover_00244.png,dct_qim,0.4,48.48703147732041
image,cover_00245.png,lsb,0.1,61.12100464951377
image,cover_00245.png,lsb,0.2,58.1832051873832
image,cover_00245.png,lsb,0.4,55.10931876195011
image,cover_00245.png,lsb_matching,0.1,61.144816164156865
image,cover_00245.png,lsb_matching,0.2,58.09161768787628
image,cover_00245.png,lsb_matching,0.4,55.124547887303585
image,cover_00245.png,dct_qim,0.1,47.90837101460237
image,cover_00245.png,dct_qim,0.2,47.90214249475536
image,cover_00245.png,dct_qim,0.4,47.85424969804936
image,cover_00246.png,lsb,0.1,61.1038882766995
image,cover_00246.png,lsb,0.2,58.24671546869218
image,cover_00246.png,lsb,0.4,55.107005960820224
image,cover_00246.png,lsb_matching,0.1,61.131571430442065
image,cover_00246.png,lsb_matching,0.2,58.125240654415805
image,cover_00246.png,lsb_matching,0.4,55.056107004097825
image,cover_00246.png,dct_qim,0.1,48.497906940804654
image,cover_00246.png,dct_qim,0.2,48.57385330666995
image,cover_00246.png,dct_qim,0.4,48.528010117928716
image,cover_00247.png,lsb,0.1,61.1368644777993
image,cover_00247.png,lsb,0.2,58.11202413533255
image,cover_00247.png,lsb,0.4,55.13351165688209
image,cover_00247.png,lsb_matching,0.1,61.21569566671918
image,cover_00247.png,lsb_matching,0.2,58.162462325457746
image,cover_00247.png,lsb_matching,0.4,55.10139428049522
image,cover_00247.png,dct_qim,0.1,48.09004182568886
image,cover_00247.png,dct_qim,0.2,48.10918782944863
image,cover_00247.png,dct_qim,0.4,48.09838726356175
image,cover_00248.png,lsb,0.1,61.08029950212898
image,cover_00248.png,lsb,0.2,58.09096100913925
image,cover_00248.png,lsb,0.4,55.176260151589275
image,cover_00248.png,lsb_matching,0.1,61.20626765441577
image,cover_00248.png,lsb_matching,0.2,58.17382517332855
image,cover_00248.png,lsb_matching,0.4,55.101724178692734
image,cover_00248.png,dct_qim,0.1,48.708754416091686
image,cover_00248.png,dct_qim,0.2,48.671443340325574
image,cover_00248.png,dct_qim,0.4,48.67136828792269
image,cover_00249.png,lsb,0.1,61.12100464951377
image,cover_00249.png,lsb,0.2,58.13517950569613
image,cover_00249.png,lsb,0.4,55.09677833506626
image,cover_00249.png,lsb_matching,0.1,61.065946959996225
image,cover_00249.png,lsb_matching,0.2,58.14181806525691
image,cover_00249.png,lsb_matching,0.4,55.11957599801525
image,cover_00249.png,dct_qim,0.1,48.62419273337836
image,cover_00249.png,dct_qim,0.2,48.540736332330304
image,cover_00249.png,dct_qim,0.4,48.51517628302406
image,cover_00250.png,lsb,0.1,61.09863524331756
image,cover_00250.png,lsb,0.2,58.14580607730853
image,cover_00250.png,lsb,0.4,55.09974516529825
image,cover_00250.png,lsb_matching,0.1,61.22109230589639
image,cover_00250.png,lsb_matching,0.2,58.13120123535471
image,cover_00250.png,lsb_matching,0.4,55.09710788280092
image,cover_00250.png,dct_qim,0.1,48.51466950899625
image,cover_00250.png,dct_qim,0.2,48.51466950899625
image,cover_00250.png,dct_qim,0.4,48.53957124258464
image,cover_00251.png,lsb,0.1,61.090767587508175
image,cover_00251.png,lsb,0.2,58.14314699575046
image,cover_00251.png,lsb,0.4,55.112624901588326
image,cover_00251.png,lsb_matching,0.1,61.12628482623597
image,cover_00251.png,lsb_matching,0.2,58.093588320059695
image,cover_00251.png,lsb_matching,0.4,55.150827515628066
image,cover_00251.png,dct_qim,0.1,48.288294699304174
image,cover_00251.png,dct_qim,0.2,48.32036544018571
image,cover_00251.png,dct_qim,0.4,48.37666224205892
image,cover_00252.png,lsb,0.1,61.10914767161297
image,cover_00252.png,lsb,0.2,58.10806700993893
image,cover_00252.png,lsb,0.4,55.126206449408535
image,cover_00252.png,lsb_matching,0.1,61.11704872561581
image,cover_00252.png,lsb_matching,0.2,58.11268400691613
image,cover_00252.png,lsb_matching,0.4,55.17659578625995
image,cover_00252.png,dct_qim,0.1,48.69590433937302
image,cover_00252.png,dct_qim,0.2,48.71079881406365
image,cover_00252.png,dct_qim,0.4,48.85408183479181
image,cover_00253.png,lsb,0.1,61.21704419795778
image,cover_00253.png,lsb,0.2,58.162462325457746
image,cover_00253.png,lsb,0.4,55.1315181086171
image,cover_00253.png,lsb_matching,0.1,61.15411157016172
image,cover_00253.png,lsb_matching,0.2,58.0903044296809
image,cover_00253.png,lsb_matching,0.4,55.145492201911566
image,cover_00253.png,dct_qim,0.1,48.476470202797195
image,cover_00253.png,dct_qim,0.2,48.545837278205695
image,cover_00253.png,dct_qim,0.4,48.53891601693241
image,cover_00254.png,lsb,0.1,61.1634269142367
image,cover_00254.png,lsb,0.2,58.12722660589574
image,cover_00254.png,lsb,0.4,55.1315181086171
image,cover_00254.png,lsb_matching,0.1,61.11968560779702
image,cover_00254.png,lsb_matching,0.2,58.13318991499826
image,cover_00254.png,lsb_matching,0.4,55.11328643164582
image,cover_00254.png,dct_qim,0.1,47.95922404485958
image,cover_00254.png,dct_qim,0.2,47.90793032061382
image,cover_00254.png,dct_qim,0.4,47.94688359517476
image,cover_00255.png,lsb,0.1,61.050343548652336
image,cover_00255.png,lsb,0.2,58.15645871443006
image,cover_00255.png,lsb,0.4,55.13317933528274
image,cover_00255.png,lsb_matching,0.1,61.16742532926736
image,cover_00255.png,lsb_matching,0.2,58.009003949562896
image,cover_00255.png,lsb_matching,0.4,55.11791996565237
image,cover_00255.png,dct_qim,0.1,48.49336618438368
image,cover_00255.png,dct_qim,0.2,48.51235358049501
image,cover_00255.png,dct_qim,0.4,48.461141050804294
image,cover_00256.png,lsb,0.1,61.11309640183109
image,cover_00256.png,lsb,0.2,58.16446537483711
image,cover_00256.png,lsb,0.4,55.117257729478624
image,cover_00256.png,lsb_matching,0.1,61.08029950212898
image,cover_00256.png,lsb_matching,0.2,58.14913222039753
image,cover_00256.png,lsb_matching,0.4,55.095789841874556
image,cover_00256.png,dct_qim,0.1,48.51546589473543
image,cover_00256.png,dct_qim,0.2,48.553061716967164
image,cover_00256.png,dct_qim,0.4,48.51814571901565
image,cover_00257.png,lsb,0.1,61.09469963378767
image,cover_00257.png,lsb,0.2,58.11928824301094
image,cover_00257.png,lsb,0.4,55.10040473623415
image,cover_00257.png,lsb_matching,0.1,61.17276228209756
image,cover_00257.png,lsb_matching,0.2,58.06803958540219
image,cover_00257.png,lsb_matching,0.4,55.103704094304426
image,cover_00257.png,dct_qim,0.1,48.06262163350377
image,cover_00257.png,dct_qim,0.2,48.02178093199114
image,cover_00257.png,dct_qim,0.4,48.096874695410634
image,cover_00258.png,lsb,0.1,61.17142742890769
image,cover_00258.png,lsb,0.2,58.083744088827636
image,cover_00258.png,lsb,0.4,55.13085379583278
image,cover_00258.png,lsb_matching,0.1,61.1514537091124
image,cover_00258.png,lsb_matching,0.2,58.212142557512145
image,cover_00258.png,lsb_matching,0.4,55.08427401493201
image,cover_00258.png,dct_qim,0.1,48.583550991724486
image,cover_00258.png,dct_qim,0.2,48.54365042488192
image,cover_00258.png,dct_qim,0.4,48.489909744226544
image,cover_00259.png,lsb,0.1,61.14083850109233
image,cover_00259.png,lsb,0.2,58.060208578347506
image,cover_00259.png,lsb,0.4,55.14049629106611
image,cover_00259.png,lsb_matching,0.1,61.24546051407502
image,cover_00259.png,lsb_matching,0.2,58.11664534329814
image,cover_00259.png,lsb_matching,0.4,55.13650369614548
image,cover_00259.png,dct_qim,0.1,48.48422700251181
image,cover_00259.png,dct_qim,0.2,48.45371086110649
image,cover_00259.png,dct_qim,0.4,48.48588070446197
image,cover_00260.png,lsb,0.1,61.146142861836054
image,cover_00260.png,lsb,0.2,58.181193478174514
image,cover_00260.png,lsb,0.4,55.0852598901931
image,cover_00260.png,lsb_matching,0.1,61.182117760013966
image,cover_00260.png,lsb_matching,0.2,58.09424539621179
image,cover_00260.png,lsb_matching,0.4,55.1708935215347
image,cover_00260.png,dct_qim,0.1,48.517783483954254
image,cover_00260.png,dct_qim,0.2,48.53535041046341
image,cover_00260.png,dct_qim,0.4,48.55627644023964
image,cover_00261.png,lsb,0.1,61.06334249525908
image,cover_00261.png,lsb,0.2,58.16580125452129
image,cover_00261.png,lsb,0.4,55.13118593952298
image,cover_00261.png,lsb_matching,0.1,61.132894087622695
image,cover_00261.png,lsb_matching,0.2,58.06086062321308
image,cover_00261.png,lsb_matching,0.4,55.10832741064604
image,cover_00261.png,dct_qim,0.1,48.6165526436812
image,cover_00261.png,dct_qim,0.2,48.50960501848725
image,cover_00261.png,dct_qim,0.4,48.573046142868904
image,cover_00262.png,lsb,0.1,61.11573088466531
image,cover_00262.png,lsb,0.2,58.13584290519624
image,cover_00262.png,lsb,0.4,55.115271626630424
image,cover_00262.png,lsb_matching,0.1,61.065946959996225
image,cover_00262.png,lsb_matching,0.2,58.09161768787628
image,cover_00262.png,lsb_matching,0.4,55.09809667607025
image,cover_00262.png,dct_qim,0.1,48.459139364267905
image,cover_00262.png,dct_qim,0.2,48.491709630206564
image,cover_00262.png,dct_qim,0.4,48.4128583530772
image,cover_00263.png,lsb,0.1,61.081606633762334
image,cover_00263.png,lsb,0.2,58.11928824301094
image,cover_00263.png,lsb,0.4,55.12487954905632
image,cover_00263.png,lsb_matching,0.1,61.143489871638074
image,cover_00263.png,lsb_matching,0.2,58.11730591746004
image,cover_00263.png,lsb_matching,0.4,55.12985751714693
image,cover_00263.png,dct_qim,0.1,48.50974963628647
image,cover_00263.png,dct_qim,0.2,48.57179900290267
image,cover_00263.png,dct_qim,0.4,48.58752447635855
image,cover_00264.png,lsb,0.1,60.989764318464914
image,cover_00264.png,lsb,0.2,58.114664223449736
image,cover_00264.png,lsb,0.4,55.07573912440771
image,cover_00264.png,lsb_matching,0.1,61.1634269142367
image,cover_00264.png,lsb_matching,0.2,58.10872628050096
image,cover_00264.png,lsb_matching,0.4,55.152829949300234
image,cover_00264.png,dct_qim,0.1,48.556422620579916
image,cover_00264.png,dct_qim,0.2,48.60249444148448
image,cover_00264.png,dct_qim,0.4,48.5459101922845
image,cover_00265.png,lsb,0.1,61.09863524331756
image,cover_00265.png,lsb,0.2,58.182534514102734
image,cover_00265.png,lsb,0.4,55.15550129788148
image,cover_00265.png,lsb_matching,0.1,61.04904579133832
image,cover_00265.png,lsb_matching,0.2,58.09293134330645
image,cover_00265.png,lsb_matching,0.4,55.153831512471605
image,cover_00265.png,dct_qim,0.1,50.3424046872691
image,cover_00265.png,dct_qim,0.2,50.32128394135484
image,cover_00265.png,dct_qim,0.4,50.308901348861106
image,cover_00266.png,lsb,0.1,61.170092985873985
image,cover_00266.png,lsb,0.2,58.128551078250936
image,cover_00266.png,lsb,0.4,55.126870051643614
image,cover_00266.png,lsb_matching,0.1,61.17142742890769
image,cover_00266.png,lsb_matching,0.2,58.20741866399485
image,cover_00266.png,lsb_matching,0.4,55.126870051643614
image,cover_00266.png,dct_qim,0.1,48.586935582521384
image,cover_00266.png,dct_qim,0.2,48.590322813091625
image,cover_00266.png,dct_qim,0.4,48.571212237405724
image,cover_00267.png,lsb,0.1,61.162094926856525
image,cover_00267.png,lsb,0.2,58.12722660589574
image,cover_00267.png,lsb,0.4,55.189369162582786
image,cover_00267.png,lsb_matching,0.1,60.95534185435474
image,cover_00267.png,lsb_matching,0.2,58.174494502885096
image,cover_00267.png,lsb_matching,0.4,55.07705109324755
image,cover_00267.png,dct_qim,0.1,50.09392993434359
image,cover_00267.png,dct_qim,0.2,50.16522287988905
image,cover_00267.png,dct_qim,0.4,50.07854451879337
image,cover_00268.png,lsb,0.1,61.123643935416354
image,cover_00268.png,lsb,0.2,58.09490257179284
image,cover_00268.png,lsb,0.4,55.123221493517896
image,cover_00268.png,lsb_matching,0.1,61.19417592089036
image,cover_00268.png,lsb_matching,0.2,58.14447633301797
image,cover_00268.png,lsb_matching,0.4,55.121895504707034
image,cover_00268.png,dct_qim,0.1,48.61299679953691
image,cover_00268.png,dct_qim,0.2,48.661173225150776
image,cover_00268.png,dct_qim,0.4,48.600943429313546
image,cover_00269.png,lsb,0.1,61.15677105880516
image,cover_00269.png,lsb,0.2,58.17248682360486
image,cover_00269.png,lsb,0.4,55.07770722632313
image,cover_00269.png,lsb_matching,0.1,61.20626765441577
image,cover_00269.png,lsb_matching,0.2,58.10477215747907
image,cover_00269.png,lsb_matching,0.4,55.120238587812715
image,cover_00269.png,dct_qim,0.1,48.511051413231534
image,cover_00269.png,dct_qim,0.2,48.45192665138621
image,cover_00269.png,dct_qim,0.4,48.488254507683465
image,cover_00270.png,lsb,0.1,61.07507490622787
image,cover_00270.png,lsb,0.2,58.17048007201627
image,cover_00270.png,lsb,0.4,55.13916501821669
image,cover_00270.png,lsb_matching,0.1,61.14879747366628
image,cover_00270.png,lsb_matching,0.2,58.11070469287396
image,cover_00270.png,lsb_matching,0.4,55.146158757790246
image,cover_00270.png,dct_qim,0.1,49.85427095744779
image,cover_00270.png,dct_qim,0.2,49.88880138213944
image,cover_00270.png,dct_qim,0.4,49.73807361378694
image,cover_00271.png,lsb,0.1,61.20626765441577
image,cover_00271.png,lsb,0.2,58.12193275204015
image,cover_00271.png,lsb,0.4,55.096448812336185
image,cover_00271.png,lsb_matching,0.1,61.14746996492324
image,cover_00271.png,lsb_matching,0.2,58.12987595465506
image,cover_00271.png,lsb_matching,0.4,55.124547887303585
image,cover_00271.png,dct_qim,0.1,48.56696055676395
image,cover_00271.png,dct_qim,0.2,48.56674075542175
image,cover_00271.png,dct_qim,0.4,48.505052021097214
image,cover_00272.png,lsb,0.1,61.1968600648689
image,cover_00272.png,lsb,0.2,58.081122724740794
image,cover_00272.png,lsb,0.4,55.135173646424036
image,cover_00272.png,lsb_matching,0.1,61.11836696657874
image,cover_00272.png,lsb_matching,0.2,58.13385301062808
image,cover_00272.png,lsb_matching,0.4,55.15984574691041
image,cover_00272.png,dct_qim,0.1,48.47360082618128
image,cover_00272.png,dct_qim,0.2,48.466936844274166
image,cover_00272.png,dct_qim,0.4,48.47639844527199
image,cover_00273.png,lsb,0.1,61.123643935416354
image,cover_00273.png,lsb,0.2,58.125240654415805
image,cover_00273.png,lsb,0.4,55.14582546706302
image,cover_00273.png,lsb_matching,0.1,61.182117760013966
image,cover_00273.png,lsb_matching,0.2,58.1551257049601
image,cover_00273.png,lsb_matching,0.4,55.06951267915619
image,cover_00273.png,dct_qim,0.1,48.45242615622534
image,cover_00273.png,dct_qim,0.2,48.40614564467862
image,cover_00273.png,dct_qim,0.4,48.47245360614647
image,cover_00274.png,lsb,0.1,61.090767587508175
image,cover_00274.png,lsb,0.2,58.181193478174514
image,cover_00274.png,lsb,0.4,55.124547887303585
image,cover_00274.png,lsb_matching,0.1,61.18747280979113
image,cover_00274.png,lsb_matching,0.2,58.13053854445252
image,cover_00274.png,lsb_matching,0.4,55.13417637637816
image,cover_00274.png,dct_qim,0.1,48.0768009301641
image,cover_00274.png,dct_qim,0.2,48.007457775636034
image,cover_00274.png,dct_qim,0.4,47.99215460674491
image,cover_00275.png,lsb,0.1,61.11968560779702
image,cover_00275.png,lsb,0.2,58.05890478223473
image,cover_00275.png,lsb,0.4,55.104364266809924
image,cover_00275.png,lsb_matching,0.1,61.19283447074255
image,cover_00275.png,lsb_matching,0.2,58.150463391233714
image,cover_00275.png,lsb_matching,0.4,55.096448812336185
image,cover_00275.png,dct_qim,0.1,48.0609910439347
image,cover_00275.png,dct_qim,0.2,48.1033232139249
image,cover_00275.png,dct_qim,0.4,48.187298538746745
image,cover_00276.png,lsb,0.1,61.178105801466266
image,cover_00276.png,lsb,0.2,58.13517950569613
image,cover_00276.png,lsb,0.4,55.12288995835845
image,cover_00276.png,lsb_matching,0.1,61.10651717800195
image,cover_00276.png,lsb_matching,0.2,58.14447633301797
image,cover_00276.png,lsb_matching,0.4,55.1411620805537
image,cover_00276.png,dct_qim,0.1,48.430005121300226
image,cover_00276.png,dct_qim,0.2,48.37147588252624
image,cover_00276.png,dct_qim,0.4,48.45556721711638
image,cover_00277.png,lsb,0.1,61.11309640183109
image,cover_00277.png,lsb,0.2,58.115984869596154
image,cover_00277.png,lsb,0.4,55.13583862036792
image,cover_00277.png,lsb_matching,0.1,61.212999859792745
image,cover_00277.png,lsb_matching,0.2,58.15779213317526
image,cover_00277.png,lsb_matching,0.4,55.1424939658111
image,cover_00277.png,dct_qim,0.1,48.541901734720604
image,cover_00277.png,dct_qim,0.2,48.591059517274665
image,cover_00277.png,dct_qim,0.4,48.57385330666995
image,cover_00278.png,lsb,0.1,60.98464744621582
image,cover_00278.png,lsb,0.2,58.083744088827636
image,cover_00278.png,lsb,0.4,55.15349763241616
image,cover_00278.png,lsb_matching,0.1,61.09469963378767
image,cover_00278.png,lsb_matching,0.2,58.138497517026465
image,cover_00278.png,lsb_matching,0.4,55.08920563076043
image,cover_00278.png,dct_qim,0.1,48.4763266889324
image,cover_00278.png,dct_qim,0.2,48.55474184365794
image,cover_00278.png,dct_qim,0.4,48.51923260551428
image,cover_00279.png,lsb,0.1,61.12628482623597
image,cover_00279.png,lsb,0.2,58.13650640604835
image,cover_00279.png,lsb,0.4,55.18096139904955
image,cover_00279.png,lsb_matching,0.1,61.17409754569579
image,cover_00279.png,lsb_matching,0.2,58.07784824308146
image,cover_00279.png,lsb_matching,0.4,55.146158757790246
image,cover_00279.png,dct_qim,0.1,48.86285767979676
image,cover_00279.png,dct_qim,0.2,48.93913494308106
image,cover_00279.png,dct_qim,0.4,48.87794336644296
image,cover_00280.png,lsb,0.1,61.128927323925666
image,cover_00280.png,lsb,0.2,58.075230434190246
image,cover_00280.png,lsb,0.4,55.15984574691041
image,cover_00280.png,lsb_matching,0.1,61.132894087622695
image,cover_00280.png,lsb_matching,0.2,58.20741866399485
image,cover_00280.png,lsb_matching,0.4,55.11460979413615
image,cover_00280.png,dct_qim,0.1,48.449501301895644
image,cover_00280.png,dct_qim,0.2,48.46149859193246
image,cover_00280.png,dct_qim,0.4,48.451355859051816
image,cover_00281.png,lsb,0.1,61.19149343481432
image,cover_00281.png,lsb,0.2,58.15779213317526
image,cover_00281.png,lsb,0.4,55.117257729478624
image,cover_00281.png,lsb_matching,0.1,61.06464453239042
image,cover_00281.png,lsb_matching,0.2,58.11070469287396
image,cover_00281.png,lsb_matching,0.4,55.05480134611909
image,cover_00281.png,dct_qim,0.1,51.46901050808274
image,cover_00281.png,dct_qim,0.2,51.37834503335896
image,cover_00281.png,dct_qim,0.4,51.504026345124174
image,cover_00282.png,lsb,0.1,61.1554411109096
image,cover_00282.png,lsb,0.2,58.12259413098288
image,cover_00282.png,lsb,0.4,55.097767053299116
image,cover_00282.png,lsb_matching,0.1,61.134217147745346
image,cover_00282.png,lsb_matching,0.2,58.1001635594974
image,cover_00282.png,lsb_matching,0.4,55.08657473877082
image,cover_00282.png,dct_qim,0.1,48.58612598385769
image,cover_00282.png,dct_qim,0.2,48.57921374377696
image,cover_00282.png,dct_qim,0.4,48.554814907390906
image,cover_00283.png,lsb,0.1,61.071160579852894
image,cover_00283.png,lsb,0.2,58.160460199497265
image,cover_00283.png,lsb,0.4,55.07836345854243
image,cover_00283.png,lsb_matching,0.1,61.208959284386665
image,cover_00283.png,lsb_matching,0.2,58.16847424726241
image,cover_00283.png,lsb_matching,0.4,55.10535471376827
image,cover_00283.png,dct_qim,0.1,48.53658712599935
image,cover_00283.png,dct_qim,0.2,48.51163010603615
image,cover_00283.png,dct_qim,0.4,48.52278499820594
image,cover_00284.png,lsb,0.1,61.21030572520323
image,cover_00284.png,lsb,0.2,58.131864027392474
image,cover_00284.png,lsb,0.4,55.11427891570705
image,cover_00284.png,lsb_matching,0.1,61.14083850109233
image,cover_00284.png,lsb_matching,0.2,58.175833471546554
image,cover_00284.png,lsb_matching,0.4,55.12720189078945
image,cover_00284.png,dct_qim,0.1,48.439386516869135
image,cover_00284.png,dct_qim,0.2,48.50418532441827
image,cover_00284.png,dct_qim,0.4,48.53935282304985
image,cover_00285.png,lsb,0.1,61.1554411109096
image,cover_00285.png,lsb,0.2,58.12722660589574
image,cover_00285.png,lsb,0.4,55.146158757790246
image,cover_00285.png,lsb_matching,0.1,61.12760587409985
image,cover_00285.png,lsb_matching,0.2,58.13318991499826
image,cover_00285.png,lsb_matching,0.4,55.14082917305141
image,cover_00285.png,dct_qim,0.1,48.544743713897354
image,cover_00285.png,dct_qim,0.2,48.55437654342986
image,cover_00285.png,dct_qim,0.4,48.56007872910746
image,cover_00286.png,lsb,0.1,61.12760587409985
image,cover_00286.png,lsb,0.2,58.051090214549966
image,cover_00286.png,lsb,0.4,55.0901926262919
image,cover_00286.png,lsb_matching,0.1,61.134217147745346
image,cover_00286.png,lsb_matching,0.2,58.08439967714786
image,cover_00286.png,lsb_matching,0.4,55.086245989304786
image,cover_00286.png,dct_qim,0.1,48.4689421287697
image,cover_00286.png,dct_qim,0.2,48.29634184096098
image,cover_00286.png,dct_qim,0.4,48.41363628471867
image,cover_00287.png,lsb,0.1,61.07638046608109
image,cover_00287.png,lsb,0.2,58.182534514102734
image,cover_00287.png,lsb,0.4,55.11560258070329
image,cover_00287.png,lsb_matching,0.1,61.11573088466531
image,cover_00287.png,lsb_matching,0.2,58.101479802822844
image,cover_00287.png,lsb_matching,0.4,55.076723063879285
image,cover_00287.png,dct_qim,0.1,48.46887049552044
image,cover_00287.png,dct_qim,0.2,48.41505106298933
image,cover_00287.png,dct_qim,0.4,48.43540405560552
image,cover_00288.png,lsb,0.1,61.144816164156865
image,cover_00288.png,lsb,0.2,58.24195384025164
image,cover_00288.png,lsb,0.4,55.13916501821669
image,cover_00288.png,lsb_matching,0.1,61.144816164156865
image,cover_00288.png,lsb_matching,0.2,58.21754759220985
image,cover_00288.png,lsb_matching,0.4,55.0901926262919
image,cover_00288.png,dct_qim,0.1,48.55313475243967
image,cover_00288.png,dct_qim,0.2,48.545108204738526
image,cover_00288.png,dct_qim,0.4,48.571065558417615
image,cover_00289.png,lsb,0.1,61.175433219954826
image,cover_00289.png,lsb,0.2,58.04783829016064
image,cover_00289.png,lsb,0.4,55.12554294855643
image,cover_00289.png,lsb_matching,0.1,61.19551778551374
image,cover_00289.png,lsb_matching,0.2,58.092274465921996
image,cover_00289.png,lsb_matching,0.4,55.13716887378793
image,cover_00289.png,dct_qim,0.1,48.50216370454281
image,cover_00289.png,dct_qim,0.2,48.49725797057554
image,cover_00289.png,dct_qim,0.4,48.611293988750816
image,cover_00290.png,lsb,0.1,61.128927323925666
image,cover_00290.png,lsb,0.2,58.09096100913925
image,cover_00290.png,lsb,0.4,55.13716887378793
image,cover_00290.png,lsb_matching,0.1,61.14746996492324
image,cover_00290.png,lsb_matching,0.2,58.075230434190246
image,cover_00290.png,lsb_matching,0.4,55.127865645157094
image,cover_00290.png,dct_qim,0.1,48.51524868414134
image,cover_00290.png,dct_qim,0.2,48.48631220855112
image,cover_00290.png,dct_qim,0.4,48.471450037148585
image,cover_00291.png,lsb,0.1,61.06073959148382
image,cover_00291.png,lsb,0.2,58.13517950569613
image,cover_00291.png,lsb,0.4,55.12156407075266
image,cover_00291.png,lsb_matching,0.1,61.16475931026465
image,cover_00291.png,lsb_matching,0.2,58.10082163129486
image,cover_00291.png,lsb_matching,0.4,55.13816683131651
image,cover_00291.png,dct_qim,0.1,48.506569156599085
image,cover_00291.png,dct_qim,0.2,48.505557674046116
image,cover_00291.png,dct_qim,0.4,48.45585288078938
image,cover_00292.png,lsb,0.1,61.04904579133832
image,cover_00292.png,lsb,0.2,58.093588320059695
image,cover_00292.png,lsb,0.4,55.03201564422339
image,cover_00292.png,lsb_matching,0.1,61.058138246800446
image,cover_00292.png,lsb_matching,0.2,58.236518364174124
image,cover_00292.png,lsb_matching,0.4,55.08723231236872
image,cover_00292.png,dct_qim,0.1,48.577524124925034
image,cover_00292.png,dct_qim,0.2,48.537824193808014
image,cover_00292.png,dct_qim,0.4,48.62293082124137
image,cover_00293.png,lsb,0.1,61.20626765441577
image,cover_00293.png,lsb,0.2,58.114664223449736
image,cover_00293.png,lsb,0.4,55.118913509291666
image,cover_00293.png,lsb_matching,0.1,61.21165258358556
image,cover_00293.png,lsb_matching,0.2,58.16312990594004
image,cover_00293.png,lsb_matching,0.4,55.084602615153024
image,cover_00293.png,dct_qim,0.1,48.39282166323868
image,cover_00293.png,dct_qim,0.2,48.53520493766849
image,cover_00293.png,dct_qim,0.4,48.51040047598382
image,cover_00294.png,lsb,0.1,61.089457696133735
image,cover_00294.png,lsb,0.2,58.160460199497265
image,cover_00294.png,lsb,0.4,55.096448812336185
image,cover_00294.png,lsb_matching,0.1,61.26996622384246
image,cover_00294.png,lsb_matching,0.2,58.103454916092254
image,cover_00294.png,lsb_matching,0.4,55.12886146695663
image,cover_00294.png,dct_qim,0.1,48.58789257556112
image,cover_00294.png,dct_qim,0.2,48.54722285507794
image,cover_00294.png,dct_qim,0.4,48.53651436827711
image,cover_00295.png,lsb,0.1,61.146142861836054
image,cover_00295.png,lsb,0.2,58.15979302923417
image,cover_00295.png,lsb,0.4,55.07934799283138
image,cover_00295.png,lsb_matching,0.1,61.09469963378767
image,cover_00295.png,lsb_matching,0.2,58.11202413533255
image,cover_00295.png,lsb_matching,0.4,55.173911434899495
image,cover_00295.png,dct_qim,0.1,48.51394564866505
image,cover_00295.png,dct_qim,0.2,48.46650726088969
image,cover_00295.png,dct_qim,0.4,48.60131266768674
image,cover_00296.png,lsb,0.1,61.24003352827788
image,cover_00296.png,lsb,0.2,58.14647110216535
image,cover_00296.png,lsb,0.4,55.09249648855147
image,cover_00296.png,lsb_matching,0.1,61.16742532926736
image,cover_00296.png,lsb_matching,0.2,58.11928824301094
image,cover_00296.png,lsb_matching,0.4,55.13916501821669
image,cover_00296.png,dct_qim,0.1,48.69975537172632
image,cover_00296.png,dct_qim,0.2,48.78789702048342
image,cover_00296.png,dct_qim,0.4,48.79414602953482
image,cover_00297.png,lsb,0.1,61.19283447074255
image,cover_00297.png,lsb,0.2,58.11928824301094
image,cover_00297.png,lsb,0.4,55.16921780873117
image,cover_00297.png,lsb_matching,0.1,61.13951342257129
image,cover_00297.png,lsb_matching,0.2,58.21754759220985
image,cover_00297.png,lsb_matching,0.4,55.13750150081823
image,cover_00297.png,dct_qim,0.1,48.58752447635855
image,cover_00297.png,dct_qim,0.2,48.56520245743055
image,cover_00297.png,dct_qim,0.4,48.53244187999554
image,cover_00298.png,lsb,0.1,61.20626765441577
image,cover_00298.png,lsb,0.2,58.09096100913925
image,cover_00298.png,lsb,0.4,55.117257729478624
image,cover_00298.png,lsb_matching,0.1,61.170092985873985
image,cover_00298.png,lsb_matching,0.2,58.125902537343094
image,cover_00298.png,lsb_matching,0.4,55.09875599667559
image,cover_00298.png,dct_qim,0.1,48.582447890867904
image,cover_00298.png,dct_qim,0.2,48.65376684217553
image,cover_00298.png,dct_qim,0.4,48.585978800314145
image,cover_00299.png,lsb,0.1,61.01930390620271
image,cover_00299.png,lsb,0.2,58.143811613521905
image,cover_00299.png,lsb,0.4,55.10931876195011
image,cover_00299.png,lsb_matching,0.1,61.21974251728599
image,cover_00299.png,lsb_matching,0.2,58.15845899610464
image,cover_00299.png,lsb_matching,0.4,55.104364266809924
image,cover_00299.png,dct_qim,0.1,48.059230694569806
image,cover_00299.png,dct_qim,0.2,47.986061225085166
image,cover_00299.png,dct_qim,0.4,47.97850448894706
image,cover_00300.png,lsb,0.1,61.144816164156865
image,cover_00300.png,lsb,0.2,58.150463391233714
image,cover_00300.png,lsb,0.4,55.073116375135555
image,cover_00300.png,lsb_matching,0.1,61.186133428186366
image,cover_00300.png,lsb_matching,0.2,58.182534514102734
image,cover_00300.png,lsb_matching,0.4,55.107666635472604
image,cover_00300.png,dct_qim,0.1,48.57891984979664
image,cover_00300.png,dct_qim,0.2,48.44543831108296
image,cover_00300.png,dct_qim,0.4,48.42865643577373
image,cover_00301.png,lsb,0.1,61.131571430442065
image,cover_00301.png,lsb,0.2,58.13517950569613
image,cover_00301.png,lsb,0.4,55.1285295009852
image,cover_00301.png,lsb_matching,0.1,61.10126096577906
image,cover_00301.png,lsb_matching,0.2,58.14314699575046
image,cover_00301.png,lsb_matching,0.4,55.09842632386114
image,cover_00301.png,dct_qim,0.1,48.04530347842528
image,cover_00301.png,dct_qim,0.2,48.05148060915844
image,cover_00301.png,dct_qim,0.4,48.19139575185268
image,cover_00302.png,lsb,0.1,61.1554411109096
image,cover_00302.png,lsb,0.2,58.160460199497265
image,cover_00302.png,lsb,0.4,55.0803327503623
image,cover_00302.png,lsb_matching,0.1,61.15012538831323
image,cover_00302.png,lsb_matching,0.2,58.12127147380225
image,cover_00302.png,lsb_matching,0.4,55.118582302822944
image,cover_00302.png,dct_qim,0.1,48.62189187472969
image,cover_00302.png,dct_qim,0.2,48.59356524667689
image,cover_00302.png,dct_qim,0.4,48.50974963628647
image,cover_00303.png,lsb,0.1,61.15810141409786
image,cover_00303.png,lsb,0.2,58.1551257049601
image,cover_00303.png,lsb,0.4,55.16620315407529
image,cover_00303.png,lsb_matching,0.1,61.13818874822244
image,cover_00303.png,lsb_matching,0.2,58.131864027392474
image,cover_00303.png,lsb_matching,0.4,55.14582546706302
image,cover_00303.png,dct_qim,0.1,49.626774322587906
image,cover_00303.png,dct_qim,0.2,49.519442150333
image,cover_00303.png,dct_qim,0.4,49.589155903661755
image,cover_00304.png,lsb,0.1,61.12496418008955
image,cover_00304.png,lsb,0.2,58.04848848026875
image,cover_00304.png,lsb,0.4,55.134841197629974
image,cover_00304.png,lsb_matching,0.1,61.12628482623597
image,cover_00304.png,lsb_matching,0.2,58.13650640604835
image,cover_00304.png,lsb_matching,0.4,55.09974516529825
image,cover_00304.png,dct_qim,0.1,49.165992887510676
image,cover_00304.png,dct_qim,0.2,49.14443144000096
image,cover_00304.png,dct_qim,0.4,49.103699244330066
image,cover_00305.png,lsb,0.1,61.16742532926736
image,cover_00305.png,lsb,0.2,58.15179497021671
image,cover_00305.png,lsb,0.4,55.09809667607025
image,cover_00305.png,lsb_matching,0.1,61.05294022724631
image,cover_00305.png,lsb_matching,0.2,58.115984869596154
image,cover_00305.png,lsb_matching,0.4,55.14882600480732
image,cover_00305.png,dct_qim,0.1,48.647940393144
image,cover_00305.png,dct_qim,0.2,48.650852640572005
image,cover_00305.png,dct_qim,0.4,48.661248101573264
image,cover_00306.png,lsb,0.1,61.22649565940091
image,cover_00306.png,lsb,0.2,58.16312990594004
image,cover_00306.png,lsb,0.4,55.12587468631155
image,cover_00306.png,lsb_matching,0.1,61.030917790221324
image,cover_00306.png,lsb_matching,0.2,58.11070469287396
image,cover_00306.png,lsb_matching,0.4,55.13750150081823
image,cover_00306.png,dct_qim,0.1,48.60508069333537
image,cover_00306.png,dct_qim,0.2,48.59710521004558
image,cover_00306.png,dct_qim,0.4,48.52989851272885
image,cover_00307.png,lsb,0.1,61.12760587409985
image,cover_00307.png,lsb,0.2,58.11862736728585
image,cover_00307.png,lsb,0.4,55.115271626630424
image,cover_00307.png,lsb_matching,0.1,61.1968600648689
image,cover_00307.png,lsb_matching,0.2,58.12193275204015
image,cover_00307.png,lsb_matching,0.4,55.146825415987735
image,cover_00307.png,dct_qim,0.1,48.52452600637479
image,cover_00307.png,dct_qim,0.2,48.514379950385674
image,cover_00307.png,dct_qim,0.4,48.476254933778385
image,cover_00308.png,lsb,0.1,61.1368644777993
image,cover_00308.png,lsb,0.2,58.15845899610464
image,cover_00308.png,lsb,0.4,55.097767053299116
image,cover_00308.png,lsb_matching,0.1,61.146142861836054
image,cover_00308.png,lsb_matching,0.2,58.184546844736786
image,cover_00308.png,lsb_matching,0.4,55.08986360285759
image,cover_00308.png,dct_qim,0.1,48.31808162840898
image,cover_00308.png,dct_qim,0.2,48.37799487478704
image,cover_00308.png,dct_qim,0.4,48.36307871286566
image,cover_00309.png,lsb,0.1,61.146142861836054
image,cover_00309.png,lsb,0.2,58.17918270038459
image,cover_00309.png,lsb,0.4,55.17256988115679
image,cover_00309.png,lsb_matching,0.1,61.099947906111
image,cover_00309.png,lsb_matching,0.2,58.119949219318286
image,cover_00309.png,lsb_matching,0.4,55.15583533201763
image,cover_00309.png,dct_qim,0.1,48.55591101091392
image,cover_00309.png,dct_qim,0.2,48.53818810435188
image,cover_00309.png,dct_qim,0.4,48.46292905087032
image,cover_00310.png,lsb,0.1,61.09338855609649
image,cover_00310.png,lsb,0.2,58.15579215855138
image,cover_00310.png,lsb,0.4,55.082631386666634
image,cover_00310.png,lsb_matching,0.1,61.11573088466531
image,cover_00310.png,lsb_matching,0.2,58.10477215747907
image,cover_00310.png,lsb_matching,0.4,55.11361723446573
image,cover_00310.png,dct_qim,0.1,48.53949843485248
image,cover_00310.png,dct_qim,0.2,48.54576436535102
image,cover_00310.png,dct_qim,0.4,48.55393822371151
image,cover_00311.png,lsb,0.1,61.21569566671918
image,cover_00311.png,lsb,0.2,58.09621722136214
image,cover_00311.png,lsb,0.4,55.09677833506626
image,cover_00311.png,lsb_matching,0.1,61.099947906111
image,cover_00311.png,lsb_matching,0.2,58.11928824301094
image,cover_00311.png,lsb_matching,0.4,55.16519873403789
image,cover_00311.png,dct_qim,0.1,48.24583077142983
image,cover_00311.png,dct_qim,0.2,48.2330567955766
image,cover_00311.png,dct_qim,0.4,48.32431303695057
image,cover_00312.png,lsb,0.1,61.12232409197236
image,cover_00312.png,lsb,0.2,58.17985285621016
image,cover_00312.png,lsb,0.4,55.160180115376455
image,cover_00312.png,lsb_matching,0.1,61.182117760013966
image,cover_00312.png,lsb_matching,0.2,58.12259413098288
image,cover_00312.png,lsb_matching,0.4,55.158508530421045
image,cover_00312.png,dct_qim,0.1,48.029478151617305
image,cover_00312.png,dct_qim,0.2,48.11017702811187
image,cover_00312.png,dct_qim,0.4,48.051220342186916
image,cover_00313.png,lsb,0.1,61.09207787408292
image,cover_00313.png,lsb,0.2,58.14713622887146
image,cover_00313.png,lsb,0.4,55.11328643164582
image,cover_00313.png,lsb_matching,0.1,61.19149343481432
image,cover_00313.png,lsb_matching,0.2,58.14580607730853
image,cover_00313.png,lsb_matching,0.4,55.1212326620899
image,cover_00313.png,dct_qim,0.1,48.496104485116916
image,cover_00313.png,dct_qim,0.2,48.59717898997404
image,cover_00313.png,dct_qim,0.4,48.570112265728376
image,cover_00314.png,lsb,0.1,61.2143475540841
image,cover_00314.png,lsb,0.2,58.20472160145263
image,cover_00314.png,lsb,0.4,55.11163279540034
image,cover_00314.png,lsb_matching,0.1,61.123643935416354
image,cover_00314.png,lsb_matching,0.2,58.16513326331501
image,cover_00314.png,lsb_matching,0.4,55.09315495945244
image,cover_00314.png,dct_qim,0.1,48.44800396827604
image,cover_00314.png,dct_qim,0.2,48.52467112189796
image,cover_00314.png,dct_qim,0.4,48.516696960013974
image,cover_00315.png,lsb,0.1,61.11177975946265
image,cover_00315.png,lsb,0.2,58.12193275204015
image,cover_00315.png,lsb,0.4,55.11626456451968
image,cover_00315.png,lsb_matching,0.1,61.175433219954826
image,cover_00315.png,lsb_matching,0.2,58.15445935362484
image,cover_00315.png,lsb_matching,0.4,55.121895504707034
image,cover_00315.png,dct_qim,0.1,48.54321318632671
image,cover_00315.png,dct_qim,0.2,48.49343822281383
image,cover_00315.png,dct_qim,0.4,48.54452503407527
image,cover_00316.png,lsb,0.1,61.24138963908328
image,cover_00316.png,lsb,0.2,58.14115375247259
image,cover_00316.png,lsb,0.4,55.15349763241616
image,cover_00316.png,lsb_matching,0.1,61.23461331563169
image,cover_00316.png,lsb_matching,0.2,58.09884771497317
image,cover_00316.png,lsb_matching,0.4,55.13317933528274
image,cover_00316.png,dct_qim,0.1,48.525324201764036
image,cover_00316.png,dct_qim,0.2,48.601164968570316
image,cover_00316.png,dct_qim,0.4,48.568426183404156
image,cover_00317.png,lsb,0.1,61.11968560779702
image,cover_00317.png,lsb,0.2,58.081122724740794
image,cover_00317.png,lsb,0.4,55.13351165688209
image,cover_00317.png,lsb_matching,0.1,61.10914767161297
image,cover_00317.png,lsb_matching,0.2,58.16847424726241
image,cover_00317.png,lsb_matching,0.4,55.145492201911566
image,cover_00317.png,dct_qim,0.1,48.512715362924766
image,cover_00317.png,dct_qim,0.2,48.550579241422575
image,cover_00317.png,dct_qim,0.4,48.575174443837575
image,cover_00318.png,lsb,0.1,61.16742532926736
image,cover_00318.png,lsb,0.2,58.06673343657459
image,cover_00318.png,lsb,0.4,55.134841197629974
image,cover_00318.png,lsb_matching,0.1,61.058138246800446
image,cover_00318.png,lsb_matching,0.2,58.096874695410634
image,cover_00318.png,lsb_matching,0.4,55.15349763241616
image,cover_00318.png,dct_qim,0.1,48.43348524440251
image,cover_00318.png,dct_qim,0.2,48.53171505163345
image,cover_00318.png,dct_qim,0.4,48.456567122188744
image,cover_00319.png,lsb,0.1,61.22919985925107
image,cover_00319.png,lsb,0.2,58.11928824301094
image,cover_00319.png,lsb,0.4,55.164194546245284
image,cover_00319.png,lsb_matching,0.1,61.182117760013966
image,cover_00319.png,lsb_matching,0.2,58.06086062321308
image,cover_00319.png,lsb_matching,0.4,55.10898828637113
image,cover_00319.png,dct_qim,0.1,48.149265319121675
image,cover_00319.png,dct_qim,0.2,48.11942043022485
image,cover_00319.png,dct_qim,0.4,48.115984869596154
image,cover_00320.png,lsb,0.1,61.030917790221324
image,cover_00320.png,lsb,0.2,58.20404759744429
image,cover_00320.png,lsb,0.4,55.157171725541225
image,cover_00320.png,lsb_matching,0.1,61.05683815853478
image,cover_00320.png,lsb_matching,0.2,58.083744088827636
image,cover_00320.png,lsb_matching,0.4,55.134841197629974
image,cover_00320.png,dct_qim,0.1,48.53135168306263
image,cover_00320.png,dct_qim,0.2,48.595851142994974
image,cover_00320.png,dct_qim,0.4,48.50664141436808
image,cover_00321.png,lsb,0.1,61.21704419795778
image,cover_00321.png,lsb,0.2,58.13717000828343
image,cover_00321.png,lsb,0.4,55.09908569451739
image,cover_00321.png,lsb_matching,0.1,61.04904579133832
image,cover_00321.png,lsb_matching,0.2,58.12325561066111
image,cover_00321.png,lsb_matching,0.4,55.09611931460688
image,cover_00321.png,dct_qim,0.1,48.104245212980096
image,cover_00321.png,dct_qim,0.2,48.07483789891868
image,cover_00321.png,dct_qim,0.4,48.16740485273725
image,cover_00322.png,lsb,0.1,61.11836696657874
image,cover_00322.png,lsb,0.2,58.1832051873832
image,cover_00322.png,lsb,0.4,55.1103103395987
image,cover_00322.png,lsb_matching,0.1,61.168758952744454
image,cover_00322.png,lsb_matching,0.2,58.13120123535471
image,cover_00322.png,lsb_matching,0.4,55.1212326620899
image,cover_00322.png,dct_qim,0.1,48.519160137951246
image,cover_00322.png,dct_qim,0.2,48.584875082704144
image,cover_00322.png,dct_qim,0.4,48.56556866943834
image,cover_00323.png,lsb,0.1,61.12232409197236
image,cover_00323.png,lsb,0.2,58.1966404488917
image,cover_00323.png,lsb,0.4,55.08723231236872
image,cover_00323.png,lsb_matching,0.1,61.13951342257129
image,cover_00323.png,lsb_matching,0.2,58.0857111507556
image,cover_00323.png,lsb_matching,0.4,55.15216236881793
image,cover_00323.png,dct_qim,0.1,48.5739266926367
image,cover_00323.png,dct_qim,0.2,48.541901734720604
image,cover_00323.png,dct_qim,0.4,48.55503410596523
image,cover_00324.png,lsb,0.1,61.183455903552215
image,cover_00324.png,lsb,0.2,58.1551257049601
image,cover_00324.png,lsb,0.4,55.1103103395987
image,cover_00324.png,lsb_matching,0.1,61.134217147745346
image,cover_00324.png,lsb_matching,0.2,58.13451620751705
image,cover_00324.png,lsb_matching,0.4,55.12156407075266
image,cover_00324.png,dct_qim,0.1,48.554814907390906
image,cover_00324.png,dct_qim,0.2,48.5534269066127
image,cover_00324.png,dct_qim,0.4,48.535932350376044
image,cover_00325.png,lsb,0.1,61.1968600648689
image,cover_00325.png,lsb,0.2,58.15379310451422
image,cover_00325.png,lsb,0.4,55.15750588818664
image,cover_00325.png,lsb_matching,0.1,61.09338855609649
image,cover_00325.png,lsb_matching,0.2,58.102138074111565
image,cover_00325.png,lsb_matching,0.4,55.13583862036792
image,cover_00325.png,dct_qim,0.1,48.41307050243295
image,cover_00325.png,dct_qim,0.2,48.41859002635196
image,cover_00325.png,dct_qim,0.4,48.496464916413466
image,cover_00326.png,lsb,0.1,61.1968600648689
image,cover_00326.png,lsb,0.2,58.099505587400245
image,cover_00326.png,lsb,0.4,55.122226963956884
image,cover_00326.png,lsb_matching,0.1,61.144816164156865
image,cover_00326.png,lsb_matching,0.2,58.14979775481291
image,cover_00326.png,lsb_matching,0.4,55.115271626630424
image,cover_00326.png,dct_qim,0.1,48.43647042826551
image,cover_00326.png,dct_qim,0.2,48.44187741091542
image,cover_00326.png,dct_qim,0.4,48.372456610762335
image,cover_00327.png,lsb,0.1,61.1038882766995
image,cover_00327.png,lsb,0.2,58.08964794947119
image,cover_00327.png,lsb,0.4,55.13783415332646
image,cover_00327.png,lsb_matching,0.1,61.134217147745346
image,cover_00327.png,lsb_matching,0.2,58.18186394437716
image,cover_00327.png,lsb_matching,0.4,55.13583862036792
image,cover_00327.png,dct_qim,0.1,48.608186229900824
image,cover_00327.png,dct_qim,0.2,48.568939269602055
image,cover_00327.png,dct_qim,0.4,48.48602453439472
image,cover_00328.png,lsb,0.1,61.1514537091124
image,cover_00328.png,lsb,0.2,58.11796659211242
image,cover_00328.png,lsb,0.4,55.127865645157094
image,cover_00328.png,lsb_matching,0.1,61.200889393890606
image,cover_00328.png,lsb_matching,0.2,58.03291072097883
image,cover_00328.png,lsb_matching,0.4,55.14782559520047
image,cover_00328.png,dct_qim,0.1,48.505774400476625
image,cover_00328.png,dct_qim,0.2,48.37476920396762
image,cover_00328.png,dct_qim,0.4,48.403251783192545
image,cover_00329.png,lsb,0.1,61.12100464951377
image,cover_00329.png,lsb,0.2,58.137833711932466
image,cover_00329.png,lsb,0.4,55.16252141573223
image,cover_00329.png,lsb_matching,0.1,61.0973229771589
image,cover_00329.png,lsb_matching,0.2,58.1993324959756
image,cover_00329.png,lsb_matching,0.4,55.079019789935394
image,cover_00329.png,dct_qim,0.1,48.4917816411637
image,cover_00329.png,dct_qim,0.2,48.55072523012182
image,cover_00329.png,dct_qim,0.4,48.446863489062814
image,cover_00330.png,lsb,0.1,61.18881260459399
image,cover_00330.png,lsb,0.2,58.12061029623851
image,cover_00330.png,lsb,0.4,55.115271626630424
image,cover_00330.png,lsb_matching,0.1,61.2143475540841
image,cover_00330.png,lsb_matching,0.2,58.19126135568936
image,cover_00330.png,lsb_matching,0.4,55.150493866427354
image,cover_00330.png,dct_qim,0.1,48.550214291143035
image,cover_00330.png,dct_qim,0.2,48.546128941866186
image,cover_00330.png,dct_qim,0.4,48.422202742346364
image,cover_00331.png,lsb,0.1,61.089457696133735
image,cover_00331.png,lsb,0.2,58.09555984683291
image,cover_00331.png,lsb,0.4,55.115271626630424
image,cover_00331.png,lsb_matching,0.1,61.199545868800534
image,cover_00331.png,lsb_matching,0.2,58.1424824796725
image,cover_00331.png,lsb_matching,0.4,55.10040473623415
image,cover_00331.png,dct_qim,0.1,48.3746991072898
image,cover_00331.png,dct_qim,0.2,48.48451455762143
image,cover_00331.png,dct_qim,0.4,48.38712387526178
image,cover_00332.png,lsb,0.1,61.12100464951377
image,cover_00332.png,lsb,0.2,58.171817803374154
image,cover_00332.png,lsb,0.4,55.088218859486666
image,cover_00332.png,lsb_matching,0.1,61.15810141409786
image,cover_00332.png,lsb_matching,0.2,58.115984869596154
image,cover_00332.png,lsb_matching,0.4,55.109649262678474
image,cover_00332.png,dct_qim,0.1,48.46944359460006
image,cover_00332.png,dct_qim,0.2,48.507291788394795
image,cover_00332.png,dct_qim,0.4,48.48278951248841
image,cover_00333.png,lsb,0.1,61.128927323925666
image,cover_00333.png,lsb,0.2,58.07588473849567
image,cover_00333.png,lsb,0.4,55.12487954905632
image,cover_00333.png,lsb_matching,0.1,61.17142742890769
image,cover_00333.png,lsb_matching,0.2,58.15445935362484
image,cover_00333.png,lsb_matching,0.4,55.09183811747175
image,cover_00333.png,dct_qim,0.1,49.96273671663423
image,cover_00333.png,dct_qim,0.2,50.032096572288964
image,cover_00333.png,dct_qim,0.4,49.93775055957958
image,cover_00334.png,lsb,0.1,61.0973229771589
image,cover_00334.png,lsb,0.2,58.102138074111565
image,cover_00334.png,lsb,0.4,55.12819756038665
image,cover_00334.png,lsb_matching,0.1,61.17142742890769
image,cover_00334.png,lsb_matching,0.2,58.177842698887055
image,cover_00334.png,lsb_matching,0.4,55.0492566747247
image,cover_00334.png,dct_qim,0.1,48.11387202848465
image,cover_00334.png,dct_qim,0.2,48.12127147380225
image,cover_00334.png,dct_qim,0.4,48.08400631228014
image,cover_00335.png,lsb,0.1,61.16742532926736
image,cover_00335.png,lsb,0.2,58.11532449632353
image,cover_00335.png,lsb,0.4,55.15216236881793
image,cover_00335.png,lsb_matching,0.1,61.199545868800534
image,cover_00335.png,lsb_matching,0.2,58.147801457458044
image,cover_00335.png,lsb_matching,0.4,55.10832741064604
image,cover_00335.png,dct_qim,0.1,48.575247852132144
image,cover_00335.png,dct_qim,0.2,48.52641288649563
image,cover_00335.png,dct_qim,0.4,48.551601265388335
image,cover_00336.png,lsb,0.1,61.170092985873985
image,cover_00336.png,lsb,0.2,58.11862736728585
image,cover_00336.png,lsb,0.4,55.16452924971114
image,cover_00336.png,lsb_matching,0.1,61.08291415893224
image,cover_00336.png,lsb_matching,0.2,58.081122724740794
image,cover_00336.png,lsb_matching,0.4,55.13750150081823
image,cover_00336.png,dct_qim,0.1,48.52822796773533
image,cover_00336.png,dct_qim,0.2,48.53877042465565
image,cover_00336.png,dct_qim,0.4,48.4618561624983
image,cover_00337.png,lsb,0.1,61.1514537091124
image,cover_00337.png,lsb,0.2,58.1524609128415
image,cover_00337.png,lsb,0.4,55.121895504707034
image,cover_00337.png,lsb_matching,0.1,61.081606633762334
image,cover_00337.png,lsb_matching,0.2,58.11136436399531
image,cover_00337.png,lsb_matching,0.4,55.126206449408535
image,cover_00337.png,dct_qim,0.1,49.57915444839279
image,cover_00337.png,dct_qim,0.2,49.540569067636525
image,cover_00337.png,dct_qim,0.4,49.51315139564567
image,cover_00338.png,lsb,0.1,61.04774842170387
image,cover_00338.png,lsb,0.2,58.09621722136214
image,cover_00338.png,lsb,0.4,55.12521123613931
image,cover_00338.png,lsb_matching,0.1,61.06073959148382
image,cover_00338.png,lsb_matching,0.2,58.11862736728585
image,cover_00338.png,lsb_matching,0.4,55.129193458304805
image,cover_00338.png,dct_qim,0.1,49.483642954809156
image,cover_00338.png,dct_qim,0.2,49.42950831358119
image,cover_00338.png,dct_qim,0.4,49.50250524505895
image,cover_00339.png,lsb,0.1,61.1025744225618
image,cover_00339.png,lsb,0.2,58.11268400691613
image,cover_00339.png,lsb,0.4,55.159511404185814
image,cover_00339.png,lsb_matching,0.1,61.11573088466531
image,cover_00339.png,lsb_matching,0.2,58.16646934848754
image,cover_00339.png,lsb_matching,0.4,55.118913509291666
image,cover_00339.png,dct_qim,0.1,48.61321895452152
image,cover_00339.png,dct_qim,0.2,48.545108204738526
image,cover_00339.png,dct_qim,0.4,48.5100388863328
image,cover_00340.png,lsb,0.1,61.06334249525908
image,cover_00340.png,lsb,0.2,58.085055364447214
image,cover_00340.png,lsb,0.4,55.123221493517896
image,cover_00340.png,lsb_matching,0.1,61.088148199721275
image,cover_00340.png,lsb_matching,0.2,58.114664223449736
image,cover_00340.png,lsb_matching,0.4,55.10007493824492
image,cover_00340.png,dct_qim,0.1,48.62590061010419
image,cover_00340.png,dct_qim,0.2,48.53877042465565
image,cover_00340.png,dct_qim,0.4,48.55971297971831
image,cover_00341.png,lsb,0.1,61.14083850109233
image,cover_00341.png,lsb,0.2,58.0857111507556
image,cover_00341.png,lsb,0.4,55.11692664925593
image,cover_00341.png,lsb_matching,0.1,61.14746996492324
image,cover_00341.png,lsb_matching,0.2,58.126564521159494
image,cover_00341.png,lsb_matching,0.4,55.09315495945244
image,cover_00341.png,dct_qim,0.1,49.90691816463007
image,cover_00341.png,dct_qim,0.2,49.806248557208
image,cover_00341.png,dct_qim,0.4,49.90133571631366
image,cover_00342.png,lsb,0.1,61.110463516137216
image,cover_00342.png,lsb,0.2,58.10411348684475
image,cover_00342.png,lsb,0.4,55.1491595258933
image,cover_00342.png,lsb_matching,0.1,61.12100464951377
image,cover_00342.png,lsb_matching,0.2,58.15712537262755
image,cover_00342.png,lsb_matching,0.4,55.11791996565237
image,cover_00342.png,dct_qim,0.1,48.40861754080854
image,cover_00342.png,dct_qim,0.2,48.45185529824167
image,cover_00342.png,dct_qim,0.4,48.50938810081745
image,cover_00343.png,lsb,0.1,61.24003352827788
image,cover_00343.png,lsb,0.2,58.169142752584904
image,cover_00343.png,lsb,0.4,55.13883226375772
image,cover_00343.png,lsb_matching,0.1,61.07246496334942
image,cover_00343.png,lsb_matching,0.2,58.1424824796725
image,cover_00343.png,lsb_matching,0.4,55.115933559998425
image,cover_00343.png,dct_qim,0.1,49.49251979000794
image,cover_00343.png,dct_qim,0.2,49.53369840520205
image,cover_00343.png,dct_qim,0.4,49.547909774761834
image,cover_00344.png,lsb,0.1,61.159432177037345
image,cover_00344.png,lsb,0.2,58.1054309280255
image,cover_00344.png,lsb,0.4,55.068530371732614
image,cover_00344.png,lsb_matching,0.1,61.11968560779702
image,cover_00344.png,lsb_matching,0.2,58.15112912969121
image,cover_00344.png,lsb_matching,0.4,55.16352521668874
image,cover_00344.png,dct_qim,0.1,48.613070849935795
image,cover_00344.png,dct_qim,0.2,48.63638534187832
image,cover_00344.png,dct_qim,0.4,48.6774517387854
image,cover_00345.png,lsb,0.1,61.1302491759581
image,cover_00345.png,lsb,0.2,58.137833711932466
image,cover_00345.png,lsb,0.4,55.10898828637113
image,cover_00345.png,lsb_matching,0.1,61.15012538831323
image,cover_00345.png,lsb_matching,0.2,58.13717000828343
image,cover_00345.png,lsb_matching,0.4,55.12587468631155
image,cover_00345.png,dct_qim,0.1,48.54700405039144
image,cover_00345.png,dct_qim,0.2,48.580095545066406
image,cover_00345.png,dct_qim,0.4,48.5757617449398
image,cover_00346.png,lsb,0.1,61.18078002865608
image,cover_00346.png,lsb,0.2,58.08636703610292
image,cover_00346.png,lsb,0.4,55.15984574691041
image,cover_00346.png,lsb_matching,0.1,61.168758952744454
image,cover_00346.png,lsb_matching,0.2,58.15179497021671
image,cover_00346.png,lsb_matching,0.4,55.13750150081823
image,cover_00346.png,dct_qim,0.1,48.035697630604126
image,cover_00346.png,dct_qim,0.2,48.11347598518452
image,cover_00346.png,dct_qim,0.4,48.04536845512014
image,cover_00347.png,lsb,0.1,61.09207787408292
image,cover_00347.png,lsb,0.2,58.174494502885096
image,cover_00347.png,lsb,0.4,55.06722097402343
image,cover_00347.png,lsb_matching,0.1,61.132894087622695
image,cover_00347.png,lsb_matching,0.2,58.11862736728585
image,cover_00347.png,lsb_matching,0.4,55.1414950135769
image,cover_00347.png,dct_qim,0.1,48.57568832795852
image,cover_00347.png,dct_qim,0.2,48.60027887934122
image,cover_00347.png,dct_qim,0.4,48.5795076576469
image,cover_00348.png,lsb,0.1,61.10651717800195
image,cover_00348.png,lsb,0.2,58.17048007201627
image,cover_00348.png,lsb,0.4,55.173576007610734
image,cover_00348.png,lsb_matching,0.1,61.07768641852486
image,cover_00348.png,lsb_matching,0.2,58.13120123535471
image,cover_00348.png,lsb_matching,0.4,55.082631386666634
image,cover_00348.png,dct_qim,0.1,49.81063670027006
image,cover_00348.png,dct_qim,0.2,49.82304498290391
image,cover_00348.png,dct_qim,0.4,49.89675549575305
image,cover_00349.png,lsb,0.1,61.23190574396105
image,cover_00349.png,lsb,0.2,58.11928824301094
image,cover_00349.png,lsb,0.4,55.12255844850607
image,cover_00349.png,lsb_matching,0.1,61.11573088466531
image,cover_00349.png,lsb_matching,0.2,58.11070469287396
image,cover_00349.png,lsb_matching,0.4,55.08690351312421
image,cover_00349.png,dct_qim,0.1,48.491277589536466
image,cover_00349.png,dct_qim,0.2,48.54663940040936
image,cover_00349.png,dct_qim,0.4,48.500648106963645
image,cover_00350.png,lsb,0.1,61.17676930512735
image,cover_00350.png,lsb,0.2,58.11532449632353
image,cover_00350.png,lsb,0.4,55.10898828637113
image,cover_00350.png,lsb_matching,0.1,61.134217147745346
image,cover_00350.png,lsb_matching,0.2,58.102138074111565
image,cover_00350.png,lsb_matching,0.4,55.10139428049522
image,cover_00350.png,dct_qim,0.1,48.516117591707484
image,cover_00350.png,dct_qim,0.2,48.56124933418706
image,cover_00350.png,dct_qim,0.4,48.55905470842959
image,cover_00351.png,lsb,0.1,61.175433219954826
image,cover_00351.png,lsb,0.2,58.147801457458044
image,cover_00351.png,lsb,0.4,55.107666635472604
image,cover_00351.png,lsb_matching,0.1,61.110463516137216
image,cover_00351.png,lsb_matching,0.2,58.09884771497317
image,cover_00351.png,lsb_matching,0.4,55.15182861705454
image,cover_00351.png,dct_qim,0.1,48.575541497719165
image,cover_00351.png,dct_qim,0.2,48.556861191125
image,cover_00351.png,dct_qim,0.4,48.48530543235992
image,cover_00352.png,lsb,0.1,61.182117760013966
image,cover_00352.png,lsb,0.2,58.14580607730853
image,cover_00352.png,lsb,0.4,55.15650347737572
image,cover_00352.png,lsb_matching,0.1,61.081606633762334
image,cover_00352.png,lsb_matching,0.2,58.08964794947119
image,cover_00352.png,lsb_matching,0.4,55.1411620805537
image,cover_00352.png,dct_qim,0.1,48.54110048698452
image,cover_00352.png,dct_qim,0.2,48.56249344790513
image,cover_00352.png,dct_qim,0.4,48.615959800773496
image,cover_00353.png,lsb,0.1,61.230552590867376
image,cover_00353.png,lsb,0.2,58.09424539621179
image,cover_00353.png,lsb,0.4,55.11394806248485
image,cover_00353.png,lsb_matching,0.1,61.25225379689145
image,cover_00353.png,lsb_matching,0.2,58.081122724740794
image,cover_00353.png,lsb_matching,0.4,55.154165418197294
image,cover_00353.png,dct_qim,0.1,48.4877508652331
image,cover_00353.png,dct_qim,0.2,48.57172565287997
image,cover_00353.png,dct_qim,0.4,48.54999533569496
image,cover_00354.png,lsb,0.1,61.21974251728599
image,cover_00354.png,lsb,0.2,58.125240654415805
image,cover_00354.png,lsb,0.4,55.094472200839256
image,cover_00354.png,lsb_matching,0.1,61.21165258358556
image,cover_00354.png,lsb_matching,0.2,58.147801457458044
image,cover_00354.png,lsb_matching,0.4,55.150827515628066
image,cover_00354.png,dct_qim,0.1,48.17563259992842
image,cover_00354.png,dct_qim,0.2,48.02178093199114
image,cover_00354.png,dct_qim,0.4,48.050049333795045
image,cover_00355.png,lsb,0.1,61.123643935416354
image,cover_00355.png,lsb,0.2,58.092274465921996
image,cover_00355.png,lsb,0.4,55.122226963956884
image,cover_00355.png,lsb_matching,0.1,61.07638046608109
image,cover_00355.png,lsb_matching,0.2,58.16580125452129
image,cover_00355.png,lsb_matching,0.4,55.11361723446573
image,cover_00355.png,dct_qim,0.1,48.00430271206172
image,cover_00355.png,dct_qim,0.2,48.06314355149253
image,cover_00355.png,dct_qim,0.4,48.01732407866278
image,cover_00356.png,lsb,0.1,61.253613729521646
image,cover_00356.png,lsb,0.2,58.123917191105534
image,cover_00356.png,lsb,0.4,55.17894595552091
image,cover_00356.png,lsb_matching,0.1,61.089457696133735
image,cover_00356.png,lsb_matching,0.2,58.14580607730853
image,cover_00356.png,lsb_matching,0.4,55.14815903946483
image,cover_00356.png,dct_qim,0.1,48.40021882798026
image,cover_00356.png,dct_qim,0.2,48.507219519804174
image,cover_00356.png,dct_qim,0.4,48.496681189550536
image,cover_00357.png,lsb,0.1,61.14746996492324
image,cover_00357.png,lsb,0.2,58.10608979851437
image,cover_00357.png,lsb,0.4,55.07705109324755
image,cover_00357.png,lsb_matching,0.1,61.20223333473965
image,cover_00357.png,lsb_matching,0.2,58.11136436399531
image,cover_00357.png,lsb_matching,0.4,55.12421625087724
image,cover_00357.png,dct_qim,0.1,48.56974567040464
image,cover_00357.png,dct_qim,0.2,48.583845199279324
image,cover_00357.png,dct_qim,0.4,48.50035948166819
image,cover_00358.png,lsb,0.1,61.12628482623597
image,cover_00358.png,lsb,0.2,58.1551257049601
image,cover_00358.png,lsb,0.4,55.08920563076043
image,cover_00358.png,lsb_matching,0.1,61.1634269142367
image,cover_00358.png,lsb_matching,0.2,58.14115375247259
image,cover_00358.png,lsb_matching,0.4,55.1414950135769
image,cover_00358.png,dct_qim,0.1,48.17021257518399
image,cover_00358.png,dct_qim,0.2,48.09155201553418
image,cover_00358.png,dct_qim,0.4,48.17134955052637
image,cover_00359.png,lsb,0.1,61.089457696133735
image,cover_00359.png,lsb,0.2,58.075230434190246
image,cover_00359.png,lsb,0.4,55.1491595258933
image,cover_00359.png,lsb_matching,0.1,61.15411157016172
image,cover_00359.png,lsb_matching,0.2,58.1524609128415
image,cover_00359.png,lsb_matching,0.4,55.118582302822944
image,cover_00359.png,dct_qim,0.1,48.55276958735894
image,cover_00359.png,dct_qim,0.2,48.52837320701095
image,cover_00359.png,dct_qim,0.4,48.6053763630648
image,cover_00360.png,lsb,0.1,61.01157853537992
image,cover_00360.png,lsb,0.2,58.06934612717468
image,cover_00360.png,lsb,0.4,55.10832741064604
image,cover_00360.png,lsb_matching,0.1,61.20223333473965
image,cover_00360.png,lsb_matching,0.2,58.11664534329814
image,cover_00360.png,lsb_matching,0.4,55.115271626630424
image,cover_00360.png,dct_qim,0.1,48.596293713546565
image,cover_00360.png,dct_qim,0.2,48.533096129540596
image,cover_00360.png,dct_qim,0.4,48.62389577988635
image,cover_00361.png,lsb,0.1,61.175433219954826
image,cover_00361.png,lsb,0.2,58.1424824796725
image,cover_00361.png,lsb,0.4,55.12587468631155
image,cover_00361.png,lsb_matching,0.1,61.11968560779702
image,cover_00361.png,lsb_matching,0.2,58.200005768563415
image,cover_00361.png,lsb_matching,0.4,55.107666635472604
image,cover_00361.png,dct_qim,0.1,48.56388434983208
image,cover_00361.png,dct_qim,0.2,48.5312063441466
image,cover_00361.png,dct_qim,0.4,48.56534893852806
image,cover_00362.png,lsb,0.1,61.14746996492324
image,cover_00362.png,lsb,0.2,58.12921346593148
image,cover_00362.png,lsb,0.4,55.142160956201685
image,cover_00362.png,lsb_matching,0.1,61.15810141409786
image,cover_00362.png,lsb_matching,0.2,58.1731559469124
image,cover_00362.png,lsb_matching,0.4,55.13583862036792
image,cover_00362.png,dct_qim,0.1,48.15072967437056
image,cover_00362.png,dct_qim,0.2,48.12014753182861
image,cover_00362.png,dct_qim,0.4,48.14181806525691
image,cover_00363.png,lsb,0.1,61.208959284386665
image,cover_00363.png,lsb,0.2,58.16179484757754
image,cover_00363.png,lsb,0.4,55.175588960054206
image,cover_00363.png,lsb_matching,0.1,61.11573088466531
image,cover_00363.png,lsb_matching,0.2,58.20809319142015
image,cover_00363.png,lsb_matching,0.4,55.16352521668874
image,cover_00363.png,dct_qim,0.1,48.25304971853369
image,cover_00363.png,dct_qim,0.2,48.19704414958938
image,cover_00363.png,dct_qim,0.4,48.190186336080785
image,cover_00364.png,lsb,0.1,61.144816164156865
image,cover_00364.png,lsb,0.2,58.09293134330645
image,cover_00364.png,lsb,0.4,55.17928179783009
image,cover_00364.png,lsb_matching,0.1,61.14746996492324
image,cover_00364.png,lsb_matching,0.2,58.11532449632353
image,cover_00364.png,lsb_matching,0.4,55.14282700095708
image,cover_00364.png,dct_qim,0.1,49.11981316127673
image,cover_00364.png,dct_qim,0.2,49.15146699204488
image,cover_00364.png,dct_qim,0.4,49.11798280136423
image,cover_00365.png,lsb,0.1,61.14216398403229
image,cover_00365.png,lsb,0.2,58.07784824308146
image,cover_00365.png,lsb,0.4,55.16084892954872
image,cover_00365.png,lsb_matching,0.1,61.065946959996225
image,cover_00365.png,lsb_matching,0.2,58.17851264795418
image,cover_00365.png,lsb_matching,0.4,55.11097151716244
image,cover_00365.png,dct_qim,0.1,48.58185968495589
image,cover_00365.png,dct_qim,0.2,48.56183475507074
image,cover_00365.png,dct_qim,0.4,48.536150597948556
image,cover_00366.png,lsb,0.1,61.11968560779702
image,cover_00366.png,lsb,0.2,58.15379310451422
image,cover_00366.png,lsb,0.4,55.19711870735504
image,cover_00366.png,lsb_matching,0.1,61.183455903552215
image,cover_00366.png,lsb_matching,0.2,58.128551078250936
image,cover_00366.png,lsb_matching,0.4,55.08558856501969
image,cover_00366.png,dct_qim,0.1,48.56776659020746
image,cover_00366.png,dct_qim,0.2,48.55284261791881
image,cover_00366.png,dct_qim,0.4,48.486168369091
image,cover_00367.png,lsb,0.1,61.20626765441577
image,cover_00367.png,lsb,0.2,58.103454916092254
image,cover_00367.png,lsb,0.4,55.12819756038665
image,cover_00367.png,lsb_matching,0.1,61.13951342257129
image,cover_00367.png,lsb_matching,0.2,58.13650640604835
image,cover_00367.png,lsb_matching,0.4,55.107666635472604
image,cover_00367.png,dct_qim,0.1,49.94187143001177
image,cover_00367.png,dct_qim,0.2,49.85141398365274
image,cover_00367.png,dct_qim,0.4,49.738457418729
image,cover_00368.png,lsb,0.1,61.11309640183109
image,cover_00368.png,lsb,0.2,58.07326811252765
image,cover_00368.png,lsb,0.4,55.118251121611124
image,cover_00368.png,lsb_matching,0.1,61.16475931026465
image,cover_00368.png,lsb_matching,0.2,58.14048954128845
image,cover_00368.png,lsb_matching,0.4,55.15550129788148
image,cover_00368.png,dct_qim,0.1,48.586420365909895
image,cover_00368.png,dct_qim,0.2,48.595113625617415
image,cover_00368.png,dct_qim,0.4,48.41229267212177
image,cover_00369.png,lsb,0.1,61.19820275921227
image,cover_00369.png,lsb,0.2,58.1424824796725
image,cover_00369.png,lsb,0.4,55.09875599667559
image,cover_00369.png,lsb_matching,0.1,61.19551778551374
image,cover_00369.png,lsb_matching,0.2,58.171817803374154
image,cover_00369.png,lsb_matching,0.4,55.08328836341988
image,cover_00369.png,dct_qim,0.1,48.375750676271046
image,cover_00369.png,dct_qim,0.2,48.427237219127974
image,cover_00369.png,dct_qim,0.4,48.39873838674492
image,cover_00370.png,lsb,0.1,61.14083850109233
image,cover_00370.png,lsb,0.2,58.195967697775956
image,cover_00370.png,lsb,0.4,55.14949307259436
image,cover_00370.png,lsb_matching,0.1,61.15411157016172
image,cover_00370.png,lsb_matching,0.2,58.11334397877654
image,cover_00370.png,lsb_matching,0.4,55.093484232345354
image,cover_00370.png,dct_qim,0.1,48.52808273331674
image,cover_00370.png,dct_qim,0.2,48.534404924386216
image,cover_00370.png,dct_qim,0.4,48.48494592598827
image,cover_00371.png,lsb,0.1,61.13951342257129
image,cover_00371.png,lsb,0.2,58.18924591216072
image,cover_00371.png,lsb,0.4,55.134841197629974
image,cover_00371.png,lsb_matching,0.1,61.1514537091124
image,cover_00371.png,lsb_matching,0.2,58.107407839440725
image,cover_00371.png,lsb_matching,0.4,55.12753375529265
image,cover_00371.png,dct_qim,0.1,48.36042299035486
image,cover_00371.png,dct_qim,0.2,48.32653080532203
image,cover_00371.png,dct_qim,0.4,48.37511970432848
image,cover_00372.png,lsb,0.1,61.1038882766995
image,cover_00372.png,lsb,0.2,58.11796659211242
image,cover_00372.png,lsb,0.4,55.146158757790246
image,cover_00372.png,lsb_matching,0.1,61.199545868800534
image,cover_00372.png,lsb_matching,0.2,58.064774949588056
image,cover_00372.png,lsb_matching,0.4,55.12587468631155
image,cover_00372.png,dct_qim,0.1,48.06575408268183
image,cover_00372.png,dct_qim,0.2,48.050179430247354
image,cover_00372.png,dct_qim,0.4,48.07863389354684
image,cover_00373.png,lsb,0.1,61.128927323925666
image,cover_00373.png,lsb,0.2,58.2087678236264
image,cover_00373.png,lsb,0.4,55.13816683131651
image,cover_00373.png,lsb_matching,0.1,61.19015281284997
image,cover_00373.png,lsb_matching,0.2,58.131864027392474
image,cover_00373.png,lsb_matching,0.4,55.0901926262919
image,cover_00373.png,dct_qim,0.1,48.43384051585539
image,cover_00373.png,dct_qim,0.2,48.419793931128865
image,cover_00373.png,dct_qim,0.4,48.452069361192315
image,cover_00374.png,lsb,0.1,61.21839314805996
image,cover_00374.png,lsb,0.2,58.14580607730853
image,cover_00374.png,lsb,0.4,55.08756113650812
image,cover_00374.png,lsb_matching,0.1,61.15810141409786
image,cover_00374.png,lsb_matching,0.2,58.218223694775084
image,cover_00374.png,lsb_matching,0.4,55.14082917305141
image,cover_00374.png,dct_qim,0.1,48.51771104056742
image,cover_00374.png,dct_qim,0.2,48.5084482494259
image,cover_00374.png,dct_qim,0.4,48.56783987339361
image,cover_00375.png,lsb,0.1,61.09469963378767
image,cover_00375.png,lsb,0.2,58.14846678795632
image,cover_00375.png,lsb,0.4,55.11097151716244
image,cover_00375.png,lsb_matching,0.1,61.12100464951377
image,cover_00375.png,lsb_matching,0.2,58.19193337809984
image,cover_00375.png,lsb_matching,0.4,55.136171145525545
image,cover_00375.png,dct_qim,0.1,48.42312411159655
image,cover_00375.png,dct_qim,0.2,48.40861754080854
image,cover_00375.png,dct_qim,0.4,48.44764753634848
image,cover_00376.png,lsb,0.1,61.17276228209756
image,cover_00376.png,lsb,0.2,58.12325561066111
image,cover_00376.png,lsb,0.4,55.14482574832029
image,cover_00376.png,lsb_matching,0.1,61.107832225648345
image,cover_00376.png,lsb_matching,0.2,58.132526920596696
image,cover_00376.png,lsb_matching,0.4,55.09908569451739
image,cover_00376.png,dct_qim,0.1,48.48962183168064
image,cover_00376.png,dct_qim,0.2,48.47941328262819
image,cover_00376.png,dct_qim,0.4,48.53222381871434
image,cover_00377.png,lsb,0.1,61.200889393890606
image,cover_00377.png,lsb,0.2,58.115984869596154
image,cover_00377.png,lsb,0.4,55.11460979413615
image,cover_00377.png,lsb_matching,0.1,61.16742532926736
image,cover_00377.png,lsb_matching,0.2,58.11532449632353
image,cover_00377.png,lsb_matching,0.4,55.1424939658111
image,cover_00377.png,dct_qim,0.1,48.552915649706776
image,cover_00377.png,dct_qim,0.2,48.58965988615839
image,cover_00377.png,dct_qim,0.4,48.53622334957672
image,cover_00378.png,lsb,0.1,61.06334249525908
image,cover_00378.png,lsb,0.2,58.05760137741731
image,cover_00378.png,lsb,0.4,55.10865783593771
image,cover_00378.png,lsb_matching,0.1,61.13951342257129
image,cover_00378.png,lsb_matching,0.2,58.11532449632353
image,cover_00378.png,lsb_matching,0.4,55.10502453968372
image,cover_00378.png,dct_qim,0.1,48.108198856045256
image,cover_00378.png,dct_qim,0.2,48.14427690648621
image,cover_00378.png,dct_qim,0.4,48.100492582931714
image,cover_00379.png,lsb,0.1,61.22784754884966
image,cover_00379.png,lsb,0.2,58.092274465921996
image,cover_00379.png,lsb,0.4,55.09842632386114
image,cover_00379.png,lsb_matching,0.1,61.15012538831323
image,cover_00379.png,lsb_matching,0.2,58.12193275204015
image,cover_00379.png,lsb_matching,0.4,55.11924474102115
image,cover_00379.png,dct_qim,0.1,48.59717898997404
image,cover_00379.png,dct_qim,0.2,48.53847925474378
image,cover_00379.png,dct_qim,0.4,48.589586233856295
image,cover_00380.png,lsb,0.1,61.13554061105562
image,cover_00380.png,lsb,0.2,58.12788879158263
image,cover_00380.png,lsb,0.4,55.086245989304786
image,cover_00380.png,lsb_matching,0.1,61.10914767161297
image,cover_00380.png,lsb_matching,0.2,58.14713622887146
image,cover_00380.png,lsb_matching,0.4,55.13683627223165
image,cover_00380.png,dct_qim,0.1,48.53949843485248
image,cover_00380.png,dct_qim,0.2,48.49322211110809
image,cover_00380.png,dct_qim,0.4,48.494663058986745
image,cover_00381.png,lsb,0.1,61.143489871638074
image,cover_00381.png,lsb,0.2,58.16580125452129
image,cover_00381.png,lsb,0.4,55.158508530421045
image,cover_00381.png,lsb_matching,0.1,61.20492246474448
image,cover_00381.png,lsb_matching,0.2,58.15645871443006
image,cover_00381.png,lsb_matching,0.4,55.124547887303585
image,cover_00381.png,dct_qim,0.1,48.3749094007175
image,cover_00381.png,dct_qim,0.2,48.37525991239368
image,cover_00381.png,dct_qim,0.4,48.35128016565135
image,cover_00382.png,lsb,0.1,61.21030572520323
image,cover_00382.png,lsb,0.2,58.181193478174514
image,cover_00382.png,lsb,0.4,55.10007493824492
image,cover_00382.png,lsb_matching,0.1,61.22649565940091
image,cover_00382.png,lsb_matching,0.2,58.14181806525691
image,cover_00382.png,lsb_matching,0.4,55.11791996565237
image,cover_00382.png,dct_qim,0.1,48.51901520645271
image,cover_00382.png,dct_qim,0.2,48.5536460351408
image,cover_00382.png,dct_qim,0.4,48.68203873475262
image,cover_00383.png,lsb,0.1,61.099947906111
image,cover_00383.png,lsb,0.2,58.177842698887055
image,cover_00383.png,lsb,0.4,55.10865783593771
image,cover_00383.png,lsb_matching,0.1,61.110463516137216
image,cover_00383.png,lsb_matching,0.2,58.174494502885096
image,cover_00383.png,lsb_matching,0.4,55.119907280277815
image,cover_00383.png,dct_qim,0.1,48.10154562546198
image,cover_00383.png,dct_qim,0.2,48.130406018405644
image,cover_00383.png,dct_qim,0.4,48.10931970958647
image,cover_00384.png,lsb,0.1,61.17276228209756
image,cover_00384.png,lsb,0.2,58.18387596425055
image,cover_00384.png,lsb,0.4,55.147158783465855
image,cover_00384.png,lsb_matching,0.1,61.19283447074255
image,cover_00384.png,lsb_matching,0.2,58.13053854445252
image,cover_00384.png,lsb_matching,0.4,55.135173646424036
image,cover_00384.png,dct_qim,0.1,48.5355686287927
image,cover_00384.png,dct_qim,0.2,48.518507984292754
image,cover_00384.png,dct_qim,0.4,48.43831942803627
image,cover_00385.png,lsb,0.1,61.132894087622695
image,cover_00385.png,lsb,0.2,58.17048007201627
image,cover_00385.png,lsb,0.4,55.07934799283138
image,cover_00385.png,lsb_matching,0.1,61.18747280979113
image,cover_00385.png,lsb_matching,0.2,58.17851264795418
image,cover_00385.png,lsb_matching,0.4,55.126206449408535
image,cover_00385.png,dct_qim,0.1,48.50072026628473
image,cover_00385.png,dct_qim,0.2,48.51235358049501
image,cover_00385.png,dct_qim,0.4,48.439386516869135
image,cover_00386.png,lsb,0.1,61.17676930512735
image,cover_00386.png,lsb,0.2,58.079812635796
image,cover_00386.png,lsb,0.4,55.135506120668715
image,cover_00386.png,lsb_matching,0.1,61.07768641852486
image,cover_00386.png,lsb_matching,0.2,58.12193275204015
image,cover_00386.png,lsb_matching,0.4,55.168212691314366
image,cover_00386.png,dct_qim,0.1,48.34389621727195
image,cover_00386.png,dct_qim,0.2,48.45771015280964
image,cover_00386.png,dct_qim,0.4,48.35832751385109
image,cover_00387.png,lsb,0.1,61.10126096577906
image,cover_00387.png,lsb,0.2,58.11928824301094
image,cover_00387.png,lsb,0.4,55.15650347737572
image,cover_00387.png,lsb_matching,0.1,61.294610995758866
image,cover_00387.png,lsb_matching,0.2,58.10477215747907
image,cover_00387.png,lsb_matching,0.4,55.095130971385686
image,cover_00387.png,dct_qim,0.1,48.599171521978064
image,cover_00387.png,dct_qim,0.2,48.55898157333392
image,cover_00387.png,dct_qim,0.4,48.47905426365429
image,cover_00388.png,lsb,0.1,61.107832225648345
image,cover_00388.png,lsb,0.2,58.15179497021671
image,cover_00388.png,lsb,0.4,55.107336285583195
image,cover_00388.png,lsb_matching,0.1,61.029625823881574
image,cover_00388.png,lsb_matching,0.2,58.106748768976
image,cover_00388.png,lsb_matching,0.4,55.13983060363086
image,cover_00388.png,dct_qim,0.1,48.13717000828343
image,cover_00388.png,dct_qim,0.2,48.160660370563726
image,cover_00388.png,dct_qim,0.4,48.04205588254304
image,cover_00389.png,lsb,0.1,61.20761326087704
image,cover_00389.png,lsb,0.2,58.17918270038459
image,cover_00389.png,lsb,0.4,55.09546039413542
image,cover_00389.png,lsb_matching,0.1,61.030917790221324
image,cover_00389.png,lsb_matching,0.2,58.160460199497265
image,cover_00389.png,lsb_matching,0.4,55.129193458304805
image,cover_00389.png,dct_qim,0.1,48.11591882775007
image,cover_00389.png,dct_qim,0.2,48.064840218260336
image,cover_00389.png,dct_qim,0.4,48.12173435799617
image,cover_00390.png,lsb,0.1,61.17409754569579
image,cover_00390.png,lsb,0.2,58.11136436399531
image,cover_00390.png,lsb,0.4,55.150493866427354
image,cover_00390.png,lsb_matching,0.1,61.15677105880516
image,cover_00390.png,lsb_matching,0.2,58.11928824301094
image,cover_00390.png,lsb_matching,0.4,55.10139428049522
image,cover_00390.png,dct_qim,0.1,48.5183630745557
image,cover_00390.png,dct_qim,0.2,48.50288560361679
image,cover_00390.png,dct_qim,0.4,48.46858397433815
image,cover_00391.png,lsb,0.1,61.19551778551374
image,cover_00391.png,lsb,0.2,58.10477215747907
image,cover_00391.png,lsb,0.4,55.12421625087724
image,cover_00391.png,lsb_matching,0.1,61.09863524331756
image,cover_00391.png,lsb_matching,0.2,58.14713622887146
image,cover_00391.png,lsb_matching,0.4,55.12819756038665
image,cover_00391.png,dct_qim,0.1,48.52604996126089
image,cover_00391.png,dct_qim,0.2,48.51510388311377
image,cover_00391.png,dct_qim,0.4,48.51495908691394
image,cover_00392.png,lsb,0.1,61.182117760013966
image,cover_00392.png,lsb,0.2,58.12061029623851
image,cover_00392.png,lsb,0.4,55.07082276810098
image,cover_00392.png,lsb_matching,0.1,61.16475931026465
image,cover_00392.png,lsb_matching,0.2,58.128551078250936
image,cover_00392.png,lsb_matching,0.4,55.15216236881793
image,cover_00392.png,dct_qim,0.1,48.550871223728656
image,cover_00392.png,dct_qim,0.2,48.56512921873448
image,cover_00392.png,dct_qim,0.4,48.52641288649563
image,cover_00393.png,lsb,0.1,61.15012538831323
image,cover_00393.png,lsb,0.2,58.16312990594004
image,cover_00393.png,lsb,0.4,55.07737914739425
image,cover_00393.png,lsb_matching,0.1,61.12496418008955
image,cover_00393.png,lsb_matching,0.2,58.06738646188505
image,cover_00393.png,lsb_matching,0.4,55.107336285583195
image,cover_00393.png,dct_qim,0.1,48.54401482397419
image,cover_00393.png,dct_qim,0.2,48.46865560286159
image,cover_00393.png,dct_qim,0.4,48.49070160215909
image,cover_00394.png,lsb,0.1,61.10520252843265
image,cover_00394.png,lsb,0.2,58.15179497021671
image,cover_00394.png,lsb,0.4,55.12985751714693
image,cover_00394.png,lsb_matching,0.1,61.13554061105562
image,cover_00394.png,lsb_matching,0.2,58.15845899610464
image,cover_00394.png,lsb_matching,0.4,55.06689368627174
image,cover_00394.png,dct_qim,0.1,48.580830516267866
image,cover_00394.png,dct_qim,0.2,48.58288909758881
image,cover_00394.png,dct_qim,0.4,48.482286503367135
image,cover_00395.png,lsb,0.1,61.134217147745346
image,cover_00395.png,lsb,0.2,58.162462325457746
image,cover_00395.png,lsb,0.4,55.120901278714896
image,cover_00395.png,lsb_matching,0.1,61.12628482623597
image,cover_00395.png,lsb_matching,0.2,58.081122724740794
image,cover_00395.png,lsb_matching,0.4,55.1384995347923
image,cover_00395.png,dct_qim,0.1,48.5408819905279
image,cover_00395.png,dct_qim,0.2,48.603159330590785
image,cover_00395.png,dct_qim,0.4,48.566814021299784
image,cover_00396.png,lsb,0.1,61.13554061105562
image,cover_00396.png,lsb,0.2,58.143811613521905
image,cover_00396.png,lsb,0.4,55.17961766611215
image,cover_00396.png,lsb_matching,0.1,61.24003352827788
image,cover_00396.png,lsb_matching,0.2,58.085055364447214
image,cover_00396.png,lsb_matching,0.4,55.107005960820224
image,cover_00396.png,dct_qim,0.1,48.94952457698066
image,cover_00396.png,dct_qim,0.2,48.97480302114098
image,cover_00396.png,dct_qim,0.4,49.009224844802674
image,cover_00397.png,lsb,0.1,61.146142861836054
image,cover_00397.png,lsb,0.2,58.125902537343094
image,cover_00397.png,lsb,0.4,55.120238587812715
image,cover_00397.png,lsb_matching,0.1,61.10126096577906
image,cover_00397.png,lsb_matching,0.2,58.16112747226788
image,cover_00397.png,lsb_matching,0.4,55.09974516529825
image,cover_00397.png,dct_qim,0.1,48.01861544954666
image,cover_00397.png,dct_qim,0.2,48.084661940188425
image,cover_00397.png,dct_qim,0.4,48.01074405346624
image,cover_00398.png,lsb,0.1,61.17276228209756
image,cover_00398.png,lsb,0.2,58.160460199497265
image,cover_00398.png,lsb,0.4,55.135506120668715
image,cover_00398.png,lsb_matching,0.1,61.08291415893224
image,cover_00398.png,lsb_matching,0.2,58.13916142359644
image,cover_00398.png,lsb_matching,0.4,55.11460979413615
image,cover_00398.png,dct_qim,0.1,48.39106228902219
image,cover_00398.png,dct_qim,0.2,48.50678593351285
image,cover_00398.png,dct_qim,0.4,48.47926967147712
image,cover_00399.png,lsb,0.1,61.200889393890606
image,cover_00399.png,lsb,0.2,58.15712537262755
image,cover_00399.png,lsb,0.4,55.09085074795084
image,cover_00399.png,lsb_matching,0.1,61.08553039083005
image,cover_00399.png,lsb_matching,0.2,58.17717285315132
image,cover_00399.png,lsb_matching,0.4,55.117257729478624
image,cover_00399.png,dct_qim,0.1,48.91088921231328
image,cover_00399.png,dct_qim,0.2,48.917714997819346
image,cover_00399.png,dct_qim,0.4,48.86725226131925
audio,cover_00000.wav,lsb,0.05,77.96197133432764
audio,cover_00000.wav,lsb,0.1,77.7977264702481
audio,cover_00000.wav,lsb,0.2,77.55141971549496
audio,cover_00000.wav,lsb_matching,0.05,77.92722149789805
audio,cover_00000.wav,lsb_matching,0.1,77.8144326255342
audio,cover_00000.wav,lsb_matching,0.2,77.51375088176329
audio,cover_00000.wav,echo_hiding,0.05,22.11983820806783
audio,cover_00000.wav,echo_hiding,0.1,22.244986850572204
audio,cover_00000.wav,echo_hiding,0.2,22.620142612641672
audio,cover_00001.wav,lsb,0.05,78.3822904170105
audio,cover_00001.wav,lsb,0.1,78.24118561600295
audio,cover_00001.wav,lsb,0.2,77.9801239096071
audio,cover_00001.wav,lsb_matching,0.05,78.39424645121827
audio,cover_00001.wav,lsb_matching,0.1,78.26862736644772
audio,cover_00001.wav,lsb_matching,0.2,77.99450773650607
audio,cover_00001.wav,echo_hiding,0.05,22.117705995013708
audio,cover_00001.wav,echo_hiding,0.1,22.227910064637
audio,cover_00001.wav,echo_hiding,0.2,22.58724275939075
audio,cover_00002.wav,lsb,0.05,79.67640645673123
audio,cover_00002.wav,lsb,0.1,79.53356460407772
audio,cover_00002.wav,lsb,0.2,79.26446951151368
audio,cover_00002.wav,lsb_matching,0.05,79.6672993627061
audio,cover_00002.wav,lsb_matching,0.1,79.51810820731356
audio,cover_00002.wav,lsb_matching,0.2,79.23403890798856
audio,cover_00002.wav,echo_hiding,0.05,22.095343045554078
audio,cover_00002.wav,echo_hiding,0.1,22.281748950831542
audio,cover_00002.wav,echo_hiding,0.2,22.68363385079447
audio,cover_00003.wav,lsb,0.05,79.47413633013167
audio,cover_00003.wav,lsb,0.1,79.31164631501845
audio,cover_00003.wav,lsb,0.2,79.05443038053559
audio,cover_00003.wav,lsb_matching,0.05,79.4742768939773
audio,cover_00003.wav,lsb_matching,0.1,79.32708627752241
audio,cover_00003.wav,lsb_matching,0.2,79.06553760912063
audio,cover_00003.wav,echo_hiding,0.05,22.10811045766812
audio,cover_00003.wav,echo_hiding,0.1,22.2663622245
audio,cover_00003.wav,echo_hiding,0.2,22.67370840210518
audio,cover_00004.wav,lsb,0.05,79.23002367994893
audio,cover_00004.wav,lsb,0.1,79.08653198388987
audio,cover_00004.wav,lsb,0.2,78.804754395649
audio,cover_00004.wav,lsb_matching,0.05,79.2314621476725
audio,cover_00004.wav,lsb_matching,0.1,79.10951972594452
audio,cover_00004.wav,lsb_matching,0.2,78.8335753805524
audio,cover_00004.wav,echo_hiding,0.05,22.1048753709473
audio,cover_00004.wav,echo_hiding,0.1,22.267249634651385
audio,cover_00004.wav,echo_hiding,0.2,22.656199107771254
audio,cover_00005.wav,lsb,0.05,77.6274124061295
audio,cover_00005.wav,lsb,0.1,77.45873661656825
audio,cover_00005.wav,lsb,0.2,77.2100937680373
audio,cover_00005.wav,lsb_matching,0.05,77.6358231581779
audio,cover_00005.wav,lsb_matching,0.1,77.4593045690206
audio,cover_00005.wav,lsb_matching,0.2,77.16469094221985
audio,cover_00005.wav,echo_hiding,0.05,22.107316838671345
audio,cover_00005.wav,echo_hiding,0.1,22.276590743406572
audio,cover_00005.wav,echo_hiding,0.2,22.68535658535145
audio,cover_00006.wav,lsb,0.05,90.08706081269808
audio,cover_00006.wav,lsb,0.1,89.75093676622356
audio,cover_00006.wav,lsb,0.2,89.19571798942613
audio,cover_00006.wav,lsb_matching,0.05,90.08175517852776
audio,cover_00006.wav,lsb_matching,0.1,89.76407294627106
audio,cover_00006.wav,lsb_matching,0.2,89.19653420559861
audio,cover_00006.wav,echo_hiding,0.05,22.106503633818896
audio,cover_00006.wav,echo_hiding,0.1,22.290686760529887
audio,cover_00006.wav,echo_hiding,0.2,22.63746447886946
audio,cover_00007.wav,lsb,0.05,78.39613640371695
audio,cover_00007.wav,lsb,0.1,78.26652328188383
audio,cover_00007.wav,lsb,0.2,77.92854214431819
audio,cover_00007.wav,lsb_matching,0.05,78.39874024429315
audio,cover_00007.wav,lsb_matching,0.1,78.25829248806743
audio,cover_00007.wav,lsb_matching,0.2,77.99053873761316
audio,cover_00007.wav,echo_hiding,0.05,22.10472346670172
audio,cover_00007.wav,echo_hiding,0.1,22.275175075882775
audio,cover_00007.wav,echo_hiding,0.2,22.644107307356585
audio,cover_00008.wav,lsb,0.05,77.85764692938554
audio,cover_00008.wav,lsb,0.1,77.71112331424541
audio,cover_00008.wav,lsb,0.2,77.46338392999559
audio,cover_00008.wav,lsb_matching,0.05,77.8623116636459
audio,cover_00008.wav,lsb_matching,0.1,77.73120832972602
audio,cover_00008.wav,lsb_matching,0.2,77.44361858169249
audio,cover_00008.wav,echo_hiding,0.05,22.116940115646308
audio,cover_00008.wav,echo_hiding,0.1,22.285942410534933
audio,cover_00008.wav,echo_hiding,0.2,22.606451919332425
audio,cover_00009.wav,lsb,0.05,82.76812181387177
audio,cover_00009.wav,lsb,0.1,82.63741746745902
audio,cover_00009.wav,lsb,0.2,82.2798397597866
audio,cover_00009.wav,lsb_matching,0.05,82.76623993699273
audio,cover_00009.wav,lsb_matching,0.1,82.61109361819197
audio,cover_00009.wav,lsb_matching,0.2,82.2792215679788
audio,cover_00009.wav,echo_hiding,0.05,22.110086962836956
audio,cover_00009.wav,echo_hiding,0.1,22.28954296057264
audio,cover_00009.wav,echo_hiding,0.2,22.649228115188826
audio,cover_00010.wav,lsb,0.05,90.12731646294326
audio,cover_00010.wav,lsb,0.1,89.80349063013499
audio,cover_00010.wav,lsb,0.2,89.20456379083612
audio,cover_00010.wav,lsb_matching,0.05,90.11337322755679
audio,cover_00010.wav,lsb_matching,0.1,89.8025519797672
audio,cover_00010.wav,lsb_matching,0.2,89.19389283271003
audio,cover_00010.wav,echo_hiding,0.05,22.110183245885153
audio,cover_00010.wav,echo_hiding,0.1,22.285204644569262
audio,cover_00010.wav,echo_hiding,0.2,22.65388087042547
audio,cover_00011.wav,lsb,0.05,82.02549919498018
audio,cover_00011.wav,lsb,0.1,81.84372449583412
audio,cover_00011.wav,lsb,0.2,81.50729538194574
audio,cover_00011.wav,lsb_matching,0.05,82.02066352303645
audio,cover_00011.wav,lsb_matching,0.1,81.85651085239112
audio,cover_00011.wav,lsb_matching,0.2,81.54991424352049
audio,cover_00011.wav,echo_hiding,0.05,22.102045566249583
audio,cover_00011.wav,echo_hiding,0.1,22.26467734133681
audio,cover_00011.wav,echo_hiding,0.2,22.65777408087214
audio,cover_00012.wav,lsb,0.05,83.15152394317282
audio,cover_00012.wav,lsb,0.1,82.94294421113511
audio,cover_00012.wav,lsb,0.2,82.62762531035834
audio,cover_00012.wav,lsb_matching,0.05,83.14216296346953
audio,cover_00012.wav,lsb_matching,0.1,82.96319706566604
audio,cover_00012.wav,lsb_matching,0.2,82.60737823772854
audio,cover_00012.wav,echo_hiding,0.05,22.11365890107391
audio,cover_00012.wav,echo_hiding,0.1,22.276589941764566
audio,cover_00012.wav,echo_hiding,0.2,22.657203062224397
audio,cover_00013.wav,lsb,0.05,79.35357803117122
audio,cover_00013.wav,lsb,0.1,79.21171564859449
audio,cover_00013.wav,lsb,0.2,78.96731899361353
audio,cover_00013.wav,lsb_matching,0.05,79.3676125357688
audio,cover_00013.wav,lsb_matching,0.1,79.21595853024431
audio,cover_00013.wav,lsb_matching,0.2,78.94045354580955
audio,cover_00013.wav,echo_hiding,0.05,22.12778908647826
audio,cover_00013.wav,echo_hiding,0.1,22.293216219761987
audio,cover_00013.wav,echo_hiding,0.2,22.691305068107187
audio,cover_00014.wav,lsb,0.05,78.7041062621204
audio,cover_00014.wav,lsb,0.1,78.56150532725361
audio,cover_00014.wav,lsb,0.2,78.29333464985618
audio,cover_00014.wav,lsb_matching,0.05,78.70385595986839
audio,cover_00014.wav,lsb_matching,0.1,78.54962293049367
audio,cover_00014.wav,lsb_matching,0.2,78.26876760912876
audio,cover_00014.wav,echo_hiding,0.05,22.09109103040199
audio,cover_00014.wav,echo_hiding,0.1,22.249918384359077
audio,cover_00014.wav,echo_hiding,0.2,22.641962535737257
audio,cover_00015.wav,lsb,0.05,83.36728844016554
audio,cover_00015.wav,lsb,0.1,83.18476513241401
audio,cover_00015.wav,lsb,0.2,82.83502835114562
audio,cover_00015.wav,lsb_matching,0.05,83.34062670510009
audio,cover_00015.wav,lsb_matching,0.1,83.16877235329423
audio,cover_00015.wav,lsb_matching,0.2,82.81014460250069
audio,cover_00015.wav,echo_hiding,0.05,22.116565877478358
audio,cover_00015.wav,echo_hiding,0.1,22.276474579546274
audio,cover_00015.wav,echo_hiding,0.2,22.64486152698115
audio,cover_00016.wav,lsb,0.05,90.12556454181039
audio,cover_00016.wav,lsb,0.1,89.77165014920472
audio,cover_00016.wav,lsb,0.2,89.18680511557756
audio,cover_00016.wav,lsb_matching,0.05,90.1188878282793
audio,cover_00016.wav,lsb_matching,0.1,89.78745997040969
audio,cover_00016.wav,lsb_matching,0.2,89.19876561301004
audio,cover_00016.wav,echo_hiding,0.05,22.100781133237852
audio,cover_00016.wav,echo_hiding,0.1,22.262257676233762
audio,cover_00016.wav,echo_hiding,0.2,22.61844772954563
audio,cover_00017.wav,lsb,0.05,79.3713302759944
audio,cover_00017.wav,lsb,0.1,79.23442482019743
audio,cover_00017.wav,lsb,0.2,78.95400850877108
audio,cover_00017.wav,lsb_matching,0.05,79.37772332964113
audio,cover_00017.wav,lsb_matching,0.1,79.23748098725254
audio,cover_00017.wav,lsb_matching,0.2,78.93901514326755
audio,cover_00017.wav,echo_hiding,0.05,22.11184502056756
audio,cover_00017.wav,echo_hiding,0.1,22.291535280046
audio,cover_00017.wav,echo_hiding,0.2,22.62974816051889
audio,cover_00018.wav,lsb,0.05,90.12568832368837
audio,cover_00018.wav,lsb,0.1,89.83375259368485
audio,cover_00018.wav,lsb,0.2,89.24370001643753
audio,cover_00018.wav,lsb_matching,0.05,90.17022866033744
audio,cover_00018.wav,lsb_matching,0.1,89.80704191694628
audio,cover_00018.wav,lsb_matching,0.2,89.29079583237859
audio,cover_00018.wav,echo_hiding,0.05,22.10946933542087
audio,cover_00018.wav,echo_hiding,0.1,22.271751665722054
audio,cover_00018.wav,echo_hiding,0.2,22.65277996881847
audio,cover_00019.wav,lsb,0.05,85.24537625611626
audio,cover_00019.wav,lsb,0.1,85.02628892613693
audio,cover_00019.wav,lsb,0.2,84.64940542981475
audio,cover_00019.wav,lsb_matching,0.05,85.23621636671132
audio,cover_00019.wav,lsb_matching,0.1,85.03881605674975
audio,cover_00019.wav,lsb_matching,0.2,84.66696716290491
audio,cover_00019.wav,echo_hiding,0.05,22.1063350937103
audio,cover_00019.wav,echo_hiding,0.1,22.290595922393717
audio,cover_00019.wav,echo_hiding,0.2,22.63276345737109
audio,cover_00020.wav,lsb,0.05,85.39429171764341
audio,cover_00020.wav,lsb,0.1,85.17880130148613
audio,cover_00020.wav,lsb,0.2,84.77493993933423
audio,cover_00020.wav,lsb_matching,0.05,85.39929641677486
audio,cover_00020.wav,lsb_matching,0.1,85.18455292595833
audio,cover_00020.wav,lsb_matching,0.2,84.82019860878813
audio,cover_00020.wav,echo_hiding,0.05,22.099313432392186
audio,cover_00020.wav,echo_hiding,0.1,22.271374973933593
audio,cover_00020.wav,echo_hiding,0.2,22.660209185012658
audio,cover_00021.wav,lsb,0.05,79.45270594942683
audio,cover_00021.wav,lsb,0.1,79.31116941294135
audio,cover_00021.wav,lsb,0.2,79.03046350523829
audio,cover_00021.wav,lsb_matching,0.05,79.43946404530723
audio,cover_00021.wav,lsb_matching,0.1,79.29850603285983
audio,cover_00021.wav,lsb_matching,0.2,79.00751553727501
audio,cover_00021.wav,echo_hiding,0.05,22.1058314604463
audio,cover_00021.wav,echo_hiding,0.1,22.298124253047185
audio,cover_00021.wav,echo_hiding,0.2,22.641793130758217
audio,cover_00022.wav,lsb,0.05,85.50861152380907
audio,cover_00022.wav,lsb,0.1,85.32395786810395
audio,cover_00022.wav,lsb,0.2,84.96172146788462
audio,cover_00022.wav,lsb_matching,0.05,85.52296312923131
audio,cover_00022.wav,lsb_matching,0.1,85.2750410166517
audio,cover_00022.wav,lsb_matching,0.2,84.9241195530284
audio,cover_00022.wav,echo_hiding,0.05,22.112228138966074
audio,cover_00022.wav,echo_hiding,0.1,22.269588232895966
audio,cover_00022.wav,echo_hiding,0.2,22.638476063139734
audio,cover_00023.wav,lsb,0.05,90.25310242946992
audio,cover_00023.wav,lsb,0.1,89.90833546857866
audio,cover_00023.wav,lsb,0.2,89.33951985568379
audio,cover_00023.wav,lsb_matching,0.05,90.26266674066733
audio,cover_00023.wav,lsb_matching,0.1,89.90989011175043
audio,cover_00023.wav,lsb_matching,0.2,89.28549715241815
audio,cover_00023.wav,echo_hiding,0.05,22.11106465304887
audio,cover_00023.wav,echo_hiding,0.1,22.281481910283553
audio,cover_00023.wav,echo_hiding,0.2,22.654834958355977
audio,cover_00024.wav,lsb,0.05,90.07547628864484
audio,cover_00024.wav,lsb,0.1,89.76319527446967
audio,cover_00024.wav,lsb,0.2,89.17098298746895
audio,cover_00024.wav,lsb_matching,0.05,90.06993302492758
audio,cover_00024.wav,lsb_matching,0.1,89.74029386413413
audio,cover_00024.wav,lsb_matching,0.2,89.19578026410272
audio,cover_00024.wav,echo_hiding,0.05,22.109706654321823
audio,cover_00024.wav,echo_hiding,0.1,22.27097446673936
audio,cover_00024.wav,echo_hiding,0.2,22.623614090220556
audio,cover_00025.wav,lsb,0.05,78.2724765798477
audio,cover_00025.wav,lsb,0.1,78.15113430461521
audio,cover_00025.wav,lsb,0.2,77.88297864991736
audio,cover_00025.wav,lsb_matching,0.05,78.26621570558116
audio,cover_00025.wav,lsb_matching,0.1,78.12956457829341
audio,cover_00025.wav,lsb_matching,0.2,77.83341791601092
audio,cover_00025.wav,echo_hiding,0.05,22.128261499170318
audio,cover_00025.wav,echo_hiding,0.1,22.302204133797275
audio,cover_00025.wav,echo_hiding,0.2,22.653166471093385
audio,cover_00026.wav,lsb,0.05,78.68242602228162
audio,cover_00026.wav,lsb,0.1,78.53653357609825
audio,cover_00026.wav,lsb,0.2,78.2615647598874
audio,cover_00026.wav,lsb_matching,0.05,78.69397872195688
audio,cover_00026.wav,lsb_matching,0.1,78.54865999173842
audio,cover_00026.wav,lsb_matching,0.2,78.22656019437605
audio,cover_00026.wav,echo_hiding,0.05,22.085814539534915
audio,cover_00026.wav,echo_hiding,0.1,22.24920279160289
audio,cover_00026.wav,echo_hiding,0.2,22.63154856783201
audio,cover_00027.wav,lsb,0.05,90.00081895409615
audio,cover_00027.wav,lsb,0.1,89.65866713841376
audio,cover_00027.wav,lsb,0.2,89.13954152044168
audio,cover_00027.wav,lsb_matching,0.05,90.00559413949033
audio,cover_00027.wav,lsb_matching,0.1,89.67881617137857
audio,cover_00027.wav,lsb_matching,0.2,89.12332336667117
audio,cover_00027.wav,echo_hiding,0.05,22.1138463460993
audio,cover_00027.wav,echo_hiding,0.1,22.28900391804583
audio,cover_00027.wav,echo_hiding,0.2,22.64810752010543
audio,cover_00028.wav,lsb,0.05,83.79691774827542
audio,cover_00028.wav,lsb,0.1,83.63928519044933
audio,cover_00028.wav,lsb,0.2,83.27164670984905
audio,cover_00028.wav,lsb_matching,0.05,83.8275217189549
audio,cover_00028.wav,lsb_matching,0.1,83.65796181033504
audio,cover_00028.wav,lsb_matching,0.2,83.28049383363017
audio,cover_00028.wav,echo_hiding,0.05,22.103661290791866
audio,cover_00028.wav,echo_hiding,0.1,22.256151962120928
audio,cover_00028.wav,echo_hiding,0.2,22.62633563646249
audio,cover_00029.wav,lsb,0.05,78.3880409491517
audio,cover_00029.wav,lsb,0.1,78.24332650272717
audio,cover_00029.wav,lsb,0.2,77.95803359679395
audio,cover_00029.wav,lsb_matching,0.05,78.3973654281275
audio,cover_00029.wav,lsb_matching,0.1,78.24255462821884
audio,cover_00029.wav,lsb_matching,0.2,77.99122962641101
audio,cover_00029.wav,echo_hiding,0.05,22.121894783717263
audio,cover_00029.wav,echo_hiding,0.1,22.296502675589043
audio,cover_00029.wav,echo_hiding,0.2,22.621366931627207
audio,cover_00030.wav,lsb,0.05,78.44465123213305
audio,cover_00030.wav,lsb,0.1,78.292661573585
audio,cover_00030.wav,lsb,0.2,78.00870812789827
audio,cover_00030.wav,lsb_matching,0.05,78.42736430571736
audio,cover_00030.wav,lsb_matching,0.1,78.30294875780218
audio,cover_00030.wav,lsb_matching,0.2,78.01917312713147
audio,cover_00030.wav,echo_hiding,0.05,22.080751199242982
audio,cover_00030.wav,echo_hiding,0.1,22.229451644553745
audio,cover_00030.wav,echo_hiding,0.2,22.58979231532792
audio,cover_00031.wav,lsb,0.05,85.80412956432792
audio,cover_00031.wav,lsb,0.1,85.59152406221797
audio,cover_00031.wav,lsb,0.2,85.16936508345509
audio,cover_00031.wav,lsb_matching,0.05,85.78910316999799
audio,cover_00031.wav,lsb_matching,0.1,85.59513600582903
audio,cover_00031.wav,lsb_matching,0.2,85.15815705622055
audio,cover_00031.wav,echo_hiding,0.05,22.109169593924737
audio,cover_00031.wav,echo_hiding,0.1,22.268206970115973
audio,cover_00031.wav,echo_hiding,0.2,22.622329210041222
audio,cover_00032.wav,lsb,0.05,83.5217552279388
audio,cover_00032.wav,lsb,0.1,83.35391288535804
audio,cover_00032.wav,lsb,0.2,82.97347464275133
audio,cover_00032.wav,lsb_matching,0.05,83.53673412144377
audio,cover_00032.wav,lsb_matching,0.1,83.34234834995124
audio,cover_00032.wav,lsb_matching,0.2,82.9776596921794
audio,cover_00032.wav,echo_hiding,0.05,22.111627213067763
audio,cover_00032.wav,echo_hiding,0.1,22.281302937309437
audio,cover_00032.wav,echo_hiding,0.2,22.656249441593516
audio,cover_00033.wav,lsb,0.05,84.9842634246551
audio,cover_00033.wav,lsb,0.1,84.81856464305814
audio,cover_00033.wav,lsb,0.2,84.39120247565492
audio,cover_00033.wav,lsb_matching,0.05,84.98136300426148
audio,cover_00033.wav,lsb_matching,0.1,84.8126431521252
audio,cover_00033.wav,lsb_matching,0.2,84.42114672426514
audio,cover_00033.wav,echo_hiding,0.05,22.088718791970976
audio,cover_00033.wav,echo_hiding,0.1,22.269474861825664
audio,cover_00033.wav,echo_hiding,0.2,22.66125226484302
audio,cover_00034.wav,lsb,0.05,85.99418890617665
audio,cover_00034.wav,lsb,0.1,85.77636493103441
audio,cover_00034.wav,lsb,0.2,85.38117506869148
audio,cover_00034.wav,lsb_matching,0.05,85.99724890628255
audio,cover_00034.wav,lsb_matching,0.1,85.8050413964183
audio,cover_00034.wav,lsb_matching,0.2,85.38293682954071
audio,cover_00034.wav,echo_hiding,0.05,22.097523648890437
audio,cover_00034.wav,echo_hiding,0.1,22.273776681433503
audio,cover_00034.wav,echo_hiding,0.2,22.65450151355568
audio,cover_00035.wav,lsb,0.05,90.14563841980859
audio,cover_00035.wav,lsb,0.1,89.8528978442169
audio,cover_00035.wav,lsb,0.2,89.26961650106907
audio,cover_00035.wav,lsb_matching,0.05,90.16297032108584
audio,cover_00035.wav,lsb_matching,0.1,89.80813149025843
audio,cover_00035.wav,lsb_matching,0.2,89.26760908166614
audio,cover_00035.wav,echo_hiding,0.05,22.097560480618018
audio,cover_00035.wav,echo_hiding,0.1,22.278708011242514
audio,cover_00035.wav,echo_hiding,0.2,22.674730549649425
audio,cover_00036.wav,lsb,0.05,77.45745267115936
audio,cover_00036.wav,lsb,0.1,77.31771466424044
audio,cover_00036.wav,lsb,0.2,77.05679411281507
audio,cover_00036.wav,lsb_matching,0.05,77.45170095694291
audio,cover_00036.wav,lsb_matching,0.1,77.32268195925894
audio,cover_00036.wav,lsb_matching,0.2,77.04237834482836
audio,cover_00036.wav,echo_hiding,0.05,22.09743552703341
audio,cover_00036.wav,echo_hiding,0.1,22.29062391577233
audio,cover_00036.wav,echo_hiding,0.2,22.680785530501005
audio,cover_00037.wav,lsb,0.05,77.95470425804743
audio,cover_00037.wav,lsb,0.1,77.80165383445822
audio,cover_00037.wav,lsb,0.2,77.53105344230848
audio,cover_00037.wav,lsb_matching,0.05,77.96562653302462
audio,cover_00037.wav,lsb_matching,0.1,77.81457915267409
audio,cover_00037.wav,lsb_matching,0.2,77.53653259795472
audio,cover_00037.wav,echo_hiding,0.05,22.081942156590905
audio,cover_00037.wav,echo_hiding,0.1,22.294080633485702
audio,cover_00037.wav,echo_hiding,0.2,22.58586010961272
audio,cover_00038.wav,lsb,0.05,79.8804142835576
audio,cover_00038.wav,lsb,0.1,79.73382748889527
audio,cover_00038.wav,lsb,0.2,79.45788182710605
audio,cover_00038.wav,lsb_matching,0.05,79.88143212122628
audio,cover_00038.wav,lsb_matching,0.1,79.75501015014926
audio,cover_00038.wav,lsb_matching,0.2,79.46797152059398
audio,cover_00038.wav,echo_hiding,0.05,22.100096936175735
audio,cover_00038.wav,echo_hiding,0.1,22.28430378687472
audio,cover_00038.wav,echo_hiding,0.2,22.583681789938336
audio,cover_00039.wav,lsb,0.05,90.15451908178973
audio,cover_00039.wav,lsb,0.1,89.85003348853668
audio,cover_00039.wav,lsb,0.2,89.27828860237975
audio,cover_00039.wav,lsb_matching,0.05,90.16303584075082
audio,cover_00039.wav,lsb_matching,0.1,89.85503639954229
audio,cover_00039.wav,lsb_matching,0.2,89.29461612012041
audio,cover_00039.wav,echo_hiding,0.05,22.104692659859616
audio,cover_00039.wav,echo_hiding,0.1,22.288311322221453
audio,cover_00039.wav,echo_hiding,0.2,22.608807144324494
audio,cover_00040.wav,lsb,0.05,90.01685610361407
audio,cover_00040.wav,lsb,0.1,89.71659460814097
audio,cover_00040.wav,lsb,0.2,89.1870113212166
audio,cover_00040.wav,lsb_matching,0.05,90.0367077776071
audio,cover_00040.wav,lsb_matching,0.1,89.71673799881506
audio,cover_00040.wav,lsb_matching,0.2,89.18563171727092
audio,cover_00040.wav,echo_hiding,0.05,22.101371217594608
audio,cover_00040.wav,echo_hiding,0.1,22.270019799972754
audio,cover_00040.wav,echo_hiding,0.2,22.646737870460573
audio,cover_00041.wav,lsb,0.05,77.98875418209965
audio,cover_00041.wav,lsb,0.1,77.84083158239544
audio,cover_00041.wav,lsb,0.2,77.58633444591631
audio,cover_00041.wav,lsb_matching,0.05,77.97355329985744
audio,cover_00041.wav,lsb_matching,0.1,77.84553777127766
audio,cover_00041.wav,lsb_matching,0.2,77.5844391962177
audio,cover_00041.wav,echo_hiding,0.05,22.100364131810718
audio,cover_00041.wav,echo_hiding,0.1,22.24427482464941
audio,cover_00041.wav,echo_hiding,0.2,22.636014926470104
audio,cover_00042.wav,lsb,0.05,90.06077947573276
audio,cover_00042.wav,lsb,0.1,89.73740020012815
audio,cover_00042.wav,lsb,0.2,89.21473317887597
audio,cover_00042.wav,lsb_matching,0.05,90.05674807573386
audio,cover_00042.wav,lsb_matching,0.1,89.73874716059788
audio,cover_00042.wav,lsb_matching,0.2,89.17860708049467
audio,cover_00042.wav,echo_hiding,0.05,22.10232971419192
audio,cover_00042.wav,echo_hiding,0.1,22.27270167940178
audio,cover_00042.wav,echo_hiding,0.2,22.62681363664702
audio,cover_00043.wav,lsb,0.05,79.62130787456573
audio,cover_00043.wav,lsb,0.1,79.4624497917283
audio,cover_00043.wav,lsb,0.2,79.21860218327579
audio,cover_00043.wav,lsb_matching,0.05,79.6175895707003
audio,cover_00043.wav,lsb_matching,0.1,79.47092788817574
audio,cover_00043.wav,lsb_matching,0.2,79.18708962585755
audio,cover_00043.wav,echo_hiding,0.05,22.097244520047674
audio,cover_00043.wav,echo_hiding,0.1,22.275522252781283
audio,cover_00043.wav,echo_hiding,0.2,22.587300813100363
audio,cover_00044.wav,lsb,0.05,82.11748819914271
audio,cover_00044.wav,lsb,0.1,81.95250784089545
audio,cover_00044.wav,lsb,0.2,81.64060342630314
audio,cover_00044.wav,lsb_matching,0.05,82.11877707169633
audio,cover_00044.wav,lsb_matching,0.1,81.9487440827989
audio,cover_00044.wav,lsb_matching,0.2,81.61841024551451
audio,cover_00044.wav,echo_hiding,0.05,22.093383279887043
audio,cover_00044.wav,echo_hiding,0.1,22.26261938218004
audio,cover_00044.wav,echo_hiding,0.2,22.677854615864383
audio,cover_00045.wav,lsb,0.05,79.54678637383564
audio,cover_00045.wav,lsb,0.1,79.40468005812174
audio,cover_00045.wav,lsb,0.2,79.12727719260286
audio,cover_00045.wav,lsb_matching,0.05,79.58077263083166
audio,cover_00045.wav,lsb_matching,0.1,79.40644030650817
audio,cover_00045.wav,lsb_matching,0.2,79.14459909419655
audio,cover_00045.wav,echo_hiding,0.05,22.118942950084403
audio,cover_00045.wav,echo_hiding,0.1,22.274855935234076
audio,cover_00045.wav,echo_hiding,0.2,22.64551564084861
audio,cover_00046.wav,lsb,0.05,90.03451788715223
audio,cover_00046.wav,lsb,0.1,89.67931153552692
audio,cover_00046.wav,lsb,0.2,89.13973513754942
audio,cover_00046.wav,lsb_matching,0.05,90.01529895410249
audio,cover_00046.wav,lsb_matching,0.1,89.7156101521606
audio,cover_00046.wav,lsb_matching,0.2,89.15810954464126
audio,cover_00046.wav,echo_hiding,0.05,22.109607585772594
audio,cover_00046.wav,echo_hiding,0.1,22.266472189676918
audio,cover_00046.wav,echo_hiding,0.2,22.643031722364437
audio,cover_00047.wav,lsb,0.05,77.58582710735993
audio,cover_00047.wav,lsb,0.1,77.44000240676256
audio,cover_00047.wav,lsb,0.2,77.17532738469524
audio,cover_00047.wav,lsb_matching,0.05,77.59188013104219
audio,cover_00047.wav,lsb_matching,0.1,77.41996957794989
audio,cover_00047.wav,lsb_matching,0.2,77.1617638115422
audio,cover_00047.wav,echo_hiding,0.05,22.082567310761934
audio,cover_00047.wav,echo_hiding,0.1,22.27305324987502
audio,cover_00047.wav,echo_hiding,0.2,22.652660909358428
audio,cover_00048.wav,lsb,0.05,89.93217478588797
audio,cover_00048.wav,lsb,0.1,89.61213347320239
audio,cover_00048.wav,lsb,0.2,89.04604785116774
audio,cover_00048.wav,lsb_matching,0.05,89.9048080762937
audio,cover_00048.wav,lsb_matching,0.1,89.60614389972278
audio,cover_00048.wav,lsb_matching,0.2,88.99979135053763
audio,cover_00048.wav,echo_hiding,0.05,22.093511845282443
audio,cover_00048.wav,echo_hiding,0.1,22.287504615436834
audio,cover_00048.wav,echo_hiding,0.2,22.641832150433146
audio,cover_00049.wav,lsb,0.05,85.57623026983862
audio,cover_00049.wav,lsb,0.1,85.38848388388573
audio,cover_00049.wav,lsb,0.2,85.01241870004824
audio,cover_00049.wav,lsb_matching,0.05,85.60202044670875
audio,cover_00049.wav,lsb_matching,0.1,85.38389278767707
audio,cover_00049.wav,lsb_matching,0.2,84.98720257197441
audio,cover_00049.wav,echo_hiding,0.05,22.126996783863202
audio,cover_00049.wav,echo_hiding,0.1,22.291060492834273
audio,cover_00049.wav,echo_hiding,0.2,22.661471639874442
audio,cover_00050.wav,lsb,0.05,79.9669213025529
audio,cover_00050.wav,lsb,0.1,79.81283412236465
audio,cover_00050.wav,lsb,0.2,79.54190806164317
audio,cover_00050.wav,lsb_matching,0.05,79.96234601744435
audio,cover_00050.wav,lsb_matching,0.1,79.82940468994924
audio,cover_00050.wav,lsb_matching,0.2,79.51056982731741
audio,cover_00050.wav,echo_hiding,0.05,22.112527648204733
audio,cover_00050.wav,echo_hiding,0.1,22.26106284719586
audio,cover_00050.wav,echo_hiding,0.2,22.652599801007387
audio,cover_00051.wav,lsb,0.05,90.23903445598665
audio,cover_00051.wav,lsb,0.1,89.90331548789116
audio,cover_00051.wav,lsb,0.2,89.27613672852391
audio,cover_00051.wav,lsb_matching,0.05,90.21091282861613
audio,cover_00051.wav,lsb_matching,0.1,89.8633041985174
audio,cover_00051.wav,lsb_matching,0.2,89.32071000625749
audio,cover_00051.wav,echo_hiding,0.05,22.106256072160132
audio,cover_00051.wav,echo_hiding,0.1,22.274747380093032
audio,cover_00051.wav,echo_hiding,0.2,22.631107627814874
audio,cover_00052.wav,lsb,0.05,79.0766382841989
audio,cover_00052.wav,lsb,0.1,78.95829803373262
audio,cover_00052.wav,lsb,0.2,78.6702466913892
audio,cover_00052.wav,lsb_matching,0.05,79.1124024267123
audio,cover_00052.wav,lsb_matching,0.1,78.95748897437167
audio,cover_00052.wav,lsb_matching,0.2,78.68442888524596
audio,cover_00052.wav,echo_hiding,0.05,22.125818840801447
audio,cover_00052.wav,echo_hiding,0.1,22.29077558924327
audio,cover_00052.wav,echo_hiding,0.2,22.6855456838056
audio,cover_00053.wav,lsb,0.05,90.22956599484414
audio,cover_00053.wav,lsb,0.1,89.90956675204816
audio,cover_00053.wav,lsb,0.2,89.3639057800575
audio,cover_00053.wav,lsb_matching,0.05,90.27030672942857
audio,cover_00053.wav,lsb_matching,0.1,89.9238239311938
audio,cover_00053.wav,lsb_matching,0.2,89.3077564564212
audio,cover_00053.wav,echo_hiding,0.05,22.10190645651557
audio,cover_00053.wav,echo_hiding,0.1,22.277179416727723
audio,cover_00053.wav,echo_hiding,0.2,22.642567124064513
audio,cover_00054.wav,lsb,0.05,79.62285627566268
audio,cover_00054.wav,lsb,0.1,79.47462593365572
audio,cover_00054.wav,lsb,0.2,79.18947752431565
audio,cover_00054.wav,lsb_matching,0.05,79.61725180404362
audio,cover_00054.wav,lsb_matching,0.1,79.4806813211323
audio,cover_00054.wav,lsb_matching,0.2,79.19360857759263
audio,cover_00054.wav,echo_hiding,0.05,22.089085698080982
audio,cover_00054.wav,echo_hiding,0.1,22.325275127776145
audio,cover_00054.wav,echo_hiding,0.2,22.634122301347396
audio,cover_00055.wav,lsb,0.05,79.71883453089679
audio,cover_00055.wav,lsb,0.1,79.56898413813386
audio,cover_00055.wav,lsb,0.2,79.26508656494566
audio,cover_00055.wav,lsb_matching,0.05,79.71356401039111
audio,cover_00055.wav,lsb_matching,0.1,79.56831157272184
audio,cover_00055.wav,lsb_matching,0.2,79.28685840458729
audio,cover_00055.wav,echo_hiding,0.05,22.115886068198854
audio,cover_00055.wav,echo_hiding,0.1,22.23118034767606
audio,cover_00055.wav,echo_hiding,0.2,22.607741960477064
audio,cover_00056.wav,lsb,0.05,79.43613837616502
audio,cover_00056.wav,lsb,0.1,79.2543126316296
audio,cover_00056.wav,lsb,0.2,79.00258007458977
audio,cover_00056.wav,lsb_matching,0.05,79.42892656320026
audio,cover_00056.wav,lsb_matching,0.1,79.29173532404901
audio,cover_00056.wav,lsb_matching,0.2,79.01465065015542
audio,cover_00056.wav,echo_hiding,0.05,22.099879968499884
audio,cover_00056.wav,echo_hiding,0.1,22.262311521748572
audio,cover_00056.wav,echo_hiding,0.2,22.655210937272003
audio,cover_00057.wav,lsb,0.05,82.31425458115169
audio,cover_00057.wav,lsb,0.1,82.16827135241348
audio,cover_00057.wav,lsb,0.2,81.80730793219318
audio,cover_00057.wav,lsb_matching,0.05,82.32889845226268
audio,cover_00057.wav,lsb_matching,0.1,82.12998694526459
audio,cover_00057.wav,lsb_matching,0.2,81.84035748916942
audio,cover_00057.wav,echo_hiding,0.05,22.09034849551312
audio,cover_00057.wav,echo_hiding,0.1,22.285358570995925
audio,cover_00057.wav,echo_hiding,0.2,22.645118812401492
audio,cover_00058.wav,lsb,0.05,90.14998839626887
audio,cover_00058.wav,lsb,0.1,89.81849384526026
audio,cover_00058.wav,lsb,0.2,89.25185368215455
audio,cover_00058.wav,lsb_matching,0.05,90.13620920210167
audio,cover_00058.wav,lsb_matching,0.1,89.81366200065065
audio,cover_00058.wav,lsb_matching,0.2,89.21023226545053
audio,cover_00058.wav,echo_hiding,0.05,22.113030830363215
audio,cover_00058.wav,echo_hiding,0.1,22.280535172915563
audio,cover_00058.wav,echo_hiding,0.2,22.62687904710354
audio,cover_00059.wav,lsb,0.05,78.8496994894272
audio,cover_00059.wav,lsb,0.1,78.72410273573172
audio,cover_00059.wav,lsb,0.2,78.41969768646551
audio,cover_00059.wav,lsb_matching,0.05,78.84426298458631
audio,cover_00059.wav,lsb_matching,0.1,78.68649177226354
audio,cover_00059.wav,lsb_matching,0.2,78.41697696822449
audio,cover_00059.wav,echo_hiding,0.05,22.105101431381637
audio,cover_00059.wav,echo_hiding,0.1,22.24401885942556
audio,cover_00059.wav,echo_hiding,0.2,22.655710295478354
audio,cover_00060.wav,lsb,0.05,78.37616872151666
audio,cover_00060.wav,lsb,0.1,78.2119861905709
audio,cover_00060.wav,lsb,0.2,77.94426511557243
audio,cover_00060.wav,lsb_matching,0.05,78.35247839601163
audio,cover_00060.wav,lsb_matching,0.1,78.2040949976933
audio,cover_00060.wav,lsb_matching,0.2,77.95347035249331
audio,cover_00060.wav,echo_hiding,0.05,22.060086648374533
audio,cover_00060.wav,echo_hiding,0.1,22.236167566466865
audio,cover_00060.wav,echo_hiding,0.2,22.635173339070306
audio,cover_00061.wav,lsb,0.05,79.76703330396967
audio,cover_00061.wav,lsb,0.1,79.60590334805374
audio,cover_00061.wav,lsb,0.2,79.33868814896131
audio,cover_00061.wav,lsb_matching,0.05,79.75976251907456
audio,cover_00061.wav,lsb_matching,0.1,79.60228410069502
audio,cover_00061.wav,lsb_matching,0.2,79.32106278204954
audio,cover_00061.wav,echo_hiding,0.05,22.112934189887344
audio,cover_00061.wav,echo_hiding,0.1,22.304233669884326
audio,cover_00061.wav,echo_hiding,0.2,22.71078895849724
audio,cover_00062.wav,lsb,0.05,82.35744949659721
audio,cover_00062.wav,lsb,0.1,82.20309361627304
audio,cover_00062.wav,lsb,0.2,81.85795690369397
audio,cover_00062.wav,lsb_matching,0.05,82.33786704814744
audio,cover_00062.wav,lsb_matching,0.1,82.17851139783427
audio,cover_00062.wav,lsb_matching,0.2,81.82806629683657
audio,cover_00062.wav,echo_hiding,0.05,22.099865289010122
audio,cover_00062.wav,echo_hiding,0.1,22.280695697237462
audio,cover_00062.wav,echo_hiding,0.2,22.631676449209863
audio,cover_00063.wav,lsb,0.05,79.85843260614938
audio,cover_00063.wav,lsb,0.1,79.71148818655911
audio,cover_00063.wav,lsb,0.2,79.43776616274874
audio,cover_00063.wav,lsb_matching,0.05,79.8753946671604
audio,cover_00063.wav,lsb_matching,0.1,79.70617214963812
audio,cover_00063.wav,lsb_matching,0.2,79.42797737859146
audio,cover_00063.wav,echo_hiding,0.05,22.116126287291333
audio,cover_00063.wav,echo_hiding,0.1,22.314316093647175
audio,cover_00063.wav,echo_hiding,0.2,22.635800916016848
audio,cover_00064.wav,lsb,0.05,90.2124164317933
audio,cover_00064.wav,lsb,0.1,89.86721022974157
audio,cover_00064.wav,lsb,0.2,89.26721942334163
audio,cover_00064.wav,lsb_matching,0.05,90.21645463130508
audio,cover_00064.wav,lsb_matching,0.1,89.87974266607279
audio,cover_00064.wav,lsb_matching,0.2,89.2890308593791
audio,cover_00064.wav,echo_hiding,0.05,22.097581302021617
audio,cover_00064.wav,echo_hiding,0.1,22.28644412161545
audio,cover_00064.wav,echo_hiding,0.2,22.674530222616802
audio,cover_00065.wav,lsb,0.05,79.5806876387662
audio,cover_00065.wav,lsb,0.1,79.45024488365488
audio,cover_00065.wav,lsb,0.2,79.17039475817069
audio,cover_00065.wav,lsb_matching,0.05,79.57771720951675
audio,cover_00065.wav,lsb_matching,0.1,79.43955398961516
audio,cover_00065.wav,lsb_matching,0.2,79.15897892023341
audio,cover_00065.wav,echo_hiding,0.05,22.116336207908745
audio,cover_00065.wav,echo_hiding,0.1,22.31476308086873
audio,cover_00065.wav,echo_hiding,0.2,22.63434292625208
audio,cover_00066.wav,lsb,0.05,76.57859360879179
audio,cover_00066.wav,lsb,0.1,76.44300816427935
audio,cover_00066.wav,lsb,0.2,76.17625225812627
audio,cover_00066.wav,lsb_matching,0.05,76.58435123938011
audio,cover_00066.wav,lsb_matching,0.1,76.4546136855546
audio,cover_00066.wav,lsb_matching,0.2,76.16616129268058
audio,cover_00066.wav,echo_hiding,0.05,22.089783278441466
audio,cover_00066.wav,echo_hiding,0.1,22.3057197905605
audio,cover_00066.wav,echo_hiding,0.2,22.643936570758324
audio,cover_00067.wav,lsb,0.05,84.87268990268012
audio,cover_00067.wav,lsb,0.1,84.69891915700597
audio,cover_00067.wav,lsb,0.2,84.31455285777045
audio,cover_00067.wav,lsb_matching,0.05,84.8766638541997
audio,cover_00067.wav,lsb_matching,0.1,84.68963491836638
audio,cover_00067.wav,lsb_matching,0.2,84.29880287422424
audio,cover_00067.wav,echo_hiding,0.05,22.114010589046146
audio,cover_00067.wav,echo_hiding,0.1,22.28251224064733
audio,cover_00067.wav,echo_hiding,0.2,22.665894359973603
audio,cover_00068.wav,lsb,0.05,90.22506649595152
audio,cover_00068.wav,lsb,0.1,89.87969798968395
audio,cover_00068.wav,lsb,0.2,89.31780133821451
audio,cover_00068.wav,lsb_matching,0.05,90.21523675931006
audio,cover_00068.wav,lsb_matching,0.1,89.92566627526764
audio,cover_00068.wav,lsb_matching,0.2,89.3401623651587
audio,cover_00068.wav,echo_hiding,0.05,22.106491483005982
audio,cover_00068.wav,echo_hiding,0.1,22.29045783621459
audio,cover_00068.wav,echo_hiding,0.2,22.637741897205615
audio,cover_00069.wav,lsb,0.05,83.25730755836557
audio,cover_00069.wav,lsb,0.1,83.07976009083936
audio,cover_00069.wav,lsb,0.2,82.75793171236793
audio,cover_00069.wav,lsb_matching,0.05,83.2627299530587
audio,cover_00069.wav,lsb_matching,0.1,83.08766137276444
audio,cover_00069.wav,lsb_matching,0.2,82.749810694775
audio,cover_00069.wav,echo_hiding,0.05,22.063063150242684
audio,cover_00069.wav,echo_hiding,0.1,22.172016316011888
audio,cover_00069.wav,echo_hiding,0.2,22.625358372183797
audio,cover_00070.wav,lsb,0.05,82.42228619065223
audio,cover_00070.wav,lsb,0.1,82.27355126071532
audio,cover_00070.wav,lsb,0.2,81.92677538745096
audio,cover_00070.wav,lsb_matching,0.05,82.43583385761411
audio,cover_00070.wav,lsb_matching,0.1,82.25100968714239
audio,cover_00070.wav,lsb_matching,0.2,81.90259254426472
audio,cover_00070.wav,echo_hiding,0.05,22.114666265157386
audio,cover_00070.wav,echo_hiding,0.1,22.275757546821957
audio,cover_00070.wav,echo_hiding,0.2,22.6161774869921
audio,cover_00071.wav,lsb,0.05,76.77351400459027
audio,cover_00071.wav,lsb,0.1,76.63726389012655
audio,cover_00071.wav,lsb,0.2,76.38477537502715
audio,cover_00071.wav,lsb_matching,0.05,76.76893354056583
audio,cover_00071.wav,lsb_matching,0.1,76.62417963170049
audio,cover_00071.wav,lsb_matching,0.2,76.37609675048553
audio,cover_00071.wav,echo_hiding,0.05,22.092508095573784
audio,cover_00071.wav,echo_hiding,0.1,22.234958585307567
audio,cover_00071.wav,echo_hiding,0.2,22.563207183783284
audio,cover_00072.wav,lsb,0.05,83.55074512557813
audio,cover_00072.wav,lsb,0.1,83.34972416111057
audio,cover_00072.wav,lsb,0.2,83.03286014131939
audio,cover_00072.wav,lsb_matching,0.05,83.56938445941535
audio,cover_00072.wav,lsb_matching,0.1,83.36000987693595
audio,cover_00072.wav,lsb_matching,0.2,83.02730871274198
audio,cover_00072.wav,echo_hiding,0.05,22.095689847730817
audio,cover_00072.wav,echo_hiding,0.1,22.27937660754104
audio,cover_00072.wav,echo_hiding,0.2,22.640423852606688
audio,cover_00073.wav,lsb,0.05,83.2282791997332
audio,cover_00073.wav,lsb,0.1,83.04540993545238
audio,cover_00073.wav,lsb,0.2,82.7044736954783
audio,cover_00073.wav,lsb_matching,0.05,83.23851597414189
audio,cover_00073.wav,lsb_matching,0.1,83.04846659236681
audio,cover_00073.wav,lsb_matching,0.2,82.6797959363567
audio,cover_00073.wav,echo_hiding,0.05,22.11928157118631
audio,cover_00073.wav,echo_hiding,0.1,22.287078807359006
audio,cover_00073.wav,echo_hiding,0.2,22.663930531430157
audio,cover_00074.wav,lsb,0.05,78.65809578080444
audio,cover_00074.wav,lsb,0.1,78.47792741903754
audio,cover_00074.wav,lsb,0.2,78.18120927720103
audio,cover_00074.wav,lsb_matching,0.05,78.63665988031596
audio,cover_00074.wav,lsb_matching,0.1,78.4728855649216
audio,cover_00074.wav,lsb_matching,0.2,78.21088616599867
audio,cover_00074.wav,echo_hiding,0.05,22.07555195282842
audio,cover_00074.wav,echo_hiding,0.1,22.239847363732842
audio,cover_00074.wav,echo_hiding,0.2,22.586813061167426
audio,cover_00075.wav,lsb,0.05,79.75311667975346
audio,cover_00075.wav,lsb,0.1,79.57219742469431
audio,cover_00075.wav,lsb,0.2,79.27699168112458
audio,cover_00075.wav,lsb_matching,0.05,79.72442774148806
audio,cover_00075.wav,lsb_matching,0.1,79.60326536160794
audio,cover_00075.wav,lsb_matching,0.2,79.27103998221888
audio,cover_00075.wav,echo_hiding,0.05,22.109749838611453
audio,cover_00075.wav,echo_hiding,0.1,22.270339297309476
audio,cover_00075.wav,echo_hiding,0.2,22.61120741318482
audio,cover_00076.wav,lsb,0.05,78.6313562523734
audio,cover_00076.wav,lsb,0.1,78.48997552197835
audio,cover_00076.wav,lsb,0.2,78.21327338202141
audio,cover_00076.wav,lsb_matching,0.05,78.62618495674289
audio,cover_00076.wav,lsb_matching,0.1,78.49930851706023
audio,cover_00076.wav,lsb_matching,0.2,78.19016122067735
audio,cover_00076.wav,echo_hiding,0.05,22.12881641928263
audio,cover_00076.wav,echo_hiding,0.1,22.334710623011233
audio,cover_00076.wav,echo_hiding,0.2,22.651802386150287
audio,cover_00077.wav,lsb,0.05,79.98794302871528
audio,cover_00077.wav,lsb,0.1,79.82946315151509
audio,cover_00077.wav,lsb,0.2,79.54491102121465
audio,cover_00077.wav,lsb_matching,0.05,79.97067629859829
audio,cover_00077.wav,lsb_matching,0.1,79.82646228327457
audio,cover_00077.wav,lsb_matching,0.2,79.55413090433944
audio,cover_00077.wav,echo_hiding,0.05,22.086105136450417
audio,cover_00077.wav,echo_hiding,0.1,22.258134429335236
audio,cover_00077.wav,echo_hiding,0.2,22.638694601032267
audio,cover_00078.wav,lsb,0.05,90.19411463699834
audio,cover_00078.wav,lsb,0.1,89.90767755624518
audio,cover_00078.wav,lsb,0.2,89.30636456488104
audio,cover_00078.wav,lsb_matching,0.05,90.20543249968486
audio,cover_00078.wav,lsb_matching,0.1,89.8549427788003
audio,cover_00078.wav,lsb_matching,0.2,89.2665399428258
audio,cover_00078.wav,echo_hiding,0.05,22.106806664107545
audio,cover_00078.wav,echo_hiding,0.1,22.28186876911898
audio,cover_00078.wav,echo_hiding,0.2,22.638589049546933
audio,cover_00079.wav,lsb,0.05,79.36877826494539
audio,cover_00079.wav,lsb,0.1,79.22635598226928
audio,cover_00079.wav,lsb,0.2,78.9561727026364
audio,cover_00079.wav,lsb_matching,0.05,79.37472591527435
audio,cover_00079.wav,lsb_matching,0.1,79.21558242979131
audio,cover_00079.wav,lsb_matching,0.2,78.95112389351635
audio,cover_00079.wav,echo_hiding,0.05,22.099958075381615
audio,cover_00079.wav,echo_hiding,0.1,22.260734447421562
audio,cover_00079.wav,echo_hiding,0.2,22.64460550856256
audio,cover_00080.wav,lsb,0.05,77.56891236220139
audio,cover_00080.wav,lsb,0.1,77.42676273425958
audio,cover_00080.wav,lsb,0.2,77.1931370708223
audio,cover_00080.wav,lsb_matching,0.05,77.57019134635698
audio,cover_00080.wav,lsb_matching,0.1,77.43927968851077
audio,cover_00080.wav,lsb_matching,0.2,77.15338459703189
audio,cover_00080.wav,echo_hiding,0.05,22.07136765299979
audio,cover_00080.wav,echo_hiding,0.1,22.22142631430669
audio,cover_00080.wav,echo_hiding,0.2,22.65596884019182
audio,cover_00081.wav,lsb,0.05,76.87909327932107
audio,cover_00081.wav,lsb,0.1,76.73953848297243
audio,cover_00081.wav,lsb,0.2,76.49110973372099
audio,cover_00081.wav,lsb_matching,0.05,76.88952914797089
audio,cover_00081.wav,lsb_matching,0.1,76.7236074864251
audio,cover_00081.wav,lsb_matching,0.2,76.46432482125297
audio,cover_00081.wav,echo_hiding,0.05,22.1114763928408
audio,cover_00081.wav,echo_hiding,0.1,22.27061183051751
audio,cover_00081.wav,echo_hiding,0.2,22.661842437489806
audio,cover_00082.wav,lsb,0.05,90.13246963270772
audio,cover_00082.wav,lsb,0.1,89.82682696314845
audio,cover_00082.wav,lsb,0.2,89.23419622618746
audio,cover_00082.wav,lsb_matching,0.05,90.16123253124753
audio,cover_00082.wav,lsb_matching,0.1,89.80622500133853
audio,cover_00082.wav,lsb_matching,0.2,89.24203270562357
audio,cover_00082.wav,echo_hiding,0.05,22.106206477632494
audio,cover_00082.wav,echo_hiding,0.1,22.28131771719003
audio,cover_00082.wav,echo_hiding,0.2,22.65046053399881
audio,cover_00083.wav,lsb,0.05,79.50096781357762
audio,cover_00083.wav,lsb,0.1,79.33875779666813
audio,cover_00083.wav,lsb,0.2,79.06814988934858
audio,cover_00083.wav,lsb_matching,0.05,79.49269684430101
audio,cover_00083.wav,lsb_matching,0.1,79.36342926073822
audio,cover_00083.wav,lsb_matching,0.2,79.0708903780904
audio,cover_00083.wav,echo_hiding,0.05,22.089106272150968
audio,cover_00083.wav,echo_hiding,0.1,22.248239562020167
audio,cover_00083.wav,echo_hiding,0.2,22.577554008642405
audio,cover_00084.wav,lsb,0.05,77.73642415800866
audio,cover_00084.wav,lsb,0.1,77.58217560690636
audio,cover_00084.wav,lsb,0.2,77.30347975472246
audio,cover_00084.wav,lsb_matching,0.05,77.7300695858075
audio,cover_00084.wav,lsb_matching,0.1,77.56867893244232
audio,cover_00084.wav,lsb_matching,0.2,77.32798970503174
audio,cover_00084.wav,echo_hiding,0.05,22.106331677394408
audio,cover_00084.wav,echo_hiding,0.1,22.273297009537828
audio,cover_00084.wav,echo_hiding,0.2,22.629036188430188
audio,cover_00085.wav,lsb,0.05,81.88267967961397
audio,cover_00085.wav,lsb,0.1,81.71722145282494
audio,cover_00085.wav,lsb,0.2,81.38447323249974
audio,cover_00085.wav,lsb_matching,0.05,81.87421577301433
audio,cover_00085.wav,lsb_matching,0.1,81.70586517482445
audio,cover_00085.wav,lsb_matching,0.2,81.40202483707648
audio,cover_00085.wav,echo_hiding,0.05,22.10249480228462
audio,cover_00085.wav,echo_hiding,0.1,22.280464247233418
audio,cover_00085.wav,echo_hiding,0.2,22.621122877577903
audio,cover_00086.wav,lsb,0.05,79.92982832464958
audio,cover_00086.wav,lsb,0.1,79.75882555420344
audio,cover_00086.wav,lsb,0.2,79.48797761644639
audio,cover_00086.wav,lsb_matching,0.05,79.91967155832909
audio,cover_00086.wav,lsb_matching,0.1,79.7859318635036
audio,cover_00086.wav,lsb_matching,0.2,79.48904458388628
audio,cover_00086.wav,echo_hiding,0.05,22.1478638825516
audio,cover_00086.wav,echo_hiding,0.1,22.280277377831474
audio,cover_00086.wav,echo_hiding,0.2,22.65625531675534
audio,cover_00087.wav,lsb,0.05,77.67137431676456
audio,cover_00087.wav,lsb,0.1,77.54974722411885
audio,cover_00087.wav,lsb,0.2,77.25676740968753
audio,cover_00087.wav,lsb_matching,0.05,77.66750735454944
audio,cover_00087.wav,lsb_matching,0.1,77.50838003159306
audio,cover_00087.wav,lsb_matching,0.2,77.24005610530376
audio,cover_00087.wav,echo_hiding,0.05,22.100479221731064
audio,cover_00087.wav,echo_hiding,0.1,22.276941233844877
audio,cover_00087.wav,echo_hiding,0.2,22.63688924026928
audio,cover_00088.wav,lsb,0.05,83.75444251036762
audio,cover_00088.wav,lsb,0.1,83.5589411314799
audio,cover_00088.wav,lsb,0.2,83.22708218168913
audio,cover_00088.wav,lsb_matching,0.05,83.7623062278368
audio,cover_00088.wav,lsb_matching,0.1,83.58017908134606
audio,cover_00088.wav,lsb_matching,0.2,83.22206854601318
audio,cover_00088.wav,echo_hiding,0.05,22.10272173117106
audio,cover_00088.wav,echo_hiding,0.1,22.29321756140739
audio,cover_00088.wav,echo_hiding,0.2,22.630621457338535
audio,cover_00089.wav,lsb,0.05,79.7481671526379
audio,cover_00089.wav,lsb,0.1,79.59761887480859
audio,cover_00089.wav,lsb,0.2,79.28754895967289
audio,cover_00089.wav,lsb_matching,0.05,79.75382673339445
audio,cover_00089.wav,lsb_matching,0.1,79.56903381871422
audio,cover_00089.wav,lsb_matching,0.2,79.32591964779662
audio,cover_00089.wav,echo_hiding,0.05,22.106857112780375
audio,cover_00089.wav,echo_hiding,0.1,22.289733319205002
audio,cover_00089.wav,echo_hiding,0.2,22.73224109287795
audio,cover_00090.wav,lsb,0.05,90.0489974930666
audio,cover_00090.wav,lsb,0.1,89.73730967274813
audio,cover_00090.wav,lsb,0.2,89.13919855265605
audio,cover_00090.wav,lsb_matching,0.05,90.04483385989444
audio,cover_00090.wav,lsb_matching,0.1,89.76347062896748
audio,cover_00090.wav,lsb_matching,0.2,89.18034563163465
audio,cover_00090.wav,echo_hiding,0.05,22.109881561122936
audio,cover_00090.wav,echo_hiding,0.1,22.292925951109325
audio,cover_00090.wav,echo_hiding,0.2,22.63157871362417
audio,cover_00091.wav,lsb,0.05,90.10162609389161
audio,cover_00091.wav,lsb,0.1,89.81465172222971
audio,cover_00091.wav,lsb,0.2,89.22043197537106
audio,cover_00091.wav,lsb_matching,0.05,90.14228009599677
audio,cover_00091.wav,lsb_matching,0.1,89.78054052775748
audio,cover_00091.wav,lsb_matching,0.2,89.23311065479058
audio,cover_00091.wav,echo_hiding,0.05,22.093627170346203
audio,cover_00091.wav,echo_hiding,0.1,22.2691139556653
audio,cover_00091.wav,echo_hiding,0.2,22.63057456251445
audio,cover_00092.wav,lsb,0.05,79.76378544313815
audio,cover_00092.wav,lsb,0.1,79.60904106474914
audio,cover_00092.wav,lsb,0.2,79.33759977780849
audio,cover_00092.wav,lsb_matching,0.05,79.77045590789253
audio,cover_00092.wav,lsb_matching,0.1,79.62325680850837
audio,cover_00092.wav,lsb_matching,0.2,79.36710613042507
audio,cover_00092.wav,echo_hiding,0.05,22.14021869975452
audio,cover_00092.wav,echo_hiding,0.1,22.27096939353369
audio,cover_00092.wav,echo_hiding,0.2,22.66170112045938
audio,cover_00093.wav,lsb,0.05,90.14445006223909
audio,cover_00093.wav,lsb,0.1,89.79976195911895
audio,cover_00093.wav,lsb,0.2,89.22634271632738
audio,cover_00093.wav,lsb_matching,0.05,90.2057676103615
audio,cover_00093.wav,lsb_matching,0.1,89.85253138244585
audio,cover_00093.wav,lsb_matching,0.2,89.24585204509198
audio,cover_00093.wav,echo_hiding,0.05,22.097643525414163
audio,cover_00093.wav,echo_hiding,0.1,22.276486152260418
audio,cover_00093.wav,echo_hiding,0.2,22.624502824909733
audio,cover_00094.wav,lsb,0.05,90.03286920954582
audio,cover_00094.wav,lsb,0.1,89.73265424594504
audio,cover_00094.wav,lsb,0.2,89.17242766126655
audio,cover_00094.wav,lsb_matching,0.05,90.07038588349488
audio,cover_00094.wav,lsb_matching,0.1,89.73027882072697
audio,cover_00094.wav,lsb_matching,0.2,89.16040042379989
audio,cover_00094.wav,echo_hiding,0.05,22.089390703536218
audio,cover_00094.wav,echo_hiding,0.1,22.26309956389759
audio,cover_00094.wav,echo_hiding,0.2,22.63518981054693
audio,cover_00095.wav,lsb,0.05,78.01471266192985
audio,cover_00095.wav,lsb,0.1,77.85956794639732
audio,cover_00095.wav,lsb,0.2,77.6040380865864
audio,cover_00095.wav,lsb_matching,0.05,77.9929364125918
audio,cover_00095.wav,lsb_matching,0.1,77.85881827187528
audio,cover_00095.wav,lsb_matching,0.2,77.58927765883303
audio,cover_00095.wav,echo_hiding,0.05,22.081271567756374
audio,cover_00095.wav,echo_hiding,0.1,22.263612355883144
audio,cover_00095.wav,echo_hiding,0.2,22.68103306695099
audio,cover_00096.wav,lsb,0.05,76.72450595117624
audio,cover_00096.wav,lsb,0.1,76.5771370940099
audio,cover_00096.wav,lsb,0.2,76.32380237855016
audio,cover_00096.wav,lsb_matching,0.05,76.73032636547882
audio,cover_00096.wav,lsb_matching,0.1,76.57469700893583
audio,cover_00096.wav,lsb_matching,0.2,76.32090146423545
audio,cover_00096.wav,echo_hiding,0.05,22.112853621873793
audio,cover_00096.wav,echo_hiding,0.1,22.28258381867392
audio,cover_00096.wav,echo_hiding,0.2,22.67004987871029
audio,cover_00097.wav,lsb,0.05,77.96661208896056
audio,cover_00097.wav,lsb,0.1,77.8273171273976
audio,cover_00097.wav,lsb,0.2,77.550270781671
audio,cover_00097.wav,lsb_matching,0.05,77.97178216187186
audio,cover_00097.wav,lsb_matching,0.1,77.8161942932359
audio,cover_00097.wav,lsb_matching,0.2,77.52793694164322
audio,cover_00097.wav,echo_hiding,0.05,22.132794523925448
audio,cover_00097.wav,echo_hiding,0.1,22.296523521734557
audio,cover_00097.wav,echo_hiding,0.2,22.64747905227185
audio,cover_00098.wav,lsb,0.05,78.0100728130404
audio,cover_00098.wav,lsb,0.1,77.86204755021872
audio,cover_00098.wav,lsb,0.2,77.56795008112233
audio,cover_00098.wav,lsb_matching,0.05,77.99712023031526
audio,cover_00098.wav,lsb_matching,0.1,77.86339866105813
audio,cover_00098.wav,lsb_matching,0.2,77.57824299114395
audio,cover_00098.wav,echo_hiding,0.05,22.09932327390087
audio,cover_00098.wav,echo_hiding,0.1,22.320317105963483
audio,cover_00098.wav,echo_hiding,0.2,22.67566770729779
audio,cover_00099.wav,lsb,0.05,85.52059859710587
audio,cover_00099.wav,lsb,0.1,85.29474237794469
audio,cover_00099.wav,lsb,0.2,84.9295076409148
audio,cover_00099.wav,lsb_matching,0.05,85.5313798804296
audio,cover_00099.wav,lsb_matching,0.1,85.30906358522272
audio,cover_00099.wav,lsb_matching,0.2,84.9325608078307
audio,cover_00099.wav,echo_hiding,0.05,22.101936505158704
audio,cover_00099.wav,echo_hiding,0.1,22.290931749409587
audio,cover_00099.wav,echo_hiding,0.2,22.653513002418237
audio,cover_00100.wav,lsb,0.05,77.46357451724633
audio,cover_00100.wav,lsb,0.1,77.33463414513837
audio,cover_00100.wav,lsb,0.2,77.08064899796031
audio,cover_00100.wav,lsb_matching,0.05,77.47547110747665
audio,cover_00100.wav,lsb_matching,0.1,77.31438099236297
audio,cover_00100.wav,lsb_matching,0.2,77.072105171684
audio,cover_00100.wav,echo_hiding,0.05,22.092974788444604
audio,cover_00100.wav,echo_hiding,0.1,22.28067812972501
audio,cover_00100.wav,echo_hiding,0.2,22.641473444277224
audio,cover_00101.wav,lsb,0.05,90.08316210371981
audio,cover_00101.wav,lsb,0.1,89.79229067455572
audio,cover_00101.wav,lsb,0.2,89.21204799725916
audio,cover_00101.wav,lsb_matching,0.05,90.09986506969354
audio,cover_00101.wav,lsb_matching,0.1,89.77328745454727
audio,cover_00101.wav,lsb_matching,0.2,89.18717878693981
audio,cover_00101.wav,echo_hiding,0.05,22.10340367420188
audio,cover_00101.wav,echo_hiding,0.1,22.293205758815773
audio,cover_00101.wav,echo_hiding,0.2,22.65282022282306
audio,cover_00102.wav,lsb,0.05,77.56710536893665
audio,cover_00102.wav,lsb,0.1,77.44719380504121
audio,cover_00102.wav,lsb,0.2,77.17146518907089
audio,cover_00102.wav,lsb_matching,0.05,77.58250057549796
audio,cover_00102.wav,lsb_matching,0.1,77.41450173204566
audio,cover_00102.wav,lsb_matching,0.2,77.15112423305159
audio,cover_00102.wav,echo_hiding,0.05,22.103016787026185
audio,cover_00102.wav,echo_hiding,0.1,22.276479874965638
audio,cover_00102.wav,echo_hiding,0.2,22.677227665753627
audio,cover_00103.wav,lsb,0.05,90.21026343846853
audio,cover_00103.wav,lsb,0.1,89.87650407730786
audio,cover_00103.wav,lsb,0.2,89.32644670020355
audio,cover_00103.wav,lsb_matching,0.05,90.20195849133195
audio,cover_00103.wav,lsb_matching,0.1,89.90841310735475
audio,cover_00103.wav,lsb_matching,0.2,89.29191599089627
audio,cover_00103.wav,echo_hiding,0.05,22.103372766847937
audio,cover_00103.wav,echo_hiding,0.1,22.281892212296036
audio,cover_00103.wav,echo_hiding,0.2,22.647448193166095
audio,cover_00104.wav,lsb,0.05,77.12521829204019
audio,cover_00104.wav,lsb,0.1,76.96611055462758
audio,cover_00104.wav,lsb,0.2,76.7019898707823
audio,cover_00104.wav,lsb_matching,0.05,77.1203863028619
audio,cover_00104.wav,lsb_matching,0.1,76.97244771337965
audio,cover_00104.wav,lsb_matching,0.2,76.7199611229582
audio,cover_00104.wav,echo_hiding,0.05,22.104871116560822
audio,cover_00104.wav,echo_hiding,0.1,22.288054430465717
audio,cover_00104.wav,echo_hiding,0.2,22.738615896917565
audio,cover_00105.wav,lsb,0.05,78.03266095233067
audio,cover_00105.wav,lsb,0.1,77.91794778226256
audio,cover_00105.wav,lsb,0.2,77.58875282582108
audio,cover_00105.wav,lsb_matching,0.05,78.02334401641097
audio,cover_00105.wav,lsb_matching,0.1,77.8745532523587
audio,cover_00105.wav,lsb_matching,0.2,77.6134830090377
audio,cover_00105.wav,echo_hiding,0.05,22.124873872281277
audio,cover_00105.wav,echo_hiding,0.1,22.281459471506935
audio,cover_00105.wav,echo_hiding,0.2,22.64998614962346
audio,cover_00106.wav,lsb,0.05,77.7879676770725
audio,cover_00106.wav,lsb,0.1,77.63800521858839
audio,cover_00106.wav,lsb,0.2,77.36401830194433
audio,cover_00106.wav,lsb_matching,0.05,77.79458878175207
audio,cover_00106.wav,lsb_matching,0.1,77.66029398360203
audio,cover_00106.wav,lsb_matching,0.2,77.4020127878711
audio,cover_00106.wav,echo_hiding,0.05,22.10397174936609
audio,cover_00106.wav,echo_hiding,0.1,22.255797089045892
audio,cover_00106.wav,echo_hiding,0.2,22.62441975035761
audio,cover_00107.wav,lsb,0.05,79.59663207270056
audio,cover_00107.wav,lsb,0.1,79.46635435911892
audio,cover_00107.wav,lsb,0.2,79.18125233282657
audio,cover_00107.wav,lsb_matching,0.05,79.59201916525933
audio,cover_00107.wav,lsb_matching,0.1,79.46933883293264
audio,cover_00107.wav,lsb_matching,0.2,79.17262492631522
audio,cover_00107.wav,echo_hiding,0.05,22.117697788272018
audio,cover_00107.wav,echo_hiding,0.1,22.31430782001859
audio,cover_00107.wav,echo_hiding,0.2,22.684684836012302
audio,cover_00108.wav,lsb,0.05,78.01277356154475
audio,cover_00108.wav,lsb,0.1,77.85375629645708
audio,cover_00108.wav,lsb,0.2,77.59092255900478
audio,cover_00108.wav,lsb_matching,0.05,78.00300533029665
audio,cover_00108.wav,lsb_matching,0.1,77.86176917862201
audio,cover_00108.wav,lsb_matching,0.2,77.59495039682287
audio,cover_00108.wav,echo_hiding,0.05,22.1002707326533
audio,cover_00108.wav,echo_hiding,0.1,22.279474291493045
audio,cover_00108.wav,echo_hiding,0.2,22.645966332804967
audio,cover_00109.wav,lsb,0.05,79.35909237374013
audio,cover_00109.wav,lsb,0.1,79.19583588529477
audio,cover_00109.wav,lsb,0.2,78.91555827703486
audio,cover_00109.wav,lsb_matching,0.05,79.33795629810234
audio,cover_00109.wav,lsb_matching,0.1,79.19511291548865
audio,cover_00109.wav,lsb_matching,0.2,78.91383541332998
audio,cover_00109.wav,echo_hiding,0.05,22.083756564649917
audio,cover_00109.wav,echo_hiding,0.1,22.28264221466818
audio,cover_00109.wav,echo_hiding,0.2,22.667303946117315
audio,cover_00110.wav,lsb,0.05,79.67352357628653
audio,cover_00110.wav,lsb,0.1,79.51047927271237
audio,cover_00110.wav,lsb,0.2,79.22348089982887
audio,cover_00110.wav,lsb_matching,0.05,79.66949541185141
audio,cover_00110.wav,lsb_matching,0.1,79.53106700231096
audio,cover_00110.wav,lsb_matching,0.2,79.22326621071664
audio,cover_00110.wav,echo_hiding,0.05,22.10968706733944
audio,cover_00110.wav,echo_hiding,0.1,22.272659397384416
audio,cover_00110.wav,echo_hiding,0.2,22.66879927582924
audio,cover_00111.wav,lsb,0.05,90.15871452281894
audio,cover_00111.wav,lsb,0.1,89.86507503263012
audio,cover_00111.wav,lsb,0.2,89.26284463442039
audio,cover_00111.wav,lsb_matching,0.05,90.16334598258992
audio,cover_00111.wav,lsb_matching,0.1,89.82338212976195
audio,cover_00111.wav,lsb_matching,0.2,89.23342697777548
audio,cover_00111.wav,echo_hiding,0.05,22.11609670356645
audio,cover_00111.wav,echo_hiding,0.1,22.270248301917164
audio,cover_00111.wav,echo_hiding,0.2,22.650182836254075
audio,cover_00112.wav,lsb,0.05,90.10643556673487
audio,cover_00112.wav,lsb,0.1,89.80853692264488
audio,cover_00112.wav,lsb,0.2,89.22280669011131
audio,cover_00112.wav,lsb_matching,0.05,90.16863154474387
audio,cover_00112.wav,lsb_matching,0.1,89.83698285840374
audio,cover_00112.wav,lsb_matching,0.2,89.24748256609332
audio,cover_00112.wav,echo_hiding,0.05,22.104010691400724
audio,cover_00112.wav,echo_hiding,0.1,22.30202906677496
audio,cover_00112.wav,echo_hiding,0.2,22.66313562544577
audio,cover_00113.wav,lsb,0.05,78.25909467136866
audio,cover_00113.wav,lsb,0.1,78.10699456388312
audio,cover_00113.wav,lsb,0.2,77.82179035656381
audio,cover_00113.wav,lsb_matching,0.05,78.24644439662922
audio,cover_00113.wav,lsb_matching,0.1,78.08727421880374
audio,cover_00113.wav,lsb_matching,0.2,77.78537927841666
audio,cover_00113.wav,echo_hiding,0.05,22.101877523200905
audio,cover_00113.wav,echo_hiding,0.1,22.249765014875045
audio,cover_00113.wav,echo_hiding,0.2,22.64209096389122
audio,cover_00114.wav,lsb,0.05,76.37362759266418
audio,cover_00114.wav,lsb,0.1,76.24282616063823
audio,cover_00114.wav,lsb,0.2,75.98010526574217
audio,cover_00114.wav,lsb_matching,0.05,76.36835874676466
audio,cover_00114.wav,lsb_matching,0.1,76.23705599718
audio,cover_00114.wav,lsb_matching,0.2,75.9644915577537
audio,cover_00114.wav,echo_hiding,0.05,22.130338783876958
audio,cover_00114.wav,echo_hiding,0.1,22.30136927223093
audio,cover_00114.wav,echo_hiding,0.2,22.672311026790165
audio,cover_00115.wav,lsb,0.05,78.12698495841452
audio,cover_00115.wav,lsb,0.1,78.0037817743696
audio,cover_00115.wav,lsb,0.2,77.75634710312983
audio,cover_00115.wav,lsb_matching,0.05,78.13312958270478
audio,cover_00115.wav,lsb_matching,0.1,78.00407203056635
audio,cover_00115.wav,lsb_matching,0.2,77.73078090766462
audio,cover_00115.wav,echo_hiding,0.05,22.08989733745031
audio,cover_00115.wav,echo_hiding,0.1,22.283346753623434
audio,cover_00115.wav,echo_hiding,0.2,22.624695586871756
audio,cover_00116.wav,lsb,0.05,90.13458019662201
audio,cover_00116.wav,lsb,0.1,89.82556604566747
audio,cover_00116.wav,lsb,0.2,89.25461063448094
audio,cover_00116.wav,lsb_matching,0.05,90.07679665176143
audio,cover_00116.wav,lsb_matching,0.1,89.77391445618494
audio,cover_00116.wav,lsb_matching,0.2,89.20339512977685
audio,cover_00116.wav,echo_hiding,0.05,22.098711766319653
audio,cover_00116.wav,echo_hiding,0.1,22.28393922044974
audio,cover_00116.wav,echo_hiding,0.2,22.623714376136682
audio,cover_00117.wav,lsb,0.05,83.44568285833078
audio,cover_00117.wav,lsb,0.1,83.28360782499813
audio,cover_00117.wav,lsb,0.2,82.93309795068657
audio,cover_00117.wav,lsb_matching,0.05,83.4409346720881
audio,cover_00117.wav,lsb_matching,0.1,83.2644551679198
audio,cover_00117.wav,lsb_matching,0.2,82.90456879488531
audio,cover_00117.wav,echo_hiding,0.05,22.103303602296286
audio,cover_00117.wav,echo_hiding,0.1,22.284403254650883
audio,cover_00117.wav,echo_hiding,0.2,22.639587732414284
audio,cover_00118.wav,lsb,0.05,90.06547299017726
audio,cover_00118.wav,lsb,0.1,89.70186587566198
audio,cover_00118.wav,lsb,0.2,89.15632455151186
audio,cover_00118.wav,lsb_matching,0.05,90.02997777151796
audio,cover_00118.wav,lsb_matching,0.1,89.72354790159727
audio,cover_00118.wav,lsb_matching,0.2,89.14858393934985
audio,cover_00118.wav,echo_hiding,0.05,22.11194947449364
audio,cover_00118.wav,echo_hiding,0.1,22.278454219462315
audio,cover_00118.wav,echo_hiding,0.2,22.64507581853102
audio,cover_00119.wav,lsb,0.05,79.64674245990828
audio,cover_00119.wav,lsb,0.1,79.51192889428525
audio,cover_00119.wav,lsb,0.2,79.2244852960304
audio,cover_00119.wav,lsb_matching,0.05,79.65329283567391
audio,cover_00119.wav,lsb_matching,0.1,79.49707159256705
audio,cover_00119.wav,lsb_matching,0.2,79.19977534478869
audio,cover_00119.wav,echo_hiding,0.05,22.09236051837584
audio,cover_00119.wav,echo_hiding,0.1,22.267529262829257
audio,cover_00119.wav,echo_hiding,0.2,22.65750571168473
audio,cover_00120.wav,lsb,0.05,79.81987027582198
audio,cover_00120.wav,lsb,0.1,79.63896764607472
audio,cover_00120.wav,lsb,0.2,79.35794666884672
audio,cover_00120.wav,lsb_matching,0.05,79.79374235110029
audio,cover_00120.wav,lsb_matching,0.1,79.64421989261673
audio,cover_00120.wav,lsb_matching,0.2,79.34294767368723
audio,cover_00120.wav,echo_hiding,0.05,22.12539051374119
audio,cover_00120.wav,echo_hiding,0.1,22.293214687289815
audio,cover_00120.wav,echo_hiding,0.2,22.59752073580611
audio,cover_00121.wav,lsb,0.05,89.96654986135079
audio,cover_00121.wav,lsb,0.1,89.65931147055903
audio,cover_00121.wav,lsb,0.2,89.10327232493071
audio,cover_00121.wav,lsb_matching,0.05,89.97452435767534
audio,cover_00121.wav,lsb_matching,0.1,89.67626931726232
audio,cover_00121.wav,lsb_matching,0.2,89.07762877188415
audio,cover_00121.wav,echo_hiding,0.05,22.095901649063943
audio,cover_00121.wav,echo_hiding,0.1,22.268461309759694
audio,cover_00121.wav,echo_hiding,0.2,22.626401479788253
audio,cover_00122.wav,lsb,0.05,90.14797240549804
audio,cover_00122.wav,lsb,0.1,89.86073805779742
audio,cover_00122.wav,lsb,0.2,89.2741536375137
audio,cover_00122.wav,lsb_matching,0.05,90.15547122242948
audio,cover_00122.wav,lsb_matching,0.1,89.8638025899303
audio,cover_00122.wav,lsb_matching,0.2,89.26019726581684
audio,cover_00122.wav,echo_hiding,0.05,22.11809423399692
audio,cover_00122.wav,echo_hiding,0.1,22.291996121538034
audio,cover_00122.wav,echo_hiding,0.2,22.647567983485146
audio,cover_00123.wav,lsb,0.05,78.26495174244894
audio,cover_00123.wav,lsb,0.1,78.09288924632476
audio,cover_00123.wav,lsb,0.2,77.79178747110313
audio,cover_00123.wav,lsb_matching,0.05,78.27721989752996
audio,cover_00123.wav,lsb_matching,0.1,78.09624692895747
audio,cover_00123.wav,lsb_matching,0.2,77.80490500838613
audio,cover_00123.wav,echo_hiding,0.05,22.078208465443147
audio,cover_00123.wav,echo_hiding,0.1,22.242432487128106
audio,cover_00123.wav,echo_hiding,0.2,22.61986033905918
audio,cover_00124.wav,lsb,0.05,79.02291649114663
audio,cover_00124.wav,lsb,0.1,78.88020801270218
audio,cover_00124.wav,lsb,0.2,78.60622635019104
audio,cover_00124.wav,lsb_matching,0.05,79.01374458013375
audio,cover_00124.wav,lsb_matching,0.1,78.86194656929369
audio,cover_00124.wav,lsb_matching,0.2,78.57755962914082
audio,cover_00124.wav,echo_hiding,0.05,22.107254410483463
audio,cover_00124.wav,echo_hiding,0.1,22.305574173659778
audio,cover_00124.wav,echo_hiding,0.2,22.621779508142232
audio,cover_00125.wav,lsb,0.05,79.40459872901171
audio,cover_00125.wav,lsb,0.1,79.21795801999018
audio,cover_00125.wav,lsb,0.2,78.96231758575318
audio,cover_00125.wav,lsb_matching,0.05,79.39087543748482
audio,cover_00125.wav,lsb_matching,0.1,79.2560721465181
audio,cover_00125.wav,lsb_matching,0.2,78.99638968801455
audio,cover_00125.wav,echo_hiding,0.05,22.088922939203663
audio,cover_00125.wav,echo_hiding,0.1,22.24388466180118
audio,cover_00125.wav,echo_hiding,0.2,22.635813781425394
audio,cover_00126.wav,lsb,0.05,85.2375013554213
audio,cover_00126.wav,lsb,0.1,85.04293701058673
audio,cover_00126.wav,lsb,0.2,84.67750391624192
audio,cover_00126.wav,lsb_matching,0.05,85.24422372909856
audio,cover_00126.wav,lsb_matching,0.1,85.0316375115516
audio,cover_00126.wav,lsb_matching,0.2,84.68914729327652
audio,cover_00126.wav,echo_hiding,0.05,22.11244416911518
audio,cover_00126.wav,echo_hiding,0.1,22.303976078864103
audio,cover_00126.wav,echo_hiding,0.2,22.64633675751774
audio,cover_00127.wav,lsb,0.05,90.16726264632223
audio,cover_00127.wav,lsb,0.1,89.83404139426443
audio,cover_00127.wav,lsb,0.2,89.30456494608138
audio,cover_00127.wav,lsb_matching,0.05,90.18321106592762
audio,cover_00127.wav,lsb_matching,0.1,89.86730513891578
audio,cover_00127.wav,lsb_matching,0.2,89.30897601494979
audio,cover_00127.wav,echo_hiding,0.05,22.10817255369348
audio,cover_00127.wav,echo_hiding,0.1,22.27430485125798
audio,cover_00127.wav,echo_hiding,0.2,22.65511503450519
audio,cover_00128.wav,lsb,0.05,79.61536155969608
audio,cover_00128.wav,lsb,0.1,79.45328087412908
audio,cover_00128.wav,lsb,0.2,79.17647029246314
audio,cover_00128.wav,lsb_matching,0.05,79.61450377059325
audio,cover_00128.wav,lsb_matching,0.1,79.44455607908681
audio,cover_00128.wav,lsb_matching,0.2,79.1728121047799
audio,cover_00128.wav,echo_hiding,0.05,22.081272531279893
audio,cover_00128.wav,echo_hiding,0.1,22.25540226797511
audio,cover_00128.wav,echo_hiding,0.2,22.6049946015385
audio,cover_00129.wav,lsb,0.05,81.88856448315455
audio,cover_00129.wav,lsb,0.1,81.72677797860652
audio,cover_00129.wav,lsb,0.2,81.41698642151782
audio,cover_00129.wav,lsb_matching,0.05,81.89363599937579
audio,cover_00129.wav,lsb_matching,0.1,81.71618343909086
audio,cover_00129.wav,lsb_matching,0.2,81.38310235878969
audio,cover_00129.wav,echo_hiding,0.05,22.092716272325283
audio,cover_00129.wav,echo_hiding,0.1,22.280684888473807
audio,cover_00129.wav,echo_hiding,0.2,22.625379712655533
audio,cover_00130.wav,lsb,0.05,77.34753518075829
audio,cover_00130.wav,lsb,0.1,77.22695073504306
audio,cover_00130.wav,lsb,0.2,76.94797473419048
audio,cover_00130.wav,lsb_matching,0.05,77.35479500595443
audio,cover_00130.wav,lsb_matching,0.1,77.22301007186243
audio,cover_00130.wav,lsb_matching,0.2,76.95204180815674
audio,cover_00130.wav,echo_hiding,0.05,22.115514267369644
audio,cover_00130.wav,echo_hiding,0.1,22.30035543326617
audio,cover_00130.wav,echo_hiding,0.2,22.675988462960156
audio,cover_00131.wav,lsb,0.05,79.64541181215387
audio,cover_00131.wav,lsb,0.1,79.48439628625624
audio,cover_00131.wav,lsb,0.2,79.19057034193297
audio,cover_00131.wav,lsb_matching,0.05,79.6303054830887
audio,cover_00131.wav,lsb_matching,0.1,79.49669344073976
audio,cover_00131.wav,lsb_matching,0.2,79.22915893630207
audio,cover_00131.wav,echo_hiding,0.05,22.086575994474757
audio,cover_00131.wav,echo_hiding,0.1,22.247660479824994
audio,cover_00131.wav,echo_hiding,0.2,22.60389697650384
audio,cover_00132.wav,lsb,0.05,77.69032695769332
audio,cover_00132.wav,lsb,0.1,77.53277887912246
audio,cover_00132.wav,lsb,0.2,77.27188903788742
audio,cover_00132.wav,lsb_matching,0.05,77.67373955273645
audio,cover_00132.wav,lsb_matching,0.1,77.52292824403634
audio,cover_00132.wav,lsb_matching,0.2,77.25339269588383
audio,cover_00132.wav,echo_hiding,0.05,22.09476138424758
audio,cover_00132.wav,echo_hiding,0.1,22.25954839552275
audio,cover_00132.wav,echo_hiding,0.2,22.673942992030398
audio,cover_00133.wav,lsb,0.05,90.23295210750163
audio,cover_00133.wav,lsb,0.1,89.87849826116545
audio,cover_00133.wav,lsb,0.2,89.30436868768801
audio,cover_00133.wav,lsb_matching,0.05,90.21423807319113
audio,cover_00133.wav,lsb_matching,0.1,89.89688952099159
audio,cover_00133.wav,lsb_matching,0.2,89.33223999055008
audio,cover_00133.wav,echo_hiding,0.05,22.095048256732433
audio,cover_00133.wav,echo_hiding,0.1,22.273436096104902
audio,cover_00133.wav,echo_hiding,0.2,22.61048296784118
audio,cover_00134.wav,lsb,0.05,83.66329831667976
audio,cover_00134.wav,lsb,0.1,83.47470511295653
audio,cover_00134.wav,lsb,0.2,83.12599728111216
audio,cover_00134.wav,lsb_matching,0.05,83.63943888453063
audio,cover_00134.wav,lsb_matching,0.1,83.47387404522733
audio,cover_00134.wav,lsb_matching,0.2,83.13154150599158
audio,cover_00134.wav,echo_hiding,0.05,22.093933114008813
audio,cover_00134.wav,echo_hiding,0.1,22.27846229874935
audio,cover_00134.wav,echo_hiding,0.2,22.665270833531082
audio,cover_00135.wav,lsb,0.05,83.52699869535004
audio,cover_00135.wav,lsb,0.1,83.41055254911336
audio,cover_00135.wav,lsb,0.2,83.03159254607647
audio,cover_00135.wav,lsb_matching,0.05,83.5463449186161
audio,cover_00135.wav,lsb_matching,0.1,83.36407019629559
audio,cover_00135.wav,lsb_matching,0.2,83.01477377778241
audio,cover_00135.wav,echo_hiding,0.05,22.08973743668966
audio,cover_00135.wav,echo_hiding,0.1,22.25287082837309
audio,cover_00135.wav,echo_hiding,0.2,22.65247131987923
audio,cover_00136.wav,lsb,0.05,78.159048640859
audio,cover_00136.wav,lsb,0.1,77.99692443961273
audio,cover_00136.wav,lsb,0.2,77.70556631361094
audio,cover_00136.wav,lsb_matching,0.05,78.14464864118248
audio,cover_00136.wav,lsb_matching,0.1,77.99217423149499
audio,cover_00136.wav,lsb_matching,0.2,77.7202509399521
audio,cover_00136.wav,echo_hiding,0.05,22.11934103811455
audio,cover_00136.wav,echo_hiding,0.1,22.2801631775703
audio,cover_00136.wav,echo_hiding,0.2,22.65193852614383
audio,cover_00137.wav,lsb,0.05,90.1363649835718
audio,cover_00137.wav,lsb,0.1,89.80840202055113
audio,cover_00137.wav,lsb,0.2,89.27997719915437
audio,cover_00137.wav,lsb_matching,0.05,90.1548015074224
audio,cover_00137.wav,lsb_matching,0.1,89.81562074625538
audio,cover_00137.wav,lsb_matching,0.2,89.22273049538865
audio,cover_00137.wav,echo_hiding,0.05,22.11156696113981
audio,cover_00137.wav,echo_hiding,0.1,22.29247508350386
audio,cover_00137.wav,echo_hiding,0.2,22.661936512932847
audio,cover_00138.wav,lsb,0.05,90.26797201721378
audio,cover_00138.wav,lsb,0.1,89.9594276784577
audio,cover_00138.wav,lsb,0.2,89.37509874063659
audio,cover_00138.wav,lsb_matching,0.05,90.23879718694722
audio,cover_00138.wav,lsb_matching,0.1,89.93275526316654
audio,cover_00138.wav,lsb_matching,0.2,89.39531433764182
audio,cover_00138.wav,echo_hiding,0.05,22.105268393705018
audio,cover_00138.wav,echo_hiding,0.1,22.26445098907073
audio,cover_00138.wav,echo_hiding,0.2,22.645833207297578
audio,cover_00139.wav,lsb,0.05,77.19277395520423
audio,cover_00139.wav,lsb,0.1,77.04136349357397
audio,cover_00139.wav,lsb,0.2,76.78252141007076
audio,cover_00139.wav,lsb_matching,0.05,77.1819998429393
audio,cover_00139.wav,lsb_matching,0.1,77.038503514023
audio,cover_00139.wav,lsb_matching,0.2,76.777216469693
audio,cover_00139.wav,echo_hiding,0.05,22.099250699994577
audio,cover_00139.wav,echo_hiding,0.1,22.249266890036388
audio,cover_00139.wav,echo_hiding,0.2,22.61560489941943
audio,cover_00140.wav,lsb,0.05,85.20140555050253
audio,cover_00140.wav,lsb,0.1,84.99028072435812
audio,cover_00140.wav,lsb,0.2,84.63425029004121
audio,cover_00140.wav,lsb_matching,0.05,85.2040940885351
audio,cover_00140.wav,lsb_matching,0.1,85.01155688117656
audio,cover_00140.wav,lsb_matching,0.2,84.64475190572784
audio,cover_00140.wav,echo_hiding,0.05,22.11406504280184
audio,cover_00140.wav,echo_hiding,0.1,22.274742802896135
audio,cover_00140.wav,echo_hiding,0.2,22.651094206177525
audio,cover_00141.wav,lsb,0.05,79.59648474589349
audio,cover_00141.wav,lsb,0.1,79.47465400300393
audio,cover_00141.wav,lsb,0.2,79.15127524490967
audio,cover_00141.wav,lsb_matching,0.05,79.57933131958458
audio,cover_00141.wav,lsb_matching,0.1,79.4494956404356
audio,cover_00141.wav,lsb_matching,0.2,79.16626390860338
audio,cover_00141.wav,echo_hiding,0.05,22.08520927060914
audio,cover_00141.wav,echo_hiding,0.1,22.24159390821734
audio,cover_00141.wav,echo_hiding,0.2,22.607968430327002
audio,cover_00142.wav,lsb,0.05,86.60798463856307
audio,cover_00142.wav,lsb,0.1,86.37839823718502
audio,cover_00142.wav,lsb,0.2,85.94631946176153
audio,cover_00142.wav,lsb_matching,0.05,86.60014633620294
audio,cover_00142.wav,lsb_matching,0.1,86.36450586635746
audio,cover_00142.wav,lsb_matching,0.2,85.93350612971471
audio,cover_00142.wav,echo_hiding,0.05,22.102966673747147
audio,cover_00142.wav,echo_hiding,0.1,22.27336786271068
audio,cover_00142.wav,echo_hiding,0.2,22.627895705058148
audio,cover_00143.wav,lsb,0.05,89.99808129253836
audio,cover_00143.wav,lsb,0.1,89.6637679544881
audio,cover_00143.wav,lsb,0.2,89.11080130964748
audio,cover_00143.wav,lsb_matching,0.05,89.9884122973986
audio,cover_00143.wav,lsb_matching,0.1,89.64000710080506
audio,cover_00143.wav,lsb_matching,0.2,89.11360819546528
audio,cover_00143.wav,echo_hiding,0.05,22.095180144563216
audio,cover_00143.wav,echo_hiding,0.1,22.289615557603494
audio,cover_00143.wav,echo_hiding,0.2,22.64439362402765
audio,cover_00144.wav,lsb,0.05,90.20570920960184
audio,cover_00144.wav,lsb,0.1,89.91689683981234
audio,cover_00144.wav,lsb,0.2,89.33901640420044
audio,cover_00144.wav,lsb_matching,0.05,90.22488167167819
audio,cover_00144.wav,lsb_matching,0.1,89.90029933516668
audio,cover_00144.wav,lsb_matching,0.2,89.3060211079314
audio,cover_00144.wav,echo_hiding,0.05,22.1083934959351
audio,cover_00144.wav,echo_hiding,0.1,22.267428777046344
audio,cover_00144.wav,echo_hiding,0.2,22.647057984167077
audio,cover_00145.wav,lsb,0.05,76.90896576282852
audio,cover_00145.wav,lsb,0.1,76.73813137511172
audio,cover_00145.wav,lsb,0.2,76.496653676461
audio,cover_00145.wav,lsb_matching,0.05,76.88679717720753
audio,cover_00145.wav,lsb_matching,0.1,76.745591075044
audio,cover_00145.wav,lsb_matching,0.2,76.50111886690465
audio,cover_00145.wav,echo_hiding,0.05,22.0824180723444
audio,cover_00145.wav,echo_hiding,0.1,22.251859783108667
audio,cover_00145.wav,echo_hiding,0.2,22.625886621267064
audio,cover_00146.wav,lsb,0.05,79.64295330146317
audio,cover_00146.wav,lsb,0.1,79.4727421378012
audio,cover_00146.wav,lsb,0.2,79.1997889776778
audio,cover_00146.wav,lsb_matching,0.05,79.63405270146892
audio,cover_00146.wav,lsb_matching,0.1,79.48100465034531
audio,cover_00146.wav,lsb_matching,0.2,79.21661737167562
audio,cover_00146.wav,echo_hiding,0.05,22.09950016408021
audio,cover_00146.wav,echo_hiding,0.1,22.317575005740117
audio,cover_00146.wav,echo_hiding,0.2,22.737940242787307
audio,cover_00147.wav,lsb,0.05,90.08260831220556
audio,cover_00147.wav,lsb,0.1,89.76730808835362
audio,cover_00147.wav,lsb,0.2,89.22057479952545
audio,cover_00147.wav,lsb_matching,0.05,90.12010410726398
audio,cover_00147.wav,lsb_matching,0.1,89.75746956838589
audio,cover_00147.wav,lsb_matching,0.2,89.22149182322772
audio,cover_00147.wav,echo_hiding,0.05,22.10291189598932
audio,cover_00147.wav,echo_hiding,0.1,22.281588918894965
audio,cover_00147.wav,echo_hiding,0.2,22.638289774010616
audio,cover_00148.wav,lsb,0.05,90.17128054168707
audio,cover_00148.wav,lsb,0.1,89.89231381800113
audio,cover_00148.wav,lsb,0.2,89.31173579521206
audio,cover_00148.wav,lsb_matching,0.05,90.21218293650774
audio,cover_00148.wav,lsb_matching,0.1,89.87256812719514
audio,cover_00148.wav,lsb_matching,0.2,89.35851945508487
audio,cover_00148.wav,echo_hiding,0.05,22.100433688880358
audio,cover_00148.wav,echo_hiding,0.1,22.286600622472022
audio,cover_00148.wav,echo_hiding,0.2,22.64442974313695
audio,cover_00149.wav,lsb,0.05,90.18093541523454
audio,cover_00149.wav,lsb,0.1,89.86628574162393
audio,cover_00149.wav,lsb,0.2,89.29682014406703
audio,cover_00149.wav,lsb_matching,0.05,90.2015095126565
audio,cover_00149.wav,lsb_matching,0.1,89.88543963502168
audio,cover_00149.wav,lsb_matching,0.2,89.26139441028937
audio,cover_00149.wav,echo_hiding,0.05,22.09945366065466
audio,cover_00149.wav,echo_hiding,0.1,22.278164954543385
audio,cover_00149.wav,echo_hiding,0.2,22.645836813784868
audio,cover_00150.wav,lsb,0.05,77.37885246902897
audio,cover_00150.wav,lsb,0.1,77.23312107163804
audio,cover_00150.wav,lsb,0.2,76.9715341559724
audio,cover_00150.wav,lsb_matching,0.05,77.38614846544553
audio,cover_00150.wav,lsb_matching,0.1,77.22853373641884
audio,cover_00150.wav,lsb_matching,0.2,76.97838099025886
audio,cover_00150.wav,echo_hiding,0.05,22.08335173936048
audio,cover_00150.wav,echo_hiding,0.1,22.285899085396288
audio,cover_00150.wav,echo_hiding,0.2,22.69813495387598
audio,cover_00151.wav,lsb,0.05,90.1480238128955
audio,cover_00151.wav,lsb,0.1,89.82641763947534
audio,cover_00151.wav,lsb,0.2,89.22184220982493
audio,cover_00151.wav,lsb_matching,0.05,90.17298704579733
audio,cover_00151.wav,lsb_matching,0.1,89.84692171621904
audio,cover_00151.wav,lsb_matching,0.2,89.23551638080002
audio,cover_00151.wav,echo_hiding,0.05,22.09994695981207
audio,cover_00151.wav,echo_hiding,0.1,22.272318510050866
audio,cover_00151.wav,echo_hiding,0.2,22.658168603892875
audio,cover_00152.wav,lsb,0.05,82.53229769842066
audio,cover_00152.wav,lsb,0.1,82.3591080011076
audio,cover_00152.wav,lsb,0.2,82.07052621773138
audio,cover_00152.wav,lsb_matching,0.05,82.54669150868028
audio,cover_00152.wav,lsb_matching,0.1,82.34492418027676
audio,cover_00152.wav,lsb_matching,0.2,82.0107836736681
audio,cover_00152.wav,echo_hiding,0.05,22.09443607148863
audio,cover_00152.wav,echo_hiding,0.1,22.288988913356338
audio,cover_00152.wav,echo_hiding,0.2,22.614542060980433
audio,cover_00153.wav,lsb,0.05,78.31039447927884
audio,cover_00153.wav,lsb,0.1,78.18552271704243
audio,cover_00153.wav,lsb,0.2,77.9366042214493
audio,cover_00153.wav,lsb_matching,0.05,78.32171995337566
audio,cover_00153.wav,lsb_matching,0.1,78.17432567857067
audio,cover_00153.wav,lsb_matching,0.2,77.88734280304566
audio,cover_00153.wav,echo_hiding,0.05,22.12197602119472
audio,cover_00153.wav,echo_hiding,0.1,22.288078448830685
audio,cover_00153.wav,echo_hiding,0.2,22.665775567167238
audio,cover_00154.wav,lsb,0.05,77.99326717909871
audio,cover_00154.wav,lsb,0.1,77.84651389898895
audio,cover_00154.wav,lsb,0.2,77.55643254135201
audio,cover_00154.wav,lsb_matching,0.05,77.9835572001833
audio,cover_00154.wav,lsb_matching,0.1,77.85638329797118
audio,cover_00154.wav,lsb_matching,0.2,77.57659492970477
audio,cover_00154.wav,echo_hiding,0.05,22.097675600479498
audio,cover_00154.wav,echo_hiding,0.1,22.254140372333747
audio,cover_00154.wav,echo_hiding,0.2,22.612096473670185
audio,cover_00155.wav,lsb,0.05,83.34420814688927
audio,cover_00155.wav,lsb,0.1,83.17589613020176
audio,cover_00155.wav,lsb,0.2,82.79835347638509
audio,cover_00155.wav,lsb_matching,0.05,83.34123791197582
audio,cover_00155.wav,lsb_matching,0.1,83.17436712991496
audio,cover_00155.wav,lsb_matching,0.2,82.8463790401859
audio,cover_00155.wav,echo_hiding,0.05,22.113937949969973
audio,cover_00155.wav,echo_hiding,0.1,22.277190935416566
audio,cover_00155.wav,echo_hiding,0.2,22.65574525203531
audio,cover_00156.wav,lsb,0.05,78.86028251360416
audio,cover_00156.wav,lsb,0.1,78.71272439340498
audio,cover_00156.wav,lsb,0.2,78.43776205445475
audio,cover_00156.wav,lsb_matching,0.05,78.86597806905215
audio,cover_00156.wav,lsb_matching,0.1,78.72958931102423
audio,cover_00156.wav,lsb_matching,0.2,78.46006847599497
audio,cover_00156.wav,echo_hiding,0.05,22.115024100102943
audio,cover_00156.wav,echo_hiding,0.1,22.265955986615815
audio,cover_00156.wav,echo_hiding,0.2,22.667008574268674
audio,cover_00157.wav,lsb,0.05,90.16952244314336
audio,cover_00157.wav,lsb,0.1,89.88996166711647
audio,cover_00157.wav,lsb,0.2,89.34867326119311
audio,cover_00157.wav,lsb_matching,0.05,90.20365921518332
audio,cover_00157.wav,lsb_matching,0.1,89.89299062853411
audio,cover_00157.wav,lsb_matching,0.2,89.30035225087366
audio,cover_00157.wav,echo_hiding,0.05,22.106853281108883
audio,cover_00157.wav,echo_hiding,0.1,22.281019836959292
audio,cover_00157.wav,echo_hiding,0.2,22.638341402676044
audio,cover_00158.wav,lsb,0.05,79.70640789635145
audio,cover_00158.wav,lsb,0.1,79.54480232577612
audio,cover_00158.wav,lsb,0.2,79.26083962988831
audio,cover_00158.wav,lsb_matching,0.05,79.68391952318397
audio,cover_00158.wav,lsb_matching,0.1,79.54242511252548
audio,cover_00158.wav,lsb_matching,0.2,79.2468873865502
audio,cover_00158.wav,echo_hiding,0.05,22.11819631737216
audio,cover_00158.wav,echo_hiding,0.1,22.290886687449245
audio,cover_00158.wav,echo_hiding,0.2,22.65100880291871
audio,cover_00159.wav,lsb,0.05,78.63407807419986
audio,cover_00159.wav,lsb,0.1,78.47489801637639
audio,cover_00159.wav,lsb,0.2,78.17684813488665
audio,cover_00159.wav,lsb_matching,0.05,78.61259183145468
audio,cover_00159.wav,lsb_matching,0.1,78.45715048131046
audio,cover_00159.wav,lsb_matching,0.2,78.22841364600846
audio,cover_00159.wav,echo_hiding,0.05,22.103705991190886
audio,cover_00159.wav,echo_hiding,0.1,22.278677961548187
audio,cover_00159.wav,echo_hiding,0.2,22.64839358959266
audio,cover_00160.wav,lsb,0.05,85.05860439498753
audio,cover_00160.wav,lsb,0.1,84.84324896388392
audio,cover_00160.wav,lsb,0.2,84.45849815889405
audio,cover_00160.wav,lsb_matching,0.05,85.03197954375511
audio,cover_00160.wav,lsb_matching,0.1,84.83310845813108
audio,cover_00160.wav,lsb_matching,0.2,84.47474352372748
audio,cover_00160.wav,echo_hiding,0.05,22.09491605647365
audio,cover_00160.wav,echo_hiding,0.1,22.27990646738004
audio,cover_00160.wav,echo_hiding,0.2,22.624943440173784
audio,cover_00161.wav,lsb,0.05,90.22073122376484
audio,cover_00161.wav,lsb,0.1,89.90293040924372
audio,cover_00161.wav,lsb,0.2,89.33716080496536
audio,cover_00161.wav,lsb_matching,0.05,90.21324725400095
audio,cover_00161.wav,lsb_matching,0.1,89.9060399576905
audio,cover_00161.wav,lsb_matching,0.2,89.35361957429292
audio,cover_00161.wav,echo_hiding,0.05,22.09944880743892
audio,cover_00161.wav,echo_hiding,0.1,22.28550639455612
audio,cover_00161.wav,echo_hiding,0.2,22.660645041635178
audio,cover_00162.wav,lsb,0.05,82.320410085069
audio,cover_00162.wav,lsb,0.1,82.14186401251838
audio,cover_00162.wav,lsb,0.2,81.81469866103487
audio,cover_00162.wav,lsb_matching,0.05,82.35119348754714
audio,cover_00162.wav,lsb_matching,0.1,82.14803955252978
audio,cover_00162.wav,lsb_matching,0.2,81.80559787413412
audio,cover_00162.wav,echo_hiding,0.05,22.101827882548694
audio,cover_00162.wav,echo_hiding,0.1,22.289783647813106
audio,cover_00162.wav,echo_hiding,0.2,22.657763247759792
audio,cover_00163.wav,lsb,0.05,82.16089523825964
audio,cover_00163.wav,lsb,0.1,81.99378219089101
audio,cover_00163.wav,lsb,0.2,81.64952109358546
audio,cover_00163.wav,lsb_matching,0.05,82.16223640254468
audio,cover_00163.wav,lsb_matching,0.1,82.00193996809956
audio,cover_00163.wav,lsb_matching,0.2,81.64267636287035
audio,cover_00163.wav,echo_hiding,0.05,22.100566305476793
audio,cover_00163.wav,echo_hiding,0.1,22.268403175829384
audio,cover_00163.wav,echo_hiding,0.2,22.648282710086534
audio,cover_00164.wav,lsb,0.05,77.66768504785483
audio,cover_00164.wav,lsb,0.1,77.54627467440925
audio,cover_00164.wav,lsb,0.2,77.24766383996328
audio,cover_00164.wav,lsb_matching,0.05,77.66340980180865
audio,cover_00164.wav,lsb_matching,0.1,77.52583443671396
audio,cover_00164.wav,lsb_matching,0.2,77.25626768867052
audio,cover_00164.wav,echo_hiding,0.05,22.118530126493823
audio,cover_00164.wav,echo_hiding,0.1,22.299064412787125
audio,cover_00164.wav,echo_hiding,0.2,22.649784355344075
audio,cover_00165.wav,lsb,0.05,83.51983148548611
audio,cover_00165.wav,lsb,0.1,83.31336429712925
audio,cover_00165.wav,lsb,0.2,82.98604560503755
audio,cover_00165.wav,lsb_matching,0.05,83.51154747066667
audio,cover_00165.wav,lsb_matching,0.1,83.33729513316752
audio,cover_00165.wav,lsb_matching,0.2,83.00302685847473
audio,cover_00165.wav,echo_hiding,0.05,22.109473517340803
audio,cover_00165.wav,echo_hiding,0.1,22.25551603516219
audio,cover_00165.wav,echo_hiding,0.2,22.64905532200642
audio,cover_00166.wav,lsb,0.05,90.15351971861334
audio,cover_00166.wav,lsb,0.1,89.83550684245486
audio,cover_00166.wav,lsb,0.2,89.26821669603794
audio,cover_00166.wav,lsb_matching,0.05,90.17249769512841
audio,cover_00166.wav,lsb_matching,0.1,89.8502321218816
audio,cover_00166.wav,lsb_matching,0.2,89.2408349808578
audio,cover_00166.wav,echo_hiding,0.05,22.113678946157865
audio,cover_00166.wav,echo_hiding,0.1,22.27166036452809
audio,cover_00166.wav,echo_hiding,0.2,22.640986347450767
audio,cover_00167.wav,lsb,0.05,77.93990529210406
audio,cover_00167.wav,lsb,0.1,77.79395557211878
audio,cover_00167.wav,lsb,0.2,77.49763862004623
audio,cover_00167.wav,lsb_matching,0.05,77.93256965271593
audio,cover_00167.wav,lsb_matching,0.1,77.78127185773775
audio,cover_00167.wav,lsb_matching,0.2,77.54317968833686
audio,cover_00167.wav,echo_hiding,0.05,22.11739753457738
audio,cover_00167.wav,echo_hiding,0.1,22.263222907435996
audio,cover_00167.wav,echo_hiding,0.2,22.587776967467104
audio,cover_00168.wav,lsb,0.05,90.15014788827304
audio,cover_00168.wav,lsb,0.1,89.79991023140562
audio,cover_00168.wav,lsb,0.2,89.24043167499201
audio,cover_00168.wav,lsb_matching,0.05,90.14918080059878
audio,cover_00168.wav,lsb_matching,0.1,89.84450027170057
audio,cover_00168.wav,lsb_matching,0.2,89.26075830452328
audio,cover_00168.wav,echo_hiding,0.05,22.107330736793752
audio,cover_00168.wav,echo_hiding,0.1,22.261638537844185
audio,cover_00168.wav,echo_hiding,0.2,22.643678830492018
audio,cover_00169.wav,lsb,0.05,83.54989493605927
audio,cover_00169.wav,lsb,0.1,83.39521955264672
audio,cover_00169.wav,lsb,0.2,83.00669614301681
audio,cover_00169.wav,lsb_matching,0.05,83.55625633196154
audio,cover_00169.wav,lsb_matching,0.1,83.36938385198292
audio,cover_00169.wav,lsb_matching,0.2,83.02492378484445
audio,cover_00169.wav,echo_hiding,0.05,22.11276096141483
audio,cover_00169.wav,echo_hiding,0.1,22.264674217651535
audio,cover_00169.wav,echo_hiding,0.2,22.645540092704923
audio,cover_00170.wav,lsb,0.05,79.74818963698317
audio,cover_00170.wav,lsb,0.1,79.62951964833734
audio,cover_00170.wav,lsb,0.2,79.33230592264083
audio,cover_00170.wav,lsb_matching,0.05,79.76178895645154
audio,cover_00170.wav,lsb_matching,0.1,79.61286606505007
audio,cover_00170.wav,lsb_matching,0.2,79.34164670658205
audio,cover_00170.wav,echo_hiding,0.05,22.09682982946854
audio,cover_00170.wav,echo_hiding,0.1,22.287693865973047
audio,cover_00170.wav,echo_hiding,0.2,22.669496276467
audio,cover_00171.wav,lsb,0.05,77.71905848255207
audio,cover_00171.wav,lsb,0.1,77.56890616455566
audio,cover_00171.wav,lsb,0.2,77.28715018142734
audio,cover_00171.wav,lsb_matching,0.05,77.72243934134761
audio,cover_00171.wav,lsb_matching,0.1,77.55418894109656
audio,cover_00171.wav,lsb_matching,0.2,77.2775261063376
audio,cover_00171.wav,echo_hiding,0.05,22.091528544247097
audio,cover_00171.wav,echo_hiding,0.1,22.299438372308195
audio,cover_00171.wav,echo_hiding,0.2,22.67869657668552
audio,cover_00172.wav,lsb,0.05,79.39851802225138
audio,cover_00172.wav,lsb,0.1,79.22555809439044
audio,cover_00172.wav,lsb,0.2,78.93981770496458
audio,cover_00172.wav,lsb_matching,0.05,79.3891777823906
audio,cover_00172.wav,lsb_matching,0.1,79.21383787652688
audio,cover_00172.wav,lsb_matching,0.2,78.94278168236758
audio,cover_00172.wav,echo_hiding,0.05,22.095968246616003
audio,cover_00172.wav,echo_hiding,0.1,22.303496227633097
audio,cover_00172.wav,echo_hiding,0.2,22.67948004433054
audio,cover_00173.wav,lsb,0.05,76.81105605287286
audio,cover_00173.wav,lsb,0.1,76.65322513450583
audio,cover_00173.wav,lsb,0.2,76.42117065203423
audio,cover_00173.wav,lsb_matching,0.05,76.81377162843553
audio,cover_00173.wav,lsb_matching,0.1,76.677460481275
audio,cover_00173.wav,lsb_matching,0.2,76.40344214691763
audio,cover_00173.wav,echo_hiding,0.05,22.103874932971394
audio,cover_00173.wav,echo_hiding,0.1,22.247039459515292
audio,cover_00173.wav,echo_hiding,0.2,22.608785405137084
audio,cover_00174.wav,lsb,0.05,83.305928985545
audio,cover_00174.wav,lsb,0.1,83.08150105244154
audio,cover_00174.wav,lsb,0.2,82.7496241485722
audio,cover_00174.wav,lsb_matching,0.05,83.28719355603559
audio,cover_00174.wav,lsb_matching,0.1,83.08901173137541
audio,cover_00174.wav,lsb_matching,0.2,82.72385530231668
audio,cover_00174.wav,echo_hiding,0.05,22.078222642142006
audio,cover_00174.wav,echo_hiding,0.1,22.281326738209586
audio,cover_00174.wav,echo_hiding,0.2,22.63536854631537
audio,cover_00175.wav,lsb,0.05,81.95735369429923
audio,cover_00175.wav,lsb,0.1,81.76751930796087
audio,cover_00175.wav,lsb,0.2,81.47933425844428
audio,cover_00175.wav,lsb_matching,0.05,81.92647780541883
audio,cover_00175.wav,lsb_matching,0.1,81.7721840412845
audio,cover_00175.wav,lsb_matching,0.2,81.46604626226156
audio,cover_00175.wav,echo_hiding,0.05,22.096876775830694
audio,cover_00175.wav,echo_hiding,0.1,22.27622765436564
audio,cover_00175.wav,echo_hiding,0.2,22.67262637826846
audio,cover_00176.wav,lsb,0.05,78.7835261337372
audio,cover_00176.wav,lsb,0.1,78.61749146195807
audio,cover_00176.wav,lsb,0.2,78.36411180870294
audio,cover_00176.wav,lsb_matching,0.05,78.79755173763962
audio,cover_00176.wav,lsb_matching,0.1,78.673936466704
audio,cover_00176.wav,lsb_matching,0.2,78.34564637624491
audio,cover_00176.wav,echo_hiding,0.05,22.096664610109272
audio,cover_00176.wav,echo_hiding,0.1,22.271203638857152
audio,cover_00176.wav,echo_hiding,0.2,22.576875779310743
audio,cover_00177.wav,lsb,0.05,79.54389584738497
audio,cover_00177.wav,lsb,0.1,79.39067749057746
audio,cover_00177.wav,lsb,0.2,79.10719187184513
audio,cover_00177.wav,lsb_matching,0.05,79.53352785315471
audio,cover_00177.wav,lsb_matching,0.1,79.39747703880346
audio,cover_00177.wav,lsb_matching,0.2,79.10333735952393
audio,cover_00177.wav,echo_hiding,0.05,22.1007258833386
audio,cover_00177.wav,echo_hiding,0.1,22.28758504860187
audio,cover_00177.wav,echo_hiding,0.2,22.695315079771543
audio,cover_00178.wav,lsb,0.05,77.63697290198012
audio,cover_00178.wav,lsb,0.1,77.50167537816398
audio,cover_00178.wav,lsb,0.2,77.20881009984367
audio,cover_00178.wav,lsb_matching,0.05,77.63370956886787
audio,cover_00178.wav,lsb_matching,0.1,77.48514888192406
audio,cover_00178.wav,lsb_matching,0.2,77.20684675639025
audio,cover_00178.wav,echo_hiding,0.05,22.10666078571833
audio,cover_00178.wav,echo_hiding,0.1,22.28578918866684
audio,cover_00178.wav,echo_hiding,0.2,22.658023412088287
audio,cover_00179.wav,lsb,0.05,82.68028433205623
audio,cover_00179.wav,lsb,0.1,82.46825658820315
audio,cover_00179.wav,lsb,0.2,82.20915210855935
audio,cover_00179.wav,lsb_matching,0.05,82.68572228523938
audio,cover_00179.wav,lsb_matching,0.1,82.49745281120641
audio,cover_00179.wav,lsb_matching,0.2,82.18515806525366
audio,cover_00179.wav,echo_hiding,0.05,22.10226402070373
audio,cover_00179.wav,echo_hiding,0.1,22.28730438123552
audio,cover_00179.wav,echo_hiding,0.2,22.62389920723308
audio,cover_00180.wav,lsb,0.05,78.07916480030869
audio,cover_00180.wav,lsb,0.1,77.91817180500996
audio,cover_00180.wav,lsb,0.2,77.68090506754388
audio,cover_00180.wav,lsb_matching,0.05,78.0907891735651
audio,cover_00180.wav,lsb_matching,0.1,77.94050786193382
audio,cover_00180.wav,lsb_matching,0.2,77.65133723663118
audio,cover_00180.wav,echo_hiding,0.05,22.13601119960764
audio,cover_00180.wav,echo_hiding,0.1,22.289935028738064
audio,cover_00180.wav,echo_hiding,0.2,22.671974844154576
audio,cover_00181.wav,lsb,0.05,85.53556046399096
audio,cover_00181.wav,lsb,0.1,85.3459965936738
audio,cover_00181.wav,lsb,0.2,84.95775535564734
audio,cover_00181.wav,lsb_matching,0.05,85.54626120665098
audio,cover_00181.wav,lsb_matching,0.1,85.32726269554345
audio,cover_00181.wav,lsb_matching,0.2,84.9319588024205
audio,cover_00181.wav,echo_hiding,0.05,22.10363276685165
audio,cover_00181.wav,echo_hiding,0.1,22.290010361602892
audio,cover_00181.wav,echo_hiding,0.2,22.64743663297301
audio,cover_00182.wav,lsb,0.05,85.64808940116131
audio,cover_00182.wav,lsb,0.1,85.42227421981188
audio,cover_00182.wav,lsb,0.2,85.01039855771936
audio,cover_00182.wav,lsb_matching,0.05,85.62946887494951
audio,cover_00182.wav,lsb_matching,0.1,85.40398258822694
audio,cover_00182.wav,lsb_matching,0.2,85.0629939608562
audio,cover_00182.wav,echo_hiding,0.05,22.104337163089205
audio,cover_00182.wav,echo_hiding,0.1,22.26547178482971
audio,cover_00182.wav,echo_hiding,0.2,22.651779351138256
audio,cover_00183.wav,lsb,0.05,90.01280573645106
audio,cover_00183.wav,lsb,0.1,89.70616758631198
audio,cover_00183.wav,lsb,0.2,89.12291339652919
audio,cover_00183.wav,lsb_matching,0.05,90.0306606423814
audio,cover_00183.wav,lsb_matching,0.1,89.70173091283037
audio,cover_00183.wav,lsb_matching,0.2,89.15273913948144
audio,cover_00183.wav,echo_hiding,0.05,22.105492783961353
audio,cover_00183.wav,echo_hiding,0.1,22.27379156102206
audio,cover_00183.wav,echo_hiding,0.2,22.655674454532182
audio,cover_00184.wav,lsb,0.05,77.80270097206927
audio,cover_00184.wav,lsb,0.1,77.67465964680805
audio,cover_00184.wav,lsb,0.2,77.38055337725447
audio,cover_00184.wav,lsb_matching,0.05,77.80358342201359
audio,cover_00184.wav,lsb_matching,0.1,77.67761786897289
audio,cover_00184.wav,lsb_matching,0.2,77.39862875363056
audio,cover_00184.wav,echo_hiding,0.05,22.10755927244673
audio,cover_00184.wav,echo_hiding,0.1,22.260667485437523
audio,cover_00184.wav,echo_hiding,0.2,22.645994907838013
audio,cover_00185.wav,lsb,0.05,79.56681547688021
audio,cover_00185.wav,lsb,0.1,79.39034306100528
audio,cover_00185.wav,lsb,0.2,79.12379784859563
audio,cover_00185.wav,lsb_matching,0.05,79.54911080163401
audio,cover_00185.wav,lsb_matching,0.1,79.417484367843
audio,cover_00185.wav,lsb_matching,0.2,79.12567217764186
audio,cover_00185.wav,echo_hiding,0.05,22.13134252871868
audio,cover_00185.wav,echo_hiding,0.1,22.26945473560118
audio,cover_00185.wav,echo_hiding,0.2,22.633760754707367
audio,cover_00186.wav,lsb,0.05,77.32695891493863
audio,cover_00186.wav,lsb,0.1,77.1974714399123
audio,cover_00186.wav,lsb,0.2,76.91978130274768
audio,cover_00186.wav,lsb_matching,0.05,77.32978375937184
audio,cover_00186.wav,lsb_matching,0.1,77.18815452730018
audio,cover_00186.wav,lsb_matching,0.2,76.9404187657798
audio,cover_00186.wav,echo_hiding,0.05,22.094039514093204
audio,cover_00186.wav,echo_hiding,0.1,22.257850382268444
audio,cover_00186.wav,echo_hiding,0.2,22.629169373003272
audio,cover_00187.wav,lsb,0.05,82.66031270410814
audio,cover_00187.wav,lsb,0.1,82.47370105994284
audio,cover_00187.wav,lsb,0.2,82.17360172475628
audio,cover_00187.wav,lsb_matching,0.05,82.67153990159598
audio,cover_00187.wav,lsb_matching,0.1,82.49531257033495
audio,cover_00187.wav,lsb_matching,0.2,82.14829639308817
audio,cover_00187.wav,echo_hiding,0.05,22.097553124307105
audio,cover_00187.wav,echo_hiding,0.1,22.281029938239584
audio,cover_00187.wav,echo_hiding,0.2,22.646290041999535
audio,cover_00188.wav,lsb,0.05,78.08459092095978
audio,cover_00188.wav,lsb,0.1,77.95725661575693
audio,cover_00188.wav,lsb,0.2,77.67994894739346
audio,cover_00188.wav,lsb_matching,0.05,78.10294292462157
audio,cover_00188.wav,lsb_matching,0.1,77.95707908643928
audio,cover_00188.wav,lsb_matching,0.2,77.65593455084424
audio,cover_00188.wav,echo_hiding,0.05,22.086635507913886
audio,cover_00188.wav,echo_hiding,0.1,22.25400728195709
audio,cover_00188.wav,echo_hiding,0.2,22.59616366632929
audio,cover_00189.wav,lsb,0.05,85.18991012003545
audio,cover_00189.wav,lsb,0.1,84.94763764058824
audio,cover_00189.wav,lsb,0.2,84.59356899045353
audio,cover_00189.wav,lsb_matching,0.05,85.18950470283534
audio,cover_00189.wav,lsb_matching,0.1,84.95884340307074
audio,cover_00189.wav,lsb_matching,0.2,84.586097233139
audio,cover_00189.wav,echo_hiding,0.05,22.102155913874334
audio,cover_00189.wav,echo_hiding,0.1,22.26658816887637
audio,cover_00189.wav,echo_hiding,0.2,22.64902820527478
audio,cover_00190.wav,lsb,0.05,90.16065605944483
audio,cover_00190.wav,lsb,0.1,89.7953326619541
audio,cover_00190.wav,lsb,0.2,89.25917497018247
audio,cover_00190.wav,lsb_matching,0.05,90.11343629467288
audio,cover_00190.wav,lsb_matching,0.1,89.87819798601132
audio,cover_00190.wav,lsb_matching,0.2,89.28780404563028
audio,cover_00190.wav,echo_hiding,0.05,22.100021914204863
audio,cover_00190.wav,echo_hiding,0.1,22.25651824299586
audio,cover_00190.wav,echo_hiding,0.2,22.64933746261893
audio,cover_00191.wav,lsb,0.05,79.76322275969147
audio,cover_00191.wav,lsb,0.1,79.5884669083996
audio,cover_00191.wav,lsb,0.2,79.3185612822542
audio,cover_00191.wav,lsb_matching,0.05,79.73080611718063
audio,cover_00191.wav,lsb_matching,0.1,79.59193252448833
audio,cover_00191.wav,lsb_matching,0.2,79.32147793469187
audio,cover_00191.wav,echo_hiding,0.05,22.096281283738396
audio,cover_00191.wav,echo_hiding,0.1,22.297132876733773
audio,cover_00191.wav,echo_hiding,0.2,22.668228692977543
audio,cover_00192.wav,lsb,0.05,83.65852029059
audio,cover_00192.wav,lsb,0.1,83.47751482338697
audio,cover_00192.wav,lsb,0.2,83.12817519272245
audio,cover_00192.wav,lsb_matching,0.05,83.66342619793517
audio,cover_00192.wav,lsb_matching,0.1,83.49032660775424
audio,cover_00192.wav,lsb_matching,0.2,83.10314569458717
audio,cover_00192.wav,echo_hiding,0.05,22.095695764595526
audio,cover_00192.wav,echo_hiding,0.1,22.291328589506975
audio,cover_00192.wav,echo_hiding,0.2,22.64225057748423
audio,cover_00193.wav,lsb,0.05,80.04618138115781
audio,cover_00193.wav,lsb,0.1,79.8966323750535
audio,cover_00193.wav,lsb,0.2,79.61363998537215
audio,cover_00193.wav,lsb_matching,0.05,80.04942004308957
audio,cover_00193.wav,lsb_matching,0.1,79.90956515397045
audio,cover_00193.wav,lsb_matching,0.2,79.60630129391062
audio,cover_00193.wav,echo_hiding,0.05,22.08867722350473
audio,cover_00193.wav,echo_hiding,0.1,22.235688677699045
audio,cover_00193.wav,echo_hiding,0.2,22.620372116226637
audio,cover_00194.wav,lsb,0.05,78.81709612675616
audio,cover_00194.wav,lsb,0.1,78.69517746853042
audio,cover_00194.wav,lsb,0.2,78.37246156404639
audio,cover_00194.wav,lsb_matching,0.05,78.81961200085848
audio,cover_00194.wav,lsb_matching,0.1,78.68173822716534
audio,cover_00194.wav,lsb_matching,0.2,78.37377511895569
audio,cover_00194.wav,echo_hiding,0.05,22.111724071100944
audio,cover_00194.wav,echo_hiding,0.1,22.29419493769468
audio,cover_00194.wav,echo_hiding,0.2,22.62840616407889
audio,cover_00195.wav,lsb,0.05,77.40912850348928
audio,cover_00195.wav,lsb,0.1,77.2494442076841
audio,cover_00195.wav,lsb,0.2,77.00181268492659
audio,cover_00195.wav,lsb_matching,0.05,77.41840407249457
audio,cover_00195.wav,lsb_matching,0.1,77.26170429406083
audio,cover_00195.wav,lsb_matching,0.2,77.00208977953511
audio,cover_00195.wav,echo_hiding,0.05,22.091939925878954
audio,cover_00195.wav,echo_hiding,0.1,22.27781678325465
audio,cover_00195.wav,echo_hiding,0.2,22.609843921387075
audio,cover_00196.wav,lsb,0.05,82.69415487364833
audio,cover_00196.wav,lsb,0.1,82.54497689328822
audio,cover_00196.wav,lsb,0.2,82.1527226055651
audio,cover_00196.wav,lsb_matching,0.05,82.67925636924429
audio,cover_00196.wav,lsb_matching,0.1,82.4942425958079
audio,cover_00196.wav,lsb_matching,0.2,82.19766898916306
audio,cover_00196.wav,echo_hiding,0.05,22.105970354884057
audio,cover_00196.wav,echo_hiding,0.1,22.289521685662468
audio,cover_00196.wav,echo_hiding,0.2,22.65082620520037
audio,cover_00197.wav,lsb,0.05,79.50365894018337
audio,cover_00197.wav,lsb,0.1,79.36232605375879
audio,cover_00197.wav,lsb,0.2,79.12538541530874
audio,cover_00197.wav,lsb_matching,0.05,79.5269798508056
audio,cover_00197.wav,lsb_matching,0.1,79.34641379375793
audio,cover_00197.wav,lsb_matching,0.2,79.09850254270309
audio,cover_00197.wav,echo_hiding,0.05,22.075793322084504
audio,cover_00197.wav,echo_hiding,0.1,22.247885636447513
audio,cover_00197.wav,echo_hiding,0.2,22.6552736247459
audio,cover_00198.wav,lsb,0.05,79.44939695859445
audio,cover_00198.wav,lsb,0.1,79.3237359191689
audio,cover_00198.wav,lsb,0.2,79.0496904196111
audio,cover_00198.wav,lsb_matching,0.05,79.44873231658397
audio,cover_00198.wav,lsb_matching,0.1,79.29142545424658
audio,cover_00198.wav,lsb_matching,0.2,79.0371096677334
audio,cover_00198.wav,echo_hiding,0.05,22.129308602419066
audio,cover_00198.wav,echo_hiding,0.1,22.33344725360661
audio,cover_00198.wav,echo_hiding,0.2,22.691573593361106
audio,cover_00199.wav,lsb,0.05,77.58619366042818
audio,cover_00199.wav,lsb,0.1,77.4185521451296
audio,cover_00199.wav,lsb,0.2,77.15034585326488
audio,cover_00199.wav,lsb_matching,0.05,77.59464810506402
audio,cover_00199.wav,lsb_matching,0.1,77.41390184417271
audio,cover_00199.wav,lsb_matching,0.2,77.16290458300874
audio,cover_00199.wav,echo_hiding,0.05,22.093154449356092
audio,cover_00199.wav,echo_hiding,0.1,22.314196637545948
audio,cover_00199.wav,echo_hiding,0.2,22.674802747396683
audio,cover_00200.wav,lsb,0.05,79.37704047387336
audio,cover_00200.wav,lsb,0.1,79.21862294988806
audio,cover_00200.wav,lsb,0.2,78.95036031202758
audio,cover_00200.wav,lsb_matching,0.05,79.38618044033868
audio,cover_00200.wav,lsb_matching,0.1,79.23564034081973
audio,cover_00200.wav,lsb_matching,0.2,78.97098775733166
audio,cover_00200.wav,echo_hiding,0.05,22.093357917027667
audio,cover_00200.wav,echo_hiding,0.1,22.291559990382567
audio,cover_00200.wav,echo_hiding,0.2,22.638983947750965
audio,cover_00201.wav,lsb,0.05,77.87482089885822
audio,cover_00201.wav,lsb,0.1,77.74400229033513
audio,cover_00201.wav,lsb,0.2,77.52113265718313
audio,cover_00201.wav,lsb_matching,0.05,77.90810897989346
audio,cover_00201.wav,lsb_matching,0.1,77.74831813209043
audio,cover_00201.wav,lsb_matching,0.2,77.44264157754839
audio,cover_00201.wav,echo_hiding,0.05,22.109825990913446
audio,cover_00201.wav,echo_hiding,0.1,22.29397684707517
audio,cover_00201.wav,echo_hiding,0.2,22.628306630111446
audio,cover_00202.wav,lsb,0.05,79.7506940685412
audio,cover_00202.wav,lsb,0.1,79.62726716774281
audio,cover_00202.wav,lsb,0.2,79.35206744170408
audio,cover_00202.wav,lsb_matching,0.05,79.76030578713653
audio,cover_00202.wav,lsb_matching,0.1,79.62111462887702
audio,cover_00202.wav,lsb_matching,0.2,79.32339986964406
audio,cover_00202.wav,echo_hiding,0.05,22.09959677625188
audio,cover_00202.wav,echo_hiding,0.1,22.3010892597367
audio,cover_00202.wav,echo_hiding,0.2,22.615871977116527
audio,cover_00203.wav,lsb,0.05,81.96959582291325
audio,cover_00203.wav,lsb,0.1,81.79373109234938
audio,cover_00203.wav,lsb,0.2,81.48283494502579
audio,cover_00203.wav,lsb_matching,0.05,81.9597361203467
audio,cover_00203.wav,lsb_matching,0.1,81.82027513739311
audio,cover_00203.wav,lsb_matching,0.2,81.46361170045108
audio,cover_00203.wav,echo_hiding,0.05,22.09366942513158
audio,cover_00203.wav,echo_hiding,0.1,22.26339104854737
audio,cover_00203.wav,echo_hiding,0.2,22.65910494906448
audio,cover_00204.wav,lsb,0.05,79.70253898253037
audio,cover_00204.wav,lsb,0.1,79.52583192303769
audio,cover_00204.wav,lsb,0.2,79.23620679355429
audio,cover_00204.wav,lsb_matching,0.05,79.6928837333695
audio,cover_00204.wav,lsb_matching,0.1,79.54558230176124
audio,cover_00204.wav,lsb_matching,0.2,79.24461968480463
audio,cover_00204.wav,echo_hiding,0.05,22.106129675660682
audio,cover_00204.wav,echo_hiding,0.1,22.259463617814014
audio,cover_00204.wav,echo_hiding,0.2,22.625888511927815
audio,cover_00205.wav,lsb,0.05,79.44858419851553
audio,cover_00205.wav,lsb,0.1,79.30336392186211
audio,cover_00205.wav,lsb,0.2,79.02816368664749
audio,cover_00205.wav,lsb_matching,0.05,79.44317932640384
audio,cover_00205.wav,lsb_matching,0.1,79.3126685839716
audio,cover_00205.wav,lsb_matching,0.2,78.97834253696907
audio,cover_00205.wav,echo_hiding,0.05,22.091125102106474
audio,cover_00205.wav,echo_hiding,0.1,22.291564831292728
audio,cover_00205.wav,echo_hiding,0.2,22.67409807313941
audio,cover_00206.wav,lsb,0.05,83.35135729602264
audio,cover_00206.wav,lsb,0.1,83.19196230374973
audio,cover_00206.wav,lsb,0.2,82.82188191202408
audio,cover_00206.wav,lsb_matching,0.05,83.34034118388693
audio,cover_00206.wav,lsb_matching,0.1,83.17388698298166
audio,cover_00206.wav,lsb_matching,0.2,82.82728560111984
audio,cover_00206.wav,echo_hiding,0.05,22.107688887118737
audio,cover_00206.wav,echo_hiding,0.1,22.27801678200242
audio,cover_00206.wav,echo_hiding,0.2,22.628335857804373
audio,cover_00207.wav,lsb,0.05,78.51709430535104
audio,cover_00207.wav,lsb,0.1,78.37089138902637
audio,cover_00207.wav,lsb,0.2,78.08096915412847
audio,cover_00207.wav,lsb_matching,0.05,78.52143180347927
audio,cover_00207.wav,lsb_matching,0.1,78.34919714784756
audio,cover_00207.wav,lsb_matching,0.2,78.0767668687928
audio,cover_00207.wav,echo_hiding,0.05,22.103534053420123
audio,cover_00207.wav,echo_hiding,0.1,22.267168868249
audio,cover_00207.wav,echo_hiding,0.2,22.634186068120172
audio,cover_00208.wav,lsb,0.05,77.23108896121882
audio,cover_00208.wav,lsb,0.1,77.09019016879108
audio,cover_00208.wav,lsb,0.2,76.80896207601815
audio,cover_00208.wav,lsb_matching,0.05,77.23130498583632
audio,cover_00208.wav,lsb_matching,0.1,77.10141343654745
audio,cover_00208.wav,lsb_matching,0.2,76.86504969420368
audio,cover_00208.wav,echo_hiding,0.05,22.12482714050544
audio,cover_00208.wav,echo_hiding,0.1,22.310901973289525
audio,cover_00208.wav,echo_hiding,0.2,22.62113181816014
audio,cover_00209.wav,lsb,0.05,77.87033643617687
audio,cover_00209.wav,lsb,0.1,77.7336541621058
audio,cover_00209.wav,lsb,0.2,77.43958601989844
audio,cover_00209.wav,lsb_matching,0.05,77.85341954821308
audio,cover_00209.wav,lsb_matching,0.1,77.70106962442645
audio,cover_00209.wav,lsb_matching,0.2,77.43844754132559
audio,cover_00209.wav,echo_hiding,0.05,22.09544889483321
audio,cover_00209.wav,echo_hiding,0.1,22.244384500139674
audio,cover_00209.wav,echo_hiding,0.2,22.6448124503164
audio,cover_00210.wav,lsb,0.05,77.37021052409814
audio,cover_00210.wav,lsb,0.1,77.25408146218835
audio,cover_00210.wav,lsb,0.2,76.95717119952522
audio,cover_00210.wav,lsb_matching,0.05,77.37239108616888
audio,cover_00210.wav,lsb_matching,0.1,77.24519103334237
audio,cover_00210.wav,lsb_matching,0.2,76.98471655730457
audio,cover_00210.wav,echo_hiding,0.05,22.067631780691567
audio,cover_00210.wav,echo_hiding,0.1,22.242019607588404
audio,cover_00210.wav,echo_hiding,0.2,22.5962364006027
audio,cover_00211.wav,lsb,0.05,79.42953619329839
audio,cover_00211.wav,lsb,0.1,79.27805463672125
audio,cover_00211.wav,lsb,0.2,79.0218324344186
audio,cover_00211.wav,lsb_matching,0.05,79.43242502673009
audio,cover_00211.wav,lsb_matching,0.1,79.29736780381373
audio,cover_00211.wav,lsb_matching,0.2,79.01030147290994
audio,cover_00211.wav,echo_hiding,0.05,22.114104435903155
audio,cover_00211.wav,echo_hiding,0.1,22.332970201508083
audio,cover_00211.wav,echo_hiding,0.2,22.669589353020353
audio,cover_00212.wav,lsb,0.05,83.55377108754725
audio,cover_00212.wav,lsb,0.1,83.3674833871376
audio,cover_00212.wav,lsb,0.2,83.01404137697358
audio,cover_00212.wav,lsb_matching,0.05,83.53176433747475
audio,cover_00212.wav,lsb_matching,0.1,83.36850836822151
audio,cover_00212.wav,lsb_matching,0.2,82.98690203071588
audio,cover_00212.wav,echo_hiding,0.05,22.105725638427284
audio,cover_00212.wav,echo_hiding,0.1,22.26320710256243
audio,cover_00212.wav,echo_hiding,0.2,22.645093641654523
audio,cover_00213.wav,lsb,0.05,90.06550105424205
audio,cover_00213.wav,lsb,0.1,89.7808159483641
audio,cover_00213.wav,lsb,0.2,89.20425413350333
audio,cover_00213.wav,lsb_matching,0.05,90.05616927003727
audio,cover_00213.wav,lsb_matching,0.1,89.73324375634479
audio,cover_00213.wav,lsb_matching,0.2,89.21903215625606
audio,cover_00213.wav,echo_hiding,0.05,22.1118188419048
audio,cover_00213.wav,echo_hiding,0.1,22.280457416063918
audio,cover_00213.wav,echo_hiding,0.2,22.617877166773354
audio,cover_00214.wav,lsb,0.05,78.3773997351605
audio,cover_00214.wav,lsb,0.1,78.23401178169485
audio,cover_00214.wav,lsb,0.2,77.96128098621895
audio,cover_00214.wav,lsb_matching,0.05,78.3786671834145
audio,cover_00214.wav,lsb_matching,0.1,78.23238204725796
audio,cover_00214.wav,lsb_matching,0.2,77.93467087613293
audio,cover_00214.wav,echo_hiding,0.05,22.10312965384631
audio,cover_00214.wav,echo_hiding,0.1,22.280345208422226
audio,cover_00214.wav,echo_hiding,0.2,22.67008664675722
audio,cover_00215.wav,lsb,0.05,90.20082893357585
audio,cover_00215.wav,lsb,0.1,89.9219215282425
audio,cover_00215.wav,lsb,0.2,89.33985703066276
audio,cover_00215.wav,lsb_matching,0.05,90.2410973013255
audio,cover_00215.wav,lsb_matching,0.1,89.87444612788663
audio,cover_00215.wav,lsb_matching,0.2,89.30907608612767
audio,cover_00215.wav,echo_hiding,0.05,22.092713464800042
audio,cover_00215.wav,echo_hiding,0.1,22.268185637661734
audio,cover_00215.wav,echo_hiding,0.2,22.63234197399879
audio,cover_00216.wav,lsb,0.05,79.34656735740738
audio,cover_00216.wav,lsb,0.1,79.19973739898005
audio,cover_00216.wav,lsb,0.2,78.90174408801644
audio,cover_00216.wav,lsb_matching,0.05,79.36394385258936
audio,cover_00216.wav,lsb_matching,0.1,79.21274853483607
audio,cover_00216.wav,lsb_matching,0.2,78.92175246937522
audio,cover_00216.wav,echo_hiding,0.05,22.104441645842936
audio,cover_00216.wav,echo_hiding,0.1,22.234646426633837
audio,cover_00216.wav,echo_hiding,0.2,22.66785656021371
audio,cover_00217.wav,lsb,0.05,78.21838736502885
audio,cover_00217.wav,lsb,0.1,78.09063022925618
audio,cover_00217.wav,lsb,0.2,77.76933404453011
audio,cover_00217.wav,lsb_matching,0.05,78.20168161906038
audio,cover_00217.wav,lsb_matching,0.1,78.05815050928275
audio,cover_00217.wav,lsb_matching,0.2,77.78537504432165
audio,cover_00217.wav,echo_hiding,0.05,22.115084610670905
audio,cover_00217.wav,echo_hiding,0.1,22.266805473846134
audio,cover_00217.wav,echo_hiding,0.2,22.600628796513767
audio,cover_00218.wav,lsb,0.05,78.31747761617632
audio,cover_00218.wav,lsb,0.1,78.18285571401994
audio,cover_00218.wav,lsb,0.2,77.90592443005941
audio,cover_00218.wav,lsb_matching,0.05,78.3299881091443
audio,cover_00218.wav,lsb_matching,0.1,78.1671327455656
audio,cover_00218.wav,lsb_matching,0.2,77.89816057116093
audio,cover_00218.wav,echo_hiding,0.05,22.095709847045953
audio,cover_00218.wav,echo_hiding,0.1,22.288659125376565
audio,cover_00218.wav,echo_hiding,0.2,22.65034370085771
audio,cover_00219.wav,lsb,0.05,78.18687546017881
audio,cover_00219.wav,lsb,0.1,78.03588522879825
audio,cover_00219.wav,lsb,0.2,77.73644440546926
audio,cover_00219.wav,lsb_matching,0.05,78.18837764066129
audio,cover_00219.wav,lsb_matching,0.1,78.03896163291994
audio,cover_00219.wav,lsb_matching,0.2,77.79312730813963
audio,cover_00219.wav,echo_hiding,0.05,22.124722452829168
audio,cover_00219.wav,echo_hiding,0.1,22.321147034458235
audio,cover_00219.wav,echo_hiding,0.2,22.693171855255866
audio,cover_00220.wav,lsb,0.05,77.62608249772424
audio,cover_00220.wav,lsb,0.1,77.51192340563159
audio,cover_00220.wav,lsb,0.2,77.22100820743512
audio,cover_00220.wav,lsb_matching,0.05,77.64595715487275
audio,cover_00220.wav,lsb_matching,0.1,77.50827575554581
audio,cover_00220.wav,lsb_matching,0.2,77.20311107520206
audio,cover_00220.wav,echo_hiding,0.05,22.0812512090016
audio,cover_00220.wav,echo_hiding,0.1,22.222843665054704
audio,cover_00220.wav,echo_hiding,0.2,22.63193936703804
audio,cover_00221.wav,lsb,0.05,79.66285024279023
audio,cover_00221.wav,lsb,0.1,79.49959050538105
audio,cover_00221.wav,lsb,0.2,79.21631682497615
audio,cover_00221.wav,lsb_matching,0.05,79.63356129748473
audio,cover_00221.wav,lsb_matching,0.1,79.50674473740241
audio,cover_00221.wav,lsb_matching,0.2,79.22996293642603
audio,cover_00221.wav,echo_hiding,0.05,22.119813417860243
audio,cover_00221.wav,echo_hiding,0.1,22.289682279307428
audio,cover_00221.wav,echo_hiding,0.2,22.59455956384365
audio,cover_00222.wav,lsb,0.05,79.45159301010206
audio,cover_00222.wav,lsb,0.1,79.31688314394005
audio,cover_00222.wav,lsb,0.2,79.0187306556154
audio,cover_00222.wav,lsb_matching,0.05,79.45691814099119
audio,cover_00222.wav,lsb_matching,0.1,79.27350845044094
audio,cover_00222.wav,lsb_matching,0.2,79.02747279372231
audio,cover_00222.wav,echo_hiding,0.05,22.10973200477956
audio,cover_00222.wav,echo_hiding,0.1,22.298699639065358
audio,cover_00222.wav,echo_hiding,0.2,22.664357857763644
audio,cover_00223.wav,lsb,0.05,76.37672046399564
audio,cover_00223.wav,lsb,0.1,76.24128350202545
audio,cover_00223.wav,lsb,0.2,75.96144603346228
audio,cover_00223.wav,lsb_matching,0.05,76.3645501951141
audio,cover_00223.wav,lsb_matching,0.1,76.23040589776099
audio,cover_00223.wav,lsb_matching,0.2,75.96888361174487
audio,cover_00223.wav,echo_hiding,0.05,22.084512223795265
audio,cover_00223.wav,echo_hiding,0.1,22.26330634892511
audio,cover_00223.wav,echo_hiding,0.2,22.60811572027825
audio,cover_00224.wav,lsb,0.05,84.86840140765477
audio,cover_00224.wav,lsb,0.1,84.65255597227872
audio,cover_00224.wav,lsb,0.2,84.27311494604248
audio,cover_00224.wav,lsb_matching,0.05,84.83850813294781
audio,cover_00224.wav,lsb_matching,0.1,84.65349807215074
audio,cover_00224.wav,lsb_matching,0.2,84.27013442033463
audio,cover_00224.wav,echo_hiding,0.05,22.108015909621905
audio,cover_00224.wav,echo_hiding,0.1,22.267386921234724
audio,cover_00224.wav,echo_hiding,0.2,22.638282198295844
audio,cover_00225.wav,lsb,0.05,79.51987565835155
audio,cover_00225.wav,lsb,0.1,79.38536592699597
audio,cover_00225.wav,lsb,0.2,79.10473385485847
audio,cover_00225.wav,lsb_matching,0.05,79.52832937038798
audio,cover_00225.wav,lsb_matching,0.1,79.36960269834388
audio,cover_00225.wav,lsb_matching,0.2,79.11068055288054
audio,cover_00225.wav,echo_hiding,0.05,22.104150688975146
audio,cover_00225.wav,echo_hiding,0.1,22.272406738091455
audio,cover_00225.wav,echo_hiding,0.2,22.65965150100092
audio,cover_00226.wav,lsb,0.05,79.49090999729242
audio,cover_00226.wav,lsb,0.1,79.35677506479183
audio,cover_00226.wav,lsb,0.2,79.04197972762732
audio,cover_00226.wav,lsb_matching,0.05,79.512282769487
audio,cover_00226.wav,lsb_matching,0.1,79.34478675000227
audio,cover_00226.wav,lsb_matching,0.2,79.07376630747541
audio,cover_00226.wav,echo_hiding,0.05,22.09829168134535
audio,cover_00226.wav,echo_hiding,0.1,22.248568605543003
audio,cover_00226.wav,echo_hiding,0.2,22.59967800779199
audio,cover_00227.wav,lsb,0.05,76.97725524044682
audio,cover_00227.wav,lsb,0.1,76.8521562047434
audio,cover_00227.wav,lsb,0.2,76.59990145610415
audio,cover_00227.wav,lsb_matching,0.05,76.97435915147692
audio,cover_00227.wav,lsb_matching,0.1,76.85474427584901
audio,cover_00227.wav,lsb_matching,0.2,76.56446277584828
audio,cover_00227.wav,echo_hiding,0.05,22.116311633953572
audio,cover_00227.wav,echo_hiding,0.1,22.305299222501827
audio,cover_00227.wav,echo_hiding,0.2,22.613970542872913
audio,cover_00228.wav,lsb,0.05,78.27022784443687
audio,cover_00228.wav,lsb,0.1,78.14010067774804
audio,cover_00228.wav,lsb,0.2,77.85846869717054
audio,cover_00228.wav,lsb_matching,0.05,78.28897547410834
audio,cover_00228.wav,lsb_matching,0.1,78.14061495646975
audio,cover_00228.wav,lsb_matching,0.2,77.86683104390983
audio,cover_00228.wav,echo_hiding,0.05,22.106343351554454
audio,cover_00228.wav,echo_hiding,0.1,22.251102256392137
audio,cover_00228.wav,echo_hiding,0.2,22.62713615255103
audio,cover_00229.wav,lsb,0.05,90.10727241883103
audio,cover_00229.wav,lsb,0.1,89.79583725805628
audio,cover_00229.wav,lsb,0.2,89.1859902963917
audio,cover_00229.wav,lsb_matching,0.05,90.08895100715856
audio,cover_00229.wav,lsb_matching,0.1,89.78973765032902
audio,cover_00229.wav,lsb_matching,0.2,89.24695213443057
audio,cover_00229.wav,echo_hiding,0.05,22.100183393652667
audio,cover_00229.wav,echo_hiding,0.1,22.294276608049856
audio,cover_00229.wav,echo_hiding,0.2,22.637271252376717
audio,cover_00230.wav,lsb,0.05,82.34666288320008
audio,cover_00230.wav,lsb,0.1,82.17160435166092
audio,cover_00230.wav,lsb,0.2,81.85652846603148
audio,cover_00230.wav,lsb_matching,0.05,82.33983167677847
audio,cover_00230.wav,lsb_matching,0.1,82.15969109752348
audio,cover_00230.wav,lsb_matching,0.2,81.82802737466362
audio,cover_00230.wav,echo_hiding,0.05,22.104282423644335
audio,cover_00230.wav,echo_hiding,0.1,22.287763384057083
audio,cover_00230.wav,echo_hiding,0.2,22.621809460924844
audio,cover_00231.wav,lsb,0.05,90.12995616415323
audio,cover_00231.wav,lsb,0.1,89.82238549633509
audio,cover_00231.wav,lsb,0.2,89.225462074753
audio,cover_00231.wav,lsb_matching,0.05,90.10898718287149
audio,cover_00231.wav,lsb_matching,0.1,89.78635080619702
audio,cover_00231.wav,lsb_matching,0.2,89.25063422475776
audio,cover_00231.wav,echo_hiding,0.05,22.09811035785244
audio,cover_00231.wav,echo_hiding,0.1,22.282166821018702
audio,cover_00231.wav,echo_hiding,0.2,22.662770579996703
audio,cover_00232.wav,lsb,0.05,79.78610600867633
audio,cover_00232.wav,lsb,0.1,79.63919171082634
audio,cover_00232.wav,lsb,0.2,79.36144264101097
audio,cover_00232.wav,lsb_matching,0.05,79.78676785852231
audio,cover_00232.wav,lsb_matching,0.1,79.62033378945262
audio,cover_00232.wav,lsb_matching,0.2,79.36446479523602
audio,cover_00232.wav,echo_hiding,0.05,22.11524478057354
audio,cover_00232.wav,echo_hiding,0.1,22.252333213540133
audio,cover_00232.wav,echo_hiding,0.2,22.607786158734797
audio,cover_00233.wav,lsb,0.05,76.62585209856822
audio,cover_00233.wav,lsb,0.1,76.4960949932469
audio,cover_00233.wav,lsb,0.2,76.24331203696022
audio,cover_00233.wav,lsb_matching,0.05,76.64320178824886
audio,cover_00233.wav,lsb_matching,0.1,76.48401462826799
audio,cover_00233.wav,lsb_matching,0.2,76.23584829370853
audio,cover_00233.wav,echo_hiding,0.05,22.088649203550588
audio,cover_00233.wav,echo_hiding,0.1,22.27538192656635
audio,cover_00233.wav,echo_hiding,0.2,22.628296066865282
audio,cover_00234.wav,lsb,0.05,76.70742167546847
audio,cover_00234.wav,lsb,0.1,76.56640510734701
audio,cover_00234.wav,lsb,0.2,76.28347674629786
audio,cover_00234.wav,lsb_matching,0.05,76.70397241306033
audio,cover_00234.wav,lsb_matching,0.1,76.5715920485876
audio,cover_00234.wav,lsb_matching,0.2,76.320972306623
audio,cover_00234.wav,echo_hiding,0.05,22.119416841089485
audio,cover_00234.wav,echo_hiding,0.1,22.316069021886587
audio,cover_00234.wav,echo_hiding,0.2,22.63154269192013
audio,cover_00235.wav,lsb,0.05,79.69248660323662
audio,cover_00235.wav,lsb,0.1,79.55430733356393
audio,cover_00235.wav,lsb,0.2,79.23871128639222
audio,cover_00235.wav,lsb_matching,0.05,79.69777310379808
audio,cover_00235.wav,lsb_matching,0.1,79.54826985487173
audio,cover_00235.wav,lsb_matching,0.2,79.2538067191625
audio,cover_00235.wav,echo_hiding,0.05,22.102098761027374
audio,cover_00235.wav,echo_hiding,0.1,22.271146590585463
audio,cover_00235.wav,echo_hiding,0.2,22.56668577572599
audio,cover_00236.wav,lsb,0.05,90.13553428372168
audio,cover_00236.wav,lsb,0.1,89.81823248032981
audio,cover_00236.wav,lsb,0.2,89.2465090441032
audio,cover_00236.wav,lsb_matching,0.05,90.14980105641968
audio,cover_00236.wav,lsb_matching,0.1,89.80381752572781
audio,cover_00236.wav,lsb_matching,0.2,89.25487607196615
audio,cover_00236.wav,echo_hiding,0.05,22.105798286198986
audio,cover_00236.wav,echo_hiding,0.1,22.268064535059846
audio,cover_00236.wav,echo_hiding,0.2,22.655291914484273
audio,cover_00237.wav,lsb,0.05,79.66841868457635
audio,cover_00237.wav,lsb,0.1,79.53860650725927
audio,cover_00237.wav,lsb,0.2,79.23774863927362
audio,cover_00237.wav,lsb_matching,0.05,79.69180283607338
audio,cover_00237.wav,lsb_matching,0.1,79.51426533259026
audio,cover_00237.wav,lsb_matching,0.2,79.25723106437698
audio,cover_00237.wav,echo_hiding,0.05,22.095507103955065
audio,cover_00237.wav,echo_hiding,0.1,22.26489766797531
audio,cover_00237.wav,echo_hiding,0.2,22.613168662871196
audio,cover_00238.wav,lsb,0.05,78.38432303301022
audio,cover_00238.wav,lsb,0.1,78.22855050286196
audio,cover_00238.wav,lsb,0.2,77.97798979652464
audio,cover_00238.wav,lsb_matching,0.05,78.38834786339832
audio,cover_00238.wav,lsb_matching,0.1,78.2586068693699
audio,cover_00238.wav,lsb_matching,0.2,77.9756343996563
audio,cover_00238.wav,echo_hiding,0.05,22.109153665617
audio,cover_00238.wav,echo_hiding,0.1,22.258007790539782
audio,cover_00238.wav,echo_hiding,0.2,22.635840121547787
audio,cover_00239.wav,lsb,0.05,85.29623387223664
audio,cover_00239.wav,lsb,0.1,85.06953170794037
audio,cover_00239.wav,lsb,0.2,84.6969959915603
audio,cover_00239.wav,lsb_matching,0.05,85.27979853598765
audio,cover_00239.wav,lsb_matching,0.1,85.0864995676204
audio,cover_00239.wav,lsb_matching,0.2,84.67206996040112
audio,cover_00239.wav,echo_hiding,0.05,22.112053455402688
audio,cover_00239.wav,echo_hiding,0.1,22.269912002753586
audio,cover_00239.wav,echo_hiding,0.2,22.626355484564932
audio,cover_00240.wav,lsb,0.05,79.58184506758192
audio,cover_00240.wav,lsb,0.1,79.46392966508874
audio,cover_00240.wav,lsb,0.2,79.14973335656212
audio,cover_00240.wav,lsb_matching,0.05,79.58922793071974
audio,cover_00240.wav,lsb_matching,0.1,79.42618165611758
audio,cover_00240.wav,lsb_matching,0.2,79.16601294561987
audio,cover_00240.wav,echo_hiding,0.05,22.10976577302581
audio,cover_00240.wav,echo_hiding,0.1,22.289234360467724
audio,cover_00240.wav,echo_hiding,0.2,22.634964866827282
audio,cover_00241.wav,lsb,0.05,77.59265789849974
audio,cover_00241.wav,lsb,0.1,77.44578620639162
audio,cover_00241.wav,lsb,0.2,77.16124963871502
audio,cover_00241.wav,lsb_matching,0.05,77.57970064839937
audio,cover_00241.wav,lsb_matching,0.1,77.43294064672925
audio,cover_00241.wav,lsb_matching,0.2,77.15709026232163
audio,cover_00241.wav,echo_hiding,0.05,22.111920120360974
audio,cover_00241.wav,echo_hiding,0.1,22.294413038500387
audio,cover_00241.wav,echo_hiding,0.2,22.590700357820253
audio,cover_00242.wav,lsb,0.05,85.27590162926371
audio,cover_00242.wav,lsb,0.1,85.07400972336058
audio,cover_00242.wav,lsb,0.2,84.68747211812112
audio,cover_00242.wav,lsb_matching,0.05,85.27961127931178
audio,cover_00242.wav,lsb_matching,0.1,85.09939032162578
audio,cover_00242.wav,lsb_matching,0.2,84.70627302500417
audio,cover_00242.wav,echo_hiding,0.05,22.110034036211257
audio,cover_00242.wav,echo_hiding,0.1,22.27069073492209
audio,cover_00242.wav,echo_hiding,0.2,22.637087023158138
audio,cover_00243.wav,lsb,0.05,90.09926964884406
audio,cover_00243.wav,lsb,0.1,89.78682987914038
audio,cover_00243.wav,lsb,0.2,89.20705318807953
audio,cover_00243.wav,lsb_matching,0.05,90.10994159823228
audio,cover_00243.wav,lsb_matching,0.1,89.80637473637063
audio,cover_00243.wav,lsb_matching,0.2,89.16769651608335
audio,cover_00243.wav,echo_hiding,0.05,22.097571120970805
audio,cover_00243.wav,echo_hiding,0.1,22.271916192356255
audio,cover_00243.wav,echo_hiding,0.2,22.647058628583817
audio,cover_00244.wav,lsb,0.05,85.25111432105854
audio,cover_00244.wav,lsb,0.1,85.05711241214806
audio,cover_00244.wav,lsb,0.2,84.69134439330526
audio,cover_00244.wav,lsb_matching,0.05,85.25726169186642
audio,cover_00244.wav,lsb_matching,0.1,85.04921538048498
audio,cover_00244.wav,lsb_matching,0.2,84.66221618788366
audio,cover_00244.wav,echo_hiding,0.05,22.09347437691435
audio,cover_00244.wav,echo_hiding,0.1,22.28478139345154
audio,cover_00244.wav,echo_hiding,0.2,22.653006896562985
audio,cover_00245.wav,lsb,0.05,90.11756766853787
audio,cover_00245.wav,lsb,0.1,89.8516641174636
audio,cover_00245.wav,lsb,0.2,89.29329806293006
audio,cover_00245.wav,lsb_matching,0.05,90.15813467092076
audio,cover_00245.wav,lsb_matching,0.1,89.85226229593344
audio,cover_00245.wav,lsb_matching,0.2,89.26943339498017
audio,cover_00245.wav,echo_hiding,0.05,22.103385905082888
audio,cover_00245.wav,echo_hiding,0.1,22.282504929751838
audio,cover_00245.wav,echo_hiding,0.2,22.648275347395064
audio,cover_00246.wav,lsb,0.05,78.84118956917611
audio,cover_00246.wav,lsb,0.1,78.69669017427375
audio,cover_00246.wav,lsb,0.2,78.436785891723
audio,cover_00246.wav,lsb_matching,0.05,78.8400655895422
audio,cover_00246.wav,lsb_matching,0.1,78.71079144461795
audio,cover_00246.wav,lsb_matching,0.2,78.41947815383169
audio,cover_00246.wav,echo_hiding,0.05,22.110741059385433
audio,cover_00246.wav,echo_hiding,0.1,22.279091752953185
audio,cover_00246.wav,echo_hiding,0.2,22.64373670478666
audio,cover_00247.wav,lsb,0.05,82.18687989659475
audio,cover_00247.wav,lsb,0.1,82.02005818830834
audio,cover_00247.wav,lsb,0.2,81.69668598139992
audio,cover_00247.wav,lsb_matching,0.05,82.18760990181615
audio,cover_00247.wav,lsb_matching,0.1,82.03024430046014
audio,cover_00247.wav,lsb_matching,0.2,81.68862296286812
audio,cover_00247.wav,echo_hiding,0.05,22.10191690475441
audio,cover_00247.wav,echo_hiding,0.1,22.302191271393546
audio,cover_00247.wav,echo_hiding,0.2,22.654237064408626
audio,cover_00248.wav,lsb,0.05,79.81216889422488
audio,cover_00248.wav,lsb,0.1,79.66800492272357
audio,cover_00248.wav,lsb,0.2,79.39155188026385
audio,cover_00248.wav,lsb_matching,0.05,79.82124208240056
audio,cover_00248.wav,lsb_matching,0.1,79.64869067278885
audio,cover_00248.wav,lsb_matching,0.2,79.39824337944032
audio,cover_00248.wav,echo_hiding,0.05,22.11294422161302
audio,cover_00248.wav,echo_hiding,0.1,22.28780978295535
audio,cover_00248.wav,echo_hiding,0.2,22.632591777869116
audio,cover_00249.wav,lsb,0.05,85.79962607599916
audio,cover_00249.wav,lsb,0.1,85.57333264762462
audio,cover_00249.wav,lsb,0.2,85.19828695452273
audio,cover_00249.wav,lsb_matching,0.05,85.80185281687612
audio,cover_00249.wav,lsb_matching,0.1,85.5875543459198
audio,cover_00249.wav,lsb_matching,0.2,85.18278059211886
audio,cover_00249.wav,echo_hiding,0.05,22.113583657233526
audio,cover_00249.wav,echo_hiding,0.1,22.303375693587682
audio,cover_00249.wav,echo_hiding,0.2,22.658799709339775
audio,cover_00250.wav,lsb,0.05,78.36548841302306
audio,cover_00250.wav,lsb,0.1,78.24714989473769
audio,cover_00250.wav,lsb,0.2,77.94138817826645
audio,cover_00250.wav,lsb_matching,0.05,78.3682814726222
audio,cover_00250.wav,lsb_matching,0.1,78.25145774266899
audio,cover_00250.wav,lsb_matching,0.2,77.95410980777177
audio,cover_00250.wav,echo_hiding,0.05,22.11910897246685
audio,cover_00250.wav,echo_hiding,0.1,22.31224923492244
audio,cover_00250.wav,echo_hiding,0.2,22.67876288622059
audio,cover_00251.wav,lsb,0.05,79.61934714335227
audio,cover_00251.wav,lsb,0.1,79.47470508884028
audio,cover_00251.wav,lsb,0.2,79.18122403025309
audio,cover_00251.wav,lsb_matching,0.05,79.61815789087782
audio,cover_00251.wav,lsb_matching,0.1,79.45373119300116
audio,cover_00251.wav,lsb_matching,0.2,79.17253368740853
audio,cover_00251.wav,echo_hiding,0.05,22.12944690359127
audio,cover_00251.wav,echo_hiding,0.1,22.30222371463755
audio,cover_00251.wav,echo_hiding,0.2,22.683762902527636
audio,cover_00252.wav,lsb,0.05,78.33339550766982
audio,cover_00252.wav,lsb,0.1,78.20087910437165
audio,cover_00252.wav,lsb,0.2,77.9228694671053
audio,cover_00252.wav,lsb_matching,0.05,78.33054994443948
audio,cover_00252.wav,lsb_matching,0.1,78.16428342936524
audio,cover_00252.wav,lsb_matching,0.2,77.91085957465862
audio,cover_00252.wav,echo_hiding,0.05,22.109195230906188
audio,cover_00252.wav,echo_hiding,0.1,22.280260982919316
audio,cover_00252.wav,echo_hiding,0.2,22.626067463122986
audio,cover_00253.wav,lsb,0.05,90.02878847137096
audio,cover_00253.wav,lsb,0.1,89.71236242901867
audio,cover_00253.wav,lsb,0.2,89.15810218126204
audio,cover_00253.wav,lsb_matching,0.05,90.01821141573521
audio,cover_00253.wav,lsb_matching,0.1,89.72818247703238
audio,cover_00253.wav,lsb_matching,0.2,89.1575769976765
audio,cover_00253.wav,echo_hiding,0.05,22.097126305754884
audio,cover_00253.wav,echo_hiding,0.1,22.267919920803678
audio,cover_00253.wav,echo_hiding,0.2,22.649608447930234
audio,cover_00254.wav,lsb,0.05,90.1054795751445
audio,cover_00254.wav,lsb,0.1,89.81249852935895
audio,cover_00254.wav,lsb,0.2,89.2587913043033
audio,cover_00254.wav,lsb_matching,0.05,90.16553303513903
audio,cover_00254.wav,lsb_matching,0.1,89.85461154963303
audio,cover_00254.wav,lsb_matching,0.2,89.21974934820386
audio,cover_00254.wav,echo_hiding,0.05,22.11165322478813
audio,cover_00254.wav,echo_hiding,0.1,22.280986029263925
audio,cover_00254.wav,echo_hiding,0.2,22.647970356931793
audio,cover_00255.wav,lsb,0.05,78.12178847612276
audio,cover_00255.wav,lsb,0.1,77.99495798050576
audio,cover_00255.wav,lsb,0.2,77.69501034019453
audio,cover_00255.wav,lsb_matching,0.05,78.13643788136811
audio,cover_00255.wav,lsb_matching,0.1,77.99986603659022
audio,cover_00255.wav,lsb_matching,0.2,77.70538642046029
audio,cover_00255.wav,echo_hiding,0.05,22.08121103369497
audio,cover_00255.wav,echo_hiding,0.1,22.263335291637702
audio,cover_00255.wav,echo_hiding,0.2,22.594209863032887
audio,cover_00256.wav,lsb,0.05,85.43768057769277
audio,cover_00256.wav,lsb,0.1,85.26115558635965
audio,cover_00256.wav,lsb,0.2,84.82006076546013
audio,cover_00256.wav,lsb_matching,0.05,85.45351366173273
audio,cover_00256.wav,lsb_matching,0.1,85.24822090094656
audio,cover_00256.wav,lsb_matching,0.2,84.88048589349874
audio,cover_00256.wav,echo_hiding,0.05,22.11338401779086
audio,cover_00256.wav,echo_hiding,0.1,22.275924743422312
audio,cover_00256.wav,echo_hiding,0.2,22.64705379201105
audio,cover_00257.wav,lsb,0.05,82.04580865465167
audio,cover_00257.wav,lsb,0.1,81.85651903352311
audio,cover_00257.wav,lsb,0.2,81.544945623578
audio,cover_00257.wav,lsb_matching,0.05,82.03110097018819
audio,cover_00257.wav,lsb_matching,0.1,81.88740327970571
audio,cover_00257.wav,lsb_matching,0.2,81.5588358599845
audio,cover_00257.wav,echo_hiding,0.05,22.10768898397093
audio,cover_00257.wav,echo_hiding,0.1,22.270260480634832
audio,cover_00257.wav,echo_hiding,0.2,22.630891946063926
audio,cover_00258.wav,lsb,0.05,85.39664817693613
audio,cover_00258.wav,lsb,0.1,85.19192989475351
audio,cover_00258.wav,lsb,0.2,84.77030174214045
audio,cover_00258.wav,lsb_matching,0.05,85.37791788783198
audio,cover_00258.wav,lsb_matching,0.1,85.20243383904948
audio,cover_00258.wav,lsb_matching,0.2,84.79335749143146
audio,cover_00258.wav,echo_hiding,0.05,22.11302459538039
audio,cover_00258.wav,echo_hiding,0.1,22.28260874874568
audio,cover_00258.wav,echo_hiding,0.2,22.638827947097614
audio,cover_00259.wav,lsb,0.05,79.48530715312926
audio,cover_00259.wav,lsb,0.1,79.31845276672065
audio,cover_00259.wav,lsb,0.2,79.033013484863
audio,cover_00259.wav,lsb_matching,0.05,79.47219279049925
audio,cover_00259.wav,lsb_matching,0.1,79.32097975854882
audio,cover_00259.wav,lsb_matching,0.2,79.06862470512851
audio,cover_00259.wav,echo_hiding,0.05,22.114418305754306
audio,cover_00259.wav,echo_hiding,0.1,22.2822664699882
audio,cover_00259.wav,echo_hiding,0.2,22.6208464353306
audio,cover_00260.wav,lsb,0.05,79.52570534968783
audio,cover_00260.wav,lsb,0.1,79.35894189192791
audio,cover_00260.wav,lsb,0.2,79.08725750831874
audio,cover_00260.wav,lsb_matching,0.05,79.51924409052258
audio,cover_00260.wav,lsb_matching,0.1,79.37817504590814
audio,cover_00260.wav,lsb_matching,0.2,79.06446602437344
audio,cover_00260.wav,echo_hiding,0.05,22.132707196332348
audio,cover_00260.wav,echo_hiding,0.1,22.297716928114042
audio,cover_00260.wav,echo_hiding,0.2,22.63447507307025
audio,cover_00261.wav,lsb,0.05,90.25177457592214
audio,cover_00261.wav,lsb,0.1,89.91192544811855
audio,cover_00261.wav,lsb,0.2,89.33128072884507
audio,cover_00261.wav,lsb_matching,0.05,90.23108053868617
audio,cover_00261.wav,lsb_matching,0.1,89.9314284056158
audio,cover_00261.wav,lsb_matching,0.2,89.38526926402623
audio,cover_00261.wav,echo_hiding,0.05,22.107149272020628
audio,cover_00261.wav,echo_hiding,0.1,22.268894191203344
audio,cover_00261.wav,echo_hiding,0.2,22.62558101699662
audio,cover_00262.wav,lsb,0.05,90.11916472976701
audio,cover_00262.wav,lsb,0.1,89.83442809281951
audio,cover_00262.wav,lsb,0.2,89.27108936659472
audio,cover_00262.wav,lsb_matching,0.05,90.14738942990937
audio,cover_00262.wav,lsb_matching,0.1,89.80908156292296
audio,cover_00262.wav,lsb_matching,0.2,89.26601368331204
audio,cover_00262.wav,echo_hiding,0.05,22.113844593854502
audio,cover_00262.wav,echo_hiding,0.1,22.264756637939875
audio,cover_00262.wav,echo_hiding,0.2,22.637660667902963
audio,cover_00263.wav,lsb,0.05,79.89850347145472
audio,cover_00263.wav,lsb,0.1,79.76682124155293
audio,cover_00263.wav,lsb,0.2,79.47256519872523
audio,cover_00263.wav,lsb_matching,0.05,79.90647586123447
audio,cover_00263.wav,lsb_matching,0.1,79.764410069783
audio,cover_00263.wav,lsb_matching,0.2,79.44489214243174
audio,cover_00263.wav,echo_hiding,0.05,22.098496110499166
audio,cover_00263.wav,echo_hiding,0.1,22.281265127283763
audio,cover_00263.wav,echo_hiding,0.2,22.632813194400292
audio,cover_00264.wav,lsb,0.05,79.80217649008132
audio,cover_00264.wav,lsb,0.1,79.64836115888086
audio,cover_00264.wav,lsb,0.2,79.37023270312974
audio,cover_00264.wav,lsb_matching,0.05,79.80193191347104
audio,cover_00264.wav,lsb_matching,0.1,79.65437752823684
audio,cover_00264.wav,lsb_matching,0.2,79.33785015227822
audio,cover_00264.wav,echo_hiding,0.05,22.092140124555023
audio,cover_00264.wav,echo_hiding,0.1,22.264944454483604
audio,cover_00264.wav,echo_hiding,0.2,22.616948575580878
audio,cover_00265.wav,lsb,0.05,79.01496472895926
audio,cover_00265.wav,lsb,0.1,78.845523263583
audio,cover_00265.wav,lsb,0.2,78.57691630060957
audio,cover_00265.wav,lsb_matching,0.05,78.99834228952724
audio,cover_00265.wav,lsb_matching,0.1,78.819702514203
audio,cover_00265.wav,lsb_matching,0.2,78.58300613015884
audio,cover_00265.wav,echo_hiding,0.05,22.105026458519706
audio,cover_00265.wav,echo_hiding,0.1,22.268146921219035
audio,cover_00265.wav,echo_hiding,0.2,22.60145270488134
audio,cover_00266.wav,lsb,0.05,83.4569801286326
audio,cover_00266.wav,lsb,0.1,83.25689274754481
audio,cover_00266.wav,lsb,0.2,82.91805317430783
audio,cover_00266.wav,lsb_matching,0.05,83.44920996432433
audio,cover_00266.wav,lsb_matching,0.1,83.27068570130267
audio,cover_00266.wav,lsb_matching,0.2,82.90745777583987
audio,cover_00266.wav,echo_hiding,0.05,22.09967932988163
audio,cover_00266.wav,echo_hiding,0.1,22.262828603433107
audio,cover_00266.wav,echo_hiding,0.2,22.62834469123783
audio,cover_00267.wav,lsb,0.05,78.12342328448165
audio,cover_00267.wav,lsb,0.1,77.9947935170973
audio,cover_00267.wav,lsb,0.2,77.7274479427781
audio,cover_00267.wav,lsb_matching,0.05,78.12798714695809
audio,cover_00267.wav,lsb_matching,0.1,77.99168284072157
audio,cover_00267.wav,lsb_matching,0.2,77.72357040470466
audio,cover_00267.wav,echo_hiding,0.05,22.082377363729513
audio,cover_00267.wav,echo_hiding,0.1,22.240696534222273
audio,cover_00267.wav,echo_hiding,0.2,22.567790442776822
audio,cover_00268.wav,lsb,0.05,78.04339950379793
audio,cover_00268.wav,lsb,0.1,77.91480666737645
audio,cover_00268.wav,lsb,0.2,77.62572516993325
audio,cover_00268.wav,lsb_matching,0.05,78.05538891745933
audio,cover_00268.wav,lsb_matching,0.1,77.88762809000536
audio,cover_00268.wav,lsb_matching,0.2,77.62939173343699
audio,cover_00268.wav,echo_hiding,0.05,22.115046108565526
audio,cover_00268.wav,echo_hiding,0.1,22.26751747205916
audio,cover_00268.wav,echo_hiding,0.2,22.55920773674407
audio,cover_00269.wav,lsb,0.05,90.18568696075454
audio,cover_00269.wav,lsb,0.1,89.85088107015588
audio,cover_00269.wav,lsb,0.2,89.25125968913358
audio,cover_00269.wav,lsb_matching,0.05,90.17323905495641
audio,cover_00269.wav,lsb_matching,0.1,89.88048893446941
audio,cover_00269.wav,lsb_matching,0.2,89.30383306160194
audio,cover_00269.wav,echo_hiding,0.05,22.087047299051296
audio,cover_00269.wav,echo_hiding,0.1,22.28669531824735
audio,cover_00269.wav,echo_hiding,0.2,22.644506594063497
audio,cover_00270.wav,lsb,0.05,90.13020470348116
audio,cover_00270.wav,lsb,0.1,89.84374162749559
audio,cover_00270.wav,lsb,0.2,89.2427029519107
audio,cover_00270.wav,lsb_matching,0.05,90.13575444897145
audio,cover_00270.wav,lsb_matching,0.1,89.80071220008006
audio,cover_00270.wav,lsb_matching,0.2,89.2487595901617
audio,cover_00270.wav,echo_hiding,0.05,22.090500597126088
audio,cover_00270.wav,echo_hiding,0.1,22.296666083800535
audio,cover_00270.wav,echo_hiding,0.2,22.63775083718158
audio,cover_00271.wav,lsb,0.05,90.14702395913476
audio,cover_00271.wav,lsb,0.1,89.84082167750664
audio,cover_00271.wav,lsb,0.2,89.2378700226472
audio,cover_00271.wav,lsb_matching,0.05,90.13730946506358
audio,cover_00271.wav,lsb_matching,0.1,89.81821093624833
audio,cover_00271.wav,lsb_matching,0.2,89.23035336011321
audio,cover_00271.wav,echo_hiding,0.05,22.117058269284833
audio,cover_00271.wav,echo_hiding,0.1,22.266054554038995
audio,cover_00271.wav,echo_hiding,0.2,22.65445413187163
audio,cover_00272.wav,lsb,0.05,77.24902353412386
audio,cover_00272.wav,lsb,0.1,77.09160132182824
audio,cover_00272.wav,lsb,0.2,76.81129292622485
audio,cover_00272.wav,lsb_matching,0.05,77.2361192965841
audio,cover_00272.wav,lsb_matching,0.1,77.10387247454538
audio,cover_00272.wav,lsb_matching,0.2,76.82724528501608
audio,cover_00272.wav,echo_hiding,0.05,22.116469815993334
audio,cover_00272.wav,echo_hiding,0.1,22.292635653228036
audio,cover_00272.wav,echo_hiding,0.2,22.595386223651218
audio,cover_00273.wav,lsb,0.05,79.58819930130589
audio,cover_00273.wav,lsb,0.1,79.46330673968808
audio,cover_00273.wav,lsb,0.2,79.13949711035336
audio,cover_00273.wav,lsb_matching,0.05,79.59097859200597
audio,cover_00273.wav,lsb_matching,0.1,79.44653786664918
audio,cover_00273.wav,lsb_matching,0.2,79.13658995465336
audio,cover_00273.wav,echo_hiding,0.05,22.120103104805793
audio,cover_00273.wav,echo_hiding,0.1,22.31054438850166
audio,cover_00273.wav,echo_hiding,0.2,22.662335616955716
audio,cover_00274.wav,lsb,0.05,84.49320542422399
audio,cover_00274.wav,lsb,0.1,84.28222189680716
audio,cover_00274.wav,lsb,0.2,83.96792698499367
audio,cover_00274.wav,lsb_matching,0.05,84.50903011296995
audio,cover_00274.wav,lsb_matching,0.1,84.30054234957521
audio,cover_00274.wav,lsb_matching,0.2,83.91861483384636
audio,cover_00274.wav,echo_hiding,0.05,22.098757684474467
audio,cover_00274.wav,echo_hiding,0.1,22.2825998027471
audio,cover_00274.wav,echo_hiding,0.2,22.64865845056309
audio,cover_00275.wav,lsb,0.05,90.19971177275315
audio,cover_00275.wav,lsb,0.1,89.8811375741492
audio,cover_00275.wav,lsb,0.2,89.31027173504928
audio,cover_00275.wav,lsb_matching,0.05,90.19307812537248
audio,cover_00275.wav,lsb_matching,0.1,89.86445083907304
audio,cover_00275.wav,lsb_matching,0.2,89.30976557357744
audio,cover_00275.wav,echo_hiding,0.05,22.098725187476976
audio,cover_00275.wav,echo_hiding,0.1,22.265083003602193
audio,cover_00275.wav,echo_hiding,0.2,22.645900457774573
audio,cover_00276.wav,lsb,0.05,90.14227417258391
audio,cover_00276.wav,lsb,0.1,89.84367387664378
audio,cover_00276.wav,lsb,0.2,89.26464614377144
audio,cover_00276.wav,lsb_matching,0.05,90.1396229295813
audio,cover_00276.wav,lsb_matching,0.1,89.86484146692561
audio,cover_00276.wav,lsb_matching,0.2,89.24396422791341
audio,cover_00276.wav,echo_hiding,0.05,22.105995612101065
audio,cover_00276.wav,echo_hiding,0.1,22.282535657069147
audio,cover_00276.wav,echo_hiding,0.2,22.64460840740101
audio,cover_00277.wav,lsb,0.05,82.04820957519317
audio,cover_00277.wav,lsb,0.1,81.88491073475134
audio,cover_00277.wav,lsb,0.2,81.56965264391042
audio,cover_00277.wav,lsb_matching,0.05,82.04511104756082
audio,cover_00277.wav,lsb_matching,0.1,81.88645521111224
audio,cover_00277.wav,lsb_matching,0.2,81.56405048656866
audio,cover_00277.wav,echo_hiding,0.05,22.106664638594484
audio,cover_00277.wav,echo_hiding,0.1,22.26277117689682
audio,cover_00277.wav,echo_hiding,0.2,22.65911564496458
audio,cover_00278.wav,lsb,0.05,90.11065025489512
audio,cover_00278.wav,lsb,0.1,89.7829833094398
audio,cover_00278.wav,lsb,0.2,89.17425415496308
audio,cover_00278.wav,lsb_matching,0.05,90.07823812194714
audio,cover_00278.wav,lsb_matching,0.1,89.724083396128
audio,cover_00278.wav,lsb_matching,0.2,89.24133251395884
audio,cover_00278.wav,echo_hiding,0.05,22.11434262330144
audio,cover_00278.wav,echo_hiding,0.1,22.28046117704792
audio,cover_00278.wav,echo_hiding,0.2,22.668072560618775
audio,cover_00279.wav,lsb,0.05,89.99540774496526
audio,cover_00279.wav,lsb,0.1,89.67935103137765
audio,cover_00279.wav,lsb,0.2,89.13033757251193
audio,cover_00279.wav,lsb_matching,0.05,90.02828338227091
audio,cover_00279.wav,lsb_matching,0.1,89.7338642693835
audio,cover_00279.wav,lsb_matching,0.2,89.14035100554457
audio,cover_00279.wav,echo_hiding,0.05,22.116120095304446
audio,cover_00279.wav,echo_hiding,0.1,22.283256145304566
audio,cover_00279.wav,echo_hiding,0.2,22.656769747255826
audio,cover_00280.wav,lsb,0.05,90.14235826098057
audio,cover_00280.wav,lsb,0.1,89.8687728285931
audio,cover_00280.wav,lsb,0.2,89.26243489533648
audio,cover_00280.wav,lsb_matching,0.05,90.15510025081697
audio,cover_00280.wav,lsb_matching,0.1,89.82650920166309
audio,cover_00280.wav,lsb_matching,0.2,89.24823479905469
audio,cover_00280.wav,echo_hiding,0.05,22.098703311114747
audio,cover_00280.wav,echo_hiding,0.1,22.290121703619008
audio,cover_00280.wav,echo_hiding,0.2,22.6703022872956
audio,cover_00281.wav,lsb,0.05,79.63784176743056
audio,cover_00281.wav,lsb,0.1,79.49877897090389
audio,cover_00281.wav,lsb,0.2,79.21850780585137
audio,cover_00281.wav,lsb_matching,0.05,79.64675567949203
audio,cover_00281.wav,lsb_matching,0.1,79.5326989214525
audio,cover_00281.wav,lsb_matching,0.2,79.20860775031478
audio,cover_00281.wav,echo_hiding,0.05,22.106962305310155
audio,cover_00281.wav,echo_hiding,0.1,22.28700804516004
audio,cover_00281.wav,echo_hiding,0.2,22.63214073551807
audio,cover_00282.wav,lsb,0.05,78.14779813681889
audio,cover_00282.wav,lsb,0.1,78.01429035457016
audio,cover_00282.wav,lsb,0.2,77.71806432810807
audio,cover_00282.wav,lsb_matching,0.05,78.1750452221608
audio,cover_00282.wav,lsb_matching,0.1,78.00620654349366
audio,cover_00282.wav,lsb_matching,0.2,77.728415732011
audio,cover_00282.wav,echo_hiding,0.05,22.087591439173742
audio,cover_00282.wav,echo_hiding,0.1,22.293090045442426
audio,cover_00282.wav,echo_hiding,0.2,22.650079262282972
audio,cover_00283.wav,lsb,0.05,79.44337573605534
audio,cover_00283.wav,lsb,0.1,79.31677200935879
audio,cover_00283.wav,lsb,0.2,78.9956922845255
audio,cover_00283.wav,lsb_matching,0.05,79.4514853327559
audio,cover_00283.wav,lsb_matching,0.1,79.29170924405629
audio,cover_00283.wav,lsb_matching,0.2,78.99593924873747
audio,cover_00283.wav,echo_hiding,0.05,22.131151713388064
audio,cover_00283.wav,echo_hiding,0.1,22.271966996259877
audio,cover_00283.wav,echo_hiding,0.2,22.66078616253472
audio,cover_00284.wav,lsb,0.05,77.55842798055926
audio,cover_00284.wav,lsb,0.1,77.41067260836306
audio,cover_00284.wav,lsb,0.2,77.13426144585996
audio,cover_00284.wav,lsb_matching,0.05,77.54263571957031
audio,cover_00284.wav,lsb_matching,0.1,77.41530090734825
audio,cover_00284.wav,lsb_matching,0.2,77.1498995528474
audio,cover_00284.wav,echo_hiding,0.05,22.091413127010348
audio,cover_00284.wav,echo_hiding,0.1,22.26158577344798
audio,cover_00284.wav,echo_hiding,0.2,22.653612356993577
audio,cover_00285.wav,lsb,0.05,83.7349544811276
audio,cover_00285.wav,lsb,0.1,83.55582186810565
audio,cover_00285.wav,lsb,0.2,83.21465107746116
audio,cover_00285.wav,lsb_matching,0.05,83.73632416616374
audio,cover_00285.wav,lsb_matching,0.1,83.54632903218214
audio,cover_00285.wav,lsb_matching,0.2,83.18987335723054
audio,cover_00285.wav,echo_hiding,0.05,22.122017564270422
audio,cover_00285.wav,echo_hiding,0.1,22.27311446623244
audio,cover_00285.wav,echo_hiding,0.2,22.663621388766476
audio,cover_00286.wav,lsb,0.05,79.75367863827587
audio,cover_00286.wav,lsb,0.1,79.59248619984167
audio,cover_00286.wav,lsb,0.2,79.33017475540494
audio,cover_00286.wav,lsb_matching,0.05,79.74388064221118
audio,cover_00286.wav,lsb_matching,0.1,79.61397682013984
audio,cover_00286.wav,lsb_matching,0.2,79.31156589162451
audio,cover_00286.wav,echo_hiding,0.05,22.119634641717635
audio,cover_00286.wav,echo_hiding,0.1,22.302693434882023
audio,cover_00286.wav,echo_hiding,0.2,22.65336579107285
audio,cover_00287.wav,lsb,0.05,82.18409435795395
audio,cover_00287.wav,lsb,0.1,81.99508219919116
audio,cover_00287.wav,lsb,0.2,81.66102334510795
audio,cover_00287.wav,lsb_matching,0.05,82.17788604298171
audio,cover_00287.wav,lsb_matching,0.1,82.00040335183397
audio,cover_00287.wav,lsb_matching,0.2,81.70467087036195
audio,cover_00287.wav,echo_hiding,0.05,22.111226074151283
audio,cover_00287.wav,echo_hiding,0.1,22.282670948371397
audio,cover_00287.wav,echo_hiding,0.2,22.65668944991001
audio,cover_00288.wav,lsb,0.05,90.16678681493376
audio,cover_00288.wav,lsb,0.1,89.88425024416162
audio,cover_00288.wav,lsb,0.2,89.27758865644836
audio,cover_00288.wav,lsb_matching,0.05,90.20916304475517
audio,cover_00288.wav,lsb_matching,0.1,89.85469673005348
audio,cover_00288.wav,lsb_matching,0.2,89.25829996989452
audio,cover_00288.wav,echo_hiding,0.05,22.104463685458768
audio,cover_00288.wav,echo_hiding,0.1,22.27621371736778
audio,cover_00288.wav,echo_hiding,0.2,22.630809190686403
audio,cover_00289.wav,lsb,0.05,79.60468720751462
audio,cover_00289.wav,lsb,0.1,79.45415125415784
audio,cover_00289.wav,lsb,0.2,79.13624322536745
audio,cover_00289.wav,lsb_matching,0.05,79.57664063747104
audio,cover_00289.wav,lsb_matching,0.1,79.4457477079112
audio,cover_00289.wav,lsb_matching,0.2,79.15754713618372
audio,cover_00289.wav,echo_hiding,0.05,22.098031934498408
audio,cover_00289.wav,echo_hiding,0.1,22.270811120138056
audio,cover_00289.wav,echo_hiding,0.2,22.665314126708434
audio,cover_00290.wav,lsb,0.05,79.97308753984738
audio,cover_00290.wav,lsb,0.1,79.80582557770543
audio,cover_00290.wav,lsb,0.2,79.52287141472426
audio,cover_00290.wav,lsb_matching,0.05,79.96062602949007
audio,cover_00290.wav,lsb_matching,0.1,79.79621328308254
audio,cover_00290.wav,lsb_matching,0.2,79.53311287013436
audio,cover_00290.wav,echo_hiding,0.05,22.094200871266764
audio,cover_00290.wav,echo_hiding,0.1,22.268843952335917
audio,cover_00290.wav,echo_hiding,0.2,22.65361200654653
audio,cover_00291.wav,lsb,0.05,90.21773197019039
audio,cover_00291.wav,lsb,0.1,89.90200168200046
audio,cover_00291.wav,lsb,0.2,89.33951975103454
audio,cover_00291.wav,lsb_matching,0.05,90.21757102875401
audio,cover_00291.wav,lsb_matching,0.1,89.90448965495227
audio,cover_00291.wav,lsb_matching,0.2,89.30024643813526
audio,cover_00291.wav,echo_hiding,0.05,22.099770757260345
audio,cover_00291.wav,echo_hiding,0.1,22.2685891358366
audio,cover_00291.wav,echo_hiding,0.2,22.654133045403455
audio,cover_00292.wav,lsb,0.05,78.61343528378896
audio,cover_00292.wav,lsb,0.1,78.46718230918563
audio,cover_00292.wav,lsb,0.2,78.18987953947794
audio,cover_00292.wav,lsb_matching,0.05,78.61513570432615
audio,cover_00292.wav,lsb_matching,0.1,78.46611942509215
audio,cover_00292.wav,lsb_matching,0.2,78.18411236988052
audio,cover_00292.wav,echo_hiding,0.05,22.110579121377015
audio,cover_00292.wav,echo_hiding,0.1,22.298320629524323
audio,cover_00292.wav,echo_hiding,0.2,22.720625787209894
audio,cover_00293.wav,lsb,0.05,86.41674841083736
audio,cover_00293.wav,lsb,0.1,86.21468304113526
audio,cover_00293.wav,lsb,0.2,85.74919409823492
audio,cover_00293.wav,lsb_matching,0.05,86.42040692708811
audio,cover_00293.wav,lsb_matching,0.1,86.19419745178331
audio,cover_00293.wav,lsb_matching,0.2,85.78686652538684
audio,cover_00293.wav,echo_hiding,0.05,22.097302775149664
audio,cover_00293.wav,echo_hiding,0.1,22.285022013165086
audio,cover_00293.wav,echo_hiding,0.2,22.638431427679706
audio,cover_00294.wav,lsb,0.05,82.32252418013375
audio,cover_00294.wav,lsb,0.1,82.17466491420991
audio,cover_00294.wav,lsb,0.2,81.82231391121546
audio,cover_00294.wav,lsb_matching,0.05,82.31307466084974
audio,cover_00294.wav,lsb_matching,0.1,82.13815802807689
audio,cover_00294.wav,lsb_matching,0.2,81.83337585299665
audio,cover_00294.wav,echo_hiding,0.05,22.108833714615116
audio,cover_00294.wav,echo_hiding,0.1,22.278458855041375
audio,cover_00294.wav,echo_hiding,0.2,22.626847053370113
audio,cover_00295.wav,lsb,0.05,83.77612559679113
audio,cover_00295.wav,lsb,0.1,83.59666071523813
audio,cover_00295.wav,lsb,0.2,83.20168592399143
audio,cover_00295.wav,lsb_matching,0.05,83.77499579040752
audio,cover_00295.wav,lsb_matching,0.1,83.61388823174381
audio,cover_00295.wav,lsb_matching,0.2,83.26156272516386
audio,cover_00295.wav,echo_hiding,0.05,22.112047414062932
audio,cover_00295.wav,echo_hiding,0.1,22.278517249886566
audio,cover_00295.wav,echo_hiding,0.2,22.65422995299945
audio,cover_00296.wav,lsb,0.05,76.73512548298474
audio,cover_00296.wav,lsb,0.1,76.57821819234752
audio,cover_00296.wav,lsb,0.2,76.3139645591086
audio,cover_00296.wav,lsb_matching,0.05,76.72813167151159
audio,cover_00296.wav,lsb_matching,0.1,76.57292647226528
audio,cover_00296.wav,lsb_matching,0.2,76.31973235269085
audio,cover_00296.wav,echo_hiding,0.05,22.121522744845983
audio,cover_00296.wav,echo_hiding,0.1,22.272149378420675
audio,cover_00296.wav,echo_hiding,0.2,22.630880102822175
audio,cover_00297.wav,lsb,0.05,82.44863667971912
audio,cover_00297.wav,lsb,0.1,82.2906071063409
audio,cover_00297.wav,lsb,0.2,81.93854597420133
audio,cover_00297.wav,lsb_matching,0.05,82.48313403954069
audio,cover_00297.wav,lsb_matching,0.1,82.3091204019903
audio,cover_00297.wav,lsb_matching,0.2,81.99241290752417
audio,cover_00297.wav,echo_hiding,0.05,22.093943041623795
audio,cover_00297.wav,echo_hiding,0.1,22.281568049297682
audio,cover_00297.wav,echo_hiding,0.2,22.65537592801096
audio,cover_00298.wav,lsb,0.05,78.27354169114895
audio,cover_00298.wav,lsb,0.1,78.12548753045904
audio,cover_00298.wav,lsb,0.2,77.8494323573602
audio,cover_00298.wav,lsb_matching,0.05,78.26358035682149
audio,cover_00298.wav,lsb_matching,0.1,78.14302121882271
audio,cover_00298.wav,lsb_matching,0.2,77.84935015182785
audio,cover_00298.wav,echo_hiding,0.05,22.115187526344265
audio,cover_00298.wav,echo_hiding,0.1,22.31712115722563
audio,cover_00298.wav,echo_hiding,0.2,22.699055215072207
audio,cover_00299.wav,lsb,0.05,90.0369279606484
audio,cover_00299.wav,lsb,0.1,89.7526268525558
audio,cover_00299.wav,lsb,0.2,89.15105624948582
audio,cover_00299.wav,lsb_matching,0.05,90.05608239854986
audio,cover_00299.wav,lsb_matching,0.1,89.71609495874945
audio,cover_00299.wav,lsb_matching,0.2,89.12198171909259
audio,cover_00299.wav,echo_hiding,0.05,22.10425292197547
audio,cover_00299.wav,echo_hiding,0.1,22.289289003494925
audio,cover_00299.wav,echo_hiding,0.2,22.668325437845695
audio,cover_00300.wav,lsb,0.05,90.23366878323611
audio,cover_00300.wav,lsb,0.1,89.95435225685199
audio,cover_00300.wav,lsb,0.2,89.37649298626422
audio,cover_00300.wav,lsb_matching,0.05,90.23564434144924
audio,cover_00300.wav,lsb_matching,0.1,89.95584745875763
audio,cover_00300.wav,lsb_matching,0.2,89.42002068492933
audio,cover_00300.wav,echo_hiding,0.05,22.098112427034554
audio,cover_00300.wav,echo_hiding,0.1,22.28802467014917
audio,cover_00300.wav,echo_hiding,0.2,22.644074729858133
audio,cover_00301.wav,lsb,0.05,81.9533105200759
audio,cover_00301.wav,lsb,0.1,81.74974492713761
audio,cover_00301.wav,lsb,0.2,81.41675841142145
audio,cover_00301.wav,lsb_matching,0.05,81.93119480424514
audio,cover_00301.wav,lsb_matching,0.1,81.76544484266488
audio,cover_00301.wav,lsb_matching,0.2,81.42709916181101
audio,cover_00301.wav,echo_hiding,0.05,22.11017910492369
audio,cover_00301.wav,echo_hiding,0.1,22.28196926701819
audio,cover_00301.wav,echo_hiding,0.2,22.6640796470239
audio,cover_00302.wav,lsb,0.05,90.22414661871606
audio,cover_00302.wav,lsb,0.1,89.90233663058994
audio,cover_00302.wav,lsb,0.2,89.3278494947825
audio,cover_00302.wav,lsb_matching,0.05,90.19791560189321
audio,cover_00302.wav,lsb_matching,0.1,89.92018228640927
audio,cover_00302.wav,lsb_matching,0.2,89.33232552237527
audio,cover_00302.wav,echo_hiding,0.05,22.102931046727154
audio,cover_00302.wav,echo_hiding,0.1,22.27738702031661
audio,cover_00302.wav,echo_hiding,0.2,22.655474280171426
audio,cover_00303.wav,lsb,0.05,90.11176805132666
audio,cover_00303.wav,lsb,0.1,89.8412648235163
audio,cover_00303.wav,lsb,0.2,89.1897062959721
audio,cover_00303.wav,lsb_matching,0.05,90.12487185087315
audio,cover_00303.wav,lsb_matching,0.1,89.81033233105906
audio,cover_00303.wav,lsb_matching,0.2,89.23873999406595
audio,cover_00303.wav,echo_hiding,0.05,22.100179668867913
audio,cover_00303.wav,echo_hiding,0.1,22.270382063355857
audio,cover_00303.wav,echo_hiding,0.2,22.618463823346314
audio,cover_00304.wav,lsb,0.05,77.50771757829283
audio,cover_00304.wav,lsb,0.1,77.36404718635482
audio,cover_00304.wav,lsb,0.2,77.10120210653957
audio,cover_00304.wav,lsb_matching,0.05,77.5208895188885
audio,cover_00304.wav,lsb_matching,0.1,77.3541512498235
audio,cover_00304.wav,lsb_matching,0.2,77.10527532176472
audio,cover_00304.wav,echo_hiding,0.05,22.088740363368835
audio,cover_00304.wav,echo_hiding,0.1,22.253938662671956
audio,cover_00304.wav,echo_hiding,0.2,22.644130767717456
audio,cover_00305.wav,lsb,0.05,90.14835967827615
audio,cover_00305.wav,lsb,0.1,89.8194599355753
audio,cover_00305.wav,lsb,0.2,89.21832782020357
audio,cover_00305.wav,lsb_matching,0.05,90.16991171567449
audio,cover_00305.wav,lsb_matching,0.1,89.8438257844476
audio,cover_00305.wav,lsb_matching,0.2,89.23701030375622
audio,cover_00305.wav,echo_hiding,0.05,22.104304484537252
audio,cover_00305.wav,echo_hiding,0.1,22.258117156076306
audio,cover_00305.wav,echo_hiding,0.2,22.631040201667204
audio,cover_00306.wav,lsb,0.05,77.76916719608825
audio,cover_00306.wav,lsb,0.1,77.59071002664844
audio,cover_00306.wav,lsb,0.2,77.32380166098145
audio,cover_00306.wav,lsb_matching,0.05,77.75829922674825
audio,cover_00306.wav,lsb_matching,0.1,77.61113053104486
audio,cover_00306.wav,lsb_matching,0.2,77.3509704442915
audio,cover_00306.wav,echo_hiding,0.05,22.096264220901322
audio,cover_00306.wav,echo_hiding,0.1,22.29064306003689
audio,cover_00306.wav,echo_hiding,0.2,22.62790554139452
audio,cover_00307.wav,lsb,0.05,84.20627608423706
audio,cover_00307.wav,lsb,0.1,84.02692709707361
audio,cover_00307.wav,lsb,0.2,83.6665273591283
audio,cover_00307.wav,lsb_matching,0.05,84.21308683150848
audio,cover_00307.wav,lsb_matching,0.1,84.03962270691827
audio,cover_00307.wav,lsb_matching,0.2,83.65012957246171
audio,cover_00307.wav,echo_hiding,0.05,22.11511696024093
audio,cover_00307.wav,echo_hiding,0.1,22.27044824441593
audio,cover_00307.wav,echo_hiding,0.2,22.656907681284473
audio,cover_00308.wav,lsb,0.05,77.13170992444421
audio,cover_00308.wav,lsb,0.1,76.9978238452239
audio,cover_00308.wav,lsb,0.2,76.74696675555607
audio,cover_00308.wav,lsb_matching,0.05,77.14961264400935
audio,cover_00308.wav,lsb_matching,0.1,77.01612419919365
audio,cover_00308.wav,lsb_matching,0.2,76.75427033748751
audio,cover_00308.wav,echo_hiding,0.05,22.093289369560992
audio,cover_00308.wav,echo_hiding,0.1,22.270662805571305
audio,cover_00308.wav,echo_hiding,0.2,22.586137972639758
audio,cover_00309.wav,lsb,0.05,89.97330710841446
audio,cover_00309.wav,lsb,0.1,89.67921218290884
audio,cover_00309.wav,lsb,0.2,89.13228872580231
audio,cover_00309.wav,lsb_matching,0.05,89.97941833978884
audio,cover_00309.wav,lsb_matching,0.1,89.70235236426473
audio,cover_00309.wav,lsb_matching,0.2,89.14254164101573
audio,cover_00309.wav,echo_hiding,0.05,22.107199400722358
audio,cover_00309.wav,echo_hiding,0.1,22.28299529778922
audio,cover_00309.wav,echo_hiding,0.2,22.66238321693261
audio,cover_00310.wav,lsb,0.05,90.14249716740608
audio,cover_00310.wav,lsb,0.1,89.88769510458768
audio,cover_00310.wav,lsb,0.2,89.28999154227455
audio,cover_00310.wav,lsb_matching,0.05,90.16481243666303
audio,cover_00310.wav,lsb_matching,0.1,89.8481486755982
audio,cover_00310.wav,lsb_matching,0.2,89.30142566919193
audio,cover_00310.wav,echo_hiding,0.05,22.10117150250572
audio,cover_00310.wav,echo_hiding,0.1,22.274672879061104
audio,cover_00310.wav,echo_hiding,0.2,22.62663315792954
audio,cover_00311.wav,lsb,0.05,89.70918686139828
audio,cover_00311.wav,lsb,0.1,89.34642497164909
audio,cover_00311.wav,lsb,0.2,88.79564095193595
audio,cover_00311.wav,lsb_matching,0.05,89.69525817694341
audio,cover_00311.wav,lsb_matching,0.1,89.38583906070262
audio,cover_00311.wav,lsb_matching,0.2,88.8141620784389
audio,cover_00311.wav,echo_hiding,0.05,22.099082104441607
audio,cover_00311.wav,echo_hiding,0.1,22.26991191838094
audio,cover_00311.wav,echo_hiding,0.2,22.63726207655712
audio,cover_00312.wav,lsb,0.05,83.5269680441883
audio,cover_00312.wav,lsb,0.1,83.37159388096671
audio,cover_00312.wav,lsb,0.2,83.00591861032885
audio,cover_00312.wav,lsb_matching,0.05,83.53589437980642
audio,cover_00312.wav,lsb_matching,0.1,83.33161705965733
audio,cover_00312.wav,lsb_matching,0.2,83.01722677227274
audio,cover_00312.wav,echo_hiding,0.05,22.11137963660223
audio,cover_00312.wav,echo_hiding,0.1,22.271528313562882
audio,cover_00312.wav,echo_hiding,0.2,22.649734883323447
audio,cover_00313.wav,lsb,0.05,90.20903933154771
audio,cover_00313.wav,lsb,0.1,89.89841560745406
audio,cover_00313.wav,lsb,0.2,89.28109618383445
audio,cover_00313.wav,lsb_matching,0.05,90.22476227890104
audio,cover_00313.wav,lsb_matching,0.1,89.89664505916515
audio,cover_00313.wav,lsb_matching,0.2,89.27869014914657
audio,cover_00313.wav,echo_hiding,0.05,22.105948073921276
audio,cover_00313.wav,echo_hiding,0.1,22.263891205697956
audio,cover_00313.wav,echo_hiding,0.2,22.645453286750495
audio,cover_00314.wav,lsb,0.05,78.43712783729012
audio,cover_00314.wav,lsb,0.1,78.28696944095968
audio,cover_00314.wav,lsb,0.2,78.01333917170032
audio,cover_00314.wav,lsb_matching,0.05,78.44351962364959
audio,cover_00314.wav,lsb_matching,0.1,78.29481402353449
audio,cover_00314.wav,lsb_matching,0.2,77.99311879895873
audio,cover_00314.wav,echo_hiding,0.05,22.121550272136098
audio,cover_00314.wav,echo_hiding,0.1,22.27988280232836
audio,cover_00314.wav,echo_hiding,0.2,22.687261214906105
audio,cover_00315.wav,lsb,0.05,78.01556701038793
audio,cover_00315.wav,lsb,0.1,77.85895317835384
audio,cover_00315.wav,lsb,0.2,77.56863098161675
audio,cover_00315.wav,lsb_matching,0.05,77.99005760451472
audio,cover_00315.wav,lsb_matching,0.1,77.83145069694997
audio,cover_00315.wav,lsb_matching,0.2,77.5579260957688
audio,cover_00315.wav,echo_hiding,0.05,22.097331429284566
audio,cover_00315.wav,echo_hiding,0.1,22.264526242371076
audio,cover_00315.wav,echo_hiding,0.2,22.642240755177376
audio,cover_00316.wav,lsb,0.05,79.46575510645258
audio,cover_00316.wav,lsb,0.1,79.33376189672506
audio,cover_00316.wav,lsb,0.2,79.03469391394988
audio,cover_00316.wav,lsb_matching,0.05,79.47548994920096
audio,cover_00316.wav,lsb_matching,0.1,79.31812328499501
audio,cover_00316.wav,lsb_matching,0.2,79.04748032573184
audio,cover_00316.wav,echo_hiding,0.05,22.086068238981795
audio,cover_00316.wav,echo_hiding,0.1,22.292681502417445
audio,cover_00316.wav,echo_hiding,0.2,22.708929018094388
audio,cover_00317.wav,lsb,0.05,77.45845179340026
audio,cover_00317.wav,lsb,0.1,77.32285176870082
audio,cover_00317.wav,lsb,0.2,77.04886137454255
audio,cover_00317.wav,lsb_matching,0.05,77.48584796328308
audio,cover_00317.wav,lsb_matching,0.1,77.3293527214019
audio,cover_00317.wav,lsb_matching,0.2,77.06032731603538
audio,cover_00317.wav,echo_hiding,0.05,22.07692246761939
audio,cover_00317.wav,echo_hiding,0.1,22.213184401517392
audio,cover_00317.wav,echo_hiding,0.2,22.608009123720265
audio,cover_00318.wav,lsb,0.05,77.65545162397929
audio,cover_00318.wav,lsb,0.1,77.53178318848562
audio,cover_00318.wav,lsb,0.2,77.26797340456326
audio,cover_00318.wav,lsb_matching,0.05,77.67367806962058
audio,cover_00318.wav,lsb_matching,0.1,77.54116684593461
audio,cover_00318.wav,lsb_matching,0.2,77.23603880473593
audio,cover_00318.wav,echo_hiding,0.05,22.112362794884195
audio,cover_00318.wav,echo_hiding,0.1,22.301932079992994
audio,cover_00318.wav,echo_hiding,0.2,22.646861028014207
audio,cover_00319.wav,lsb,0.05,90.01152100648214
audio,cover_00319.wav,lsb,0.1,89.71884476226384
audio,cover_00319.wav,lsb,0.2,89.11670385818992
audio,cover_00319.wav,lsb_matching,0.05,90.00154379443389
audio,cover_00319.wav,lsb_matching,0.1,89.71392789396896
audio,cover_00319.wav,lsb_matching,0.2,89.08705289071773
audio,cover_00319.wav,echo_hiding,0.05,22.100863777428383
audio,cover_00319.wav,echo_hiding,0.1,22.266180665379245
audio,cover_00319.wav,echo_hiding,0.2,22.65329817003024
audio,cover_00320.wav,lsb,0.05,82.37955357563685
audio,cover_00320.wav,lsb,0.1,82.24174482291973
audio,cover_00320.wav,lsb,0.2,81.87510567846661
audio,cover_00320.wav,lsb_matching,0.05,82.4062901742835
audio,cover_00320.wav,lsb_matching,0.1,82.21356904310778
audio,cover_00320.wav,lsb_matching,0.2,81.89330619146504
audio,cover_00320.wav,echo_hiding,0.05,22.10728054256483
audio,cover_00320.wav,echo_hiding,0.1,22.26726439843788
audio,cover_00320.wav,echo_hiding,0.2,22.64980463725836
audio,cover_00321.wav,lsb,0.05,79.85459439032765
audio,cover_00321.wav,lsb,0.1,79.69034571836063
audio,cover_00321.wav,lsb,0.2,79.41254469129028
audio,cover_00321.wav,lsb_matching,0.05,79.85934615117218
audio,cover_00321.wav,lsb_matching,0.1,79.70218159109345
audio,cover_00321.wav,lsb_matching,0.2,79.42224896256675
audio,cover_00321.wav,echo_hiding,0.05,22.097751162750004
audio,cover_00321.wav,echo_hiding,0.1,22.27274998009189
audio,cover_00321.wav,echo_hiding,0.2,22.687056703562348
audio,cover_00322.wav,lsb,0.05,90.09887387354374
audio,cover_00322.wav,lsb,0.1,89.76616084148802
audio,cover_00322.wav,lsb,0.2,89.21420337529443
audio,cover_00322.wav,lsb_matching,0.05,90.0680636970432
audio,cover_00322.wav,lsb_matching,0.1,89.77303067141816
audio,cover_00322.wav,lsb_matching,0.2,89.21035808443479
audio,cover_00322.wav,echo_hiding,0.05,22.10629051729368
audio,cover_00322.wav,echo_hiding,0.1,22.282411293151153
audio,cover_00322.wav,echo_hiding,0.2,22.599296067448755
audio,cover_00323.wav,lsb,0.05,77.43183745513336
audio,cover_00323.wav,lsb,0.1,77.28048042389028
audio,cover_00323.wav,lsb,0.2,77.01160697338621
audio,cover_00323.wav,lsb_matching,0.05,77.41262948545508
audio,cover_00323.wav,lsb_matching,0.1,77.26220996709915
audio,cover_00323.wav,lsb_matching,0.2,77.0441661029989
audio,cover_00323.wav,echo_hiding,0.05,22.103178423976896
audio,cover_00323.wav,echo_hiding,0.1,22.253060614161086
audio,cover_00323.wav,echo_hiding,0.2,22.64310513676755
audio,cover_00324.wav,lsb,0.05,78.4625580560737
audio,cover_00324.wav,lsb,0.1,78.3274682196753
audio,cover_00324.wav,lsb,0.2,78.02065801424207
audio,cover_00324.wav,lsb_matching,0.05,78.45868836826529
audio,cover_00324.wav,lsb_matching,0.1,78.30684551154695
audio,cover_00324.wav,lsb_matching,0.2,78.0501274250801
audio,cover_00324.wav,echo_hiding,0.05,22.123521420872756
audio,cover_00324.wav,echo_hiding,0.1,22.28051246796465
audio,cover_00324.wav,echo_hiding,0.2,22.652725274132802
audio,cover_00325.wav,lsb,0.05,90.26420257620005
audio,cover_00325.wav,lsb,0.1,89.93481365200452
audio,cover_00325.wav,lsb,0.2,89.38884240497515
audio,cover_00325.wav,lsb_matching,0.05,90.25739901161722
audio,cover_00325.wav,lsb_matching,0.1,89.91246844115992
audio,cover_00325.wav,lsb_matching,0.2,89.33569341950121
audio,cover_00325.wav,echo_hiding,0.05,22.095890228067724
audio,cover_00325.wav,echo_hiding,0.1,22.261843169309657
audio,cover_00325.wav,echo_hiding,0.2,22.633877492586798
audio,cover_00326.wav,lsb,0.05,90.24023320644463
audio,cover_00326.wav,lsb,0.1,89.92920610854299
audio,cover_00326.wav,lsb,0.2,89.30403093879677
audio,cover_00326.wav,lsb_matching,0.05,90.21624420941477
audio,cover_00326.wav,lsb_matching,0.1,89.87672615075704
audio,cover_00326.wav,lsb_matching,0.2,89.37059767364778
audio,cover_00326.wav,echo_hiding,0.05,22.10690027926788
audio,cover_00326.wav,echo_hiding,0.1,22.281332157140724
audio,cover_00326.wav,echo_hiding,0.2,22.638681575757733
audio,cover_00327.wav,lsb,0.05,90.08882848293679
audio,cover_00327.wav,lsb,0.1,89.74989208223492
audio,cover_00327.wav,lsb,0.2,89.17859574777248
audio,cover_00327.wav,lsb_matching,0.05,90.11466583297042
audio,cover_00327.wav,lsb_matching,0.1,89.79220014950882
audio,cover_00327.wav,lsb_matching,0.2,89.20011815929965
audio,cover_00327.wav,echo_hiding,0.05,22.11138015342369
audio,cover_00327.wav,echo_hiding,0.1,22.253213736876628
audio,cover_00327.wav,echo_hiding,0.2,22.62871935972622
audio,cover_00328.wav,lsb,0.05,90.10005021056728
audio,cover_00328.wav,lsb,0.1,89.76323742252447
audio,cover_00328.wav,lsb,0.2,89.24360066110359
audio,cover_00328.wav,lsb_matching,0.05,90.10119457887711
audio,cover_00328.wav,lsb_matching,0.1,89.76483333124513
audio,cover_00328.wav,lsb_matching,0.2,89.24671417508172
audio,cover_00328.wav,echo_hiding,0.05,22.098031064259853
audio,cover_00328.wav,echo_hiding,0.1,22.267247779195607
audio,cover_00328.wav,echo_hiding,0.2,22.660629325232506
audio,cover_00329.wav,lsb,0.05,78.69058470887052
audio,cover_00329.wav,lsb,0.1,78.5419143181748
audio,cover_00329.wav,lsb,0.2,78.28476936650279
audio,cover_00329.wav,lsb_matching,0.05,78.69898939081838
audio,cover_00329.wav,lsb_matching,0.1,78.56385879740559
audio,cover_00329.wav,lsb_matching,0.2,78.27728381244424
audio,cover_00329.wav,echo_hiding,0.05,22.090754186454244
audio,cover_00329.wav,echo_hiding,0.1,22.257852204477352
audio,cover_00329.wav,echo_hiding,0.2,22.618923931220746
audio,cover_00330.wav,lsb,0.05,82.15711410463689
audio,cover_00330.wav,lsb,0.1,81.98491491763033
audio,cover_00330.wav,lsb,0.2,81.66270374339081
audio,cover_00330.wav,lsb_matching,0.05,82.14942784404079
audio,cover_00330.wav,lsb_matching,0.1,81.99656949981076
audio,cover_00330.wav,lsb_matching,0.2,81.64807725915307
audio,cover_00330.wav,echo_hiding,0.05,22.07748616152412
audio,cover_00330.wav,echo_hiding,0.1,22.270287534593848
audio,cover_00330.wav,echo_hiding,0.2,22.69262739992607
audio,cover_00331.wav,lsb,0.05,90.23072030055576
audio,cover_00331.wav,lsb,0.1,89.90873998853459
audio,cover_00331.wav,lsb,0.2,89.3546599169731
audio,cover_00331.wav,lsb_matching,0.05,90.24981287779616
audio,cover_00331.wav,lsb_matching,0.1,89.92403222113973
audio,cover_00331.wav,lsb_matching,0.2,89.34832852656635
audio,cover_00331.wav,echo_hiding,0.05,22.103161360598236
audio,cover_00331.wav,echo_hiding,0.1,22.27686495549659
audio,cover_00331.wav,echo_hiding,0.2,22.63974578339608
audio,cover_00332.wav,lsb,0.05,82.16482793967981
audio,cover_00332.wav,lsb,0.1,81.99953612025428
audio,cover_00332.wav,lsb,0.2,81.70225376970096
audio,cover_00332.wav,lsb_matching,0.05,82.18439377659811
audio,cover_00332.wav,lsb_matching,0.1,82.00764742667167
audio,cover_00332.wav,lsb_matching,0.2,81.68095966017857
audio,cover_00332.wav,echo_hiding,0.05,22.098450754968674
audio,cover_00332.wav,echo_hiding,0.1,22.263346143213685
audio,cover_00332.wav,echo_hiding,0.2,22.61861434455978
audio,cover_00333.wav,lsb,0.05,90.11859628520453
audio,cover_00333.wav,lsb,0.1,89.79845073675921
audio,cover_00333.wav,lsb,0.2,89.19362156096666
audio,cover_00333.wav,lsb_matching,0.05,90.13396655239993
audio,cover_00333.wav,lsb_matching,0.1,89.80144220649618
audio,cover_00333.wav,lsb_matching,0.2,89.19388642663901
audio,cover_00333.wav,echo_hiding,0.05,22.096527987762734
audio,cover_00333.wav,echo_hiding,0.1,22.27977390388797
audio,cover_00333.wav,echo_hiding,0.2,22.634472892631123
audio,cover_00334.wav,lsb,0.05,82.36196264739404
audio,cover_00334.wav,lsb,0.1,82.18555413431153
audio,cover_00334.wav,lsb,0.2,81.8843318217333
audio,cover_00334.wav,lsb_matching,0.05,82.3528679533587
audio,cover_00334.wav,lsb_matching,0.1,82.17141300132182
audio,cover_00334.wav,lsb_matching,0.2,81.84216213440763
audio,cover_00334.wav,echo_hiding,0.05,22.112151027292917
audio,cover_00334.wav,echo_hiding,0.1,22.291759991463014
audio,cover_00334.wav,echo_hiding,0.2,22.656810160892324
audio,cover_00335.wav,lsb,0.05,90.22924600104724
audio,cover_00335.wav,lsb,0.1,89.87074603826507
audio,cover_00335.wav,lsb,0.2,89.30618633723373
audio,cover_00335.wav,lsb_matching,0.05,90.20629112056181
audio,cover_00335.wav,lsb_matching,0.1,89.87996213131376
audio,cover_00335.wav,lsb_matching,0.2,89.34834538789916
audio,cover_00335.wav,echo_hiding,0.05,22.098821831395735
audio,cover_00335.wav,echo_hiding,0.1,22.292185233865194
audio,cover_00335.wav,echo_hiding,0.2,22.6402831268685
audio,cover_00336.wav,lsb,0.05,90.14336245886092
audio,cover_00336.wav,lsb,0.1,89.79702510752828
audio,cover_00336.wav,lsb,0.2,89.29302562370255
audio,cover_00336.wav,lsb_matching,0.05,90.13160469006877
audio,cover_00336.wav,lsb_matching,0.1,89.82793438771407
audio,cover_00336.wav,lsb_matching,0.2,89.21977585079182
audio,cover_00336.wav,echo_hiding,0.05,22.103931022926247
audio,cover_00336.wav,echo_hiding,0.1,22.287204550156332
audio,cover_00336.wav,echo_hiding,0.2,22.636473006278894
audio,cover_00337.wav,lsb,0.05,78.76587091008672
audio,cover_00337.wav,lsb,0.1,78.60693034657366
audio,cover_00337.wav,lsb,0.2,78.31969268323907
audio,cover_00337.wav,lsb_matching,0.05,78.75430726274176
audio,cover_00337.wav,lsb_matching,0.1,78.61472321956255
audio,cover_00337.wav,lsb_matching,0.2,78.32627957455985
audio,cover_00337.wav,echo_hiding,0.05,22.080439923563354
audio,cover_00337.wav,echo_hiding,0.1,22.243629788798952
audio,cover_00337.wav,echo_hiding,0.2,22.57161308298995
audio,cover_00338.wav,lsb,0.05,82.02303044814512
audio,cover_00338.wav,lsb,0.1,81.8297489556789
audio,cover_00338.wav,lsb,0.2,81.48414469026385
audio,cover_00338.wav,lsb_matching,0.05,81.99830986712526
audio,cover_00338.wav,lsb_matching,0.1,81.83555870096708
audio,cover_00338.wav,lsb_matching,0.2,81.49944838662789
audio,cover_00338.wav,echo_hiding,0.05,22.100741611653277
audio,cover_00338.wav,echo_hiding,0.1,22.279017488439482
audio,cover_00338.wav,echo_hiding,0.2,22.615441839335688
audio,cover_00339.wav,lsb,0.05,85.40732504764135
audio,cover_00339.wav,lsb,0.1,85.18511209071386
audio,cover_00339.wav,lsb,0.2,84.78777039060654
audio,cover_00339.wav,lsb_matching,0.05,85.39613874411796
audio,cover_00339.wav,lsb_matching,0.1,85.18746039528648
audio,cover_00339.wav,lsb_matching,0.2,84.81384177523677
audio,cover_00339.wav,echo_hiding,0.05,22.10823169577946
audio,cover_00339.wav,echo_hiding,0.1,22.257511048064607
audio,cover_00339.wav,echo_hiding,0.2,22.616845250727188
audio,cover_00340.wav,lsb,0.05,83.21911396523502
audio,cover_00340.wav,lsb,0.1,83.03972688323566
audio,cover_00340.wav,lsb,0.2,82.69516725411007
audio,cover_00340.wav,lsb_matching,0.05,83.23375450574652
audio,cover_00340.wav,lsb_matching,0.1,83.04843386440845
audio,cover_00340.wav,lsb_matching,0.2,82.7084067748232
audio,cover_00340.wav,echo_hiding,0.05,22.109592644843993
audio,cover_00340.wav,echo_hiding,0.1,22.28020490590797
audio,cover_00340.wav,echo_hiding,0.2,22.661568521989018
audio,cover_00341.wav,lsb,0.05,90.19369619135898
audio,cover_00341.wav,lsb,0.1,89.8421163963344
audio,cover_00341.wav,lsb,0.2,89.30653977062568
audio,cover_00341.wav,lsb_matching,0.05,90.16937257186386
audio,cover_00341.wav,lsb_matching,0.1,89.8377916401269
audio,cover_00341.wav,lsb_matching,0.2,89.27497078763258
audio,cover_00341.wav,echo_hiding,0.05,22.093968548476887
audio,cover_00341.wav,echo_hiding,0.1,22.27152564677057
audio,cover_00341.wav,echo_hiding,0.2,22.64341433741575
audio,cover_00342.wav,lsb,0.05,77.41956316167177
audio,cover_00342.wav,lsb,0.1,77.27351858882875
audio,cover_00342.wav,lsb,0.2,77.01936990989641
audio,cover_00342.wav,lsb_matching,0.05,77.44197918485474
audio,cover_00342.wav,lsb_matching,0.1,77.27749017991316
audio,cover_00342.wav,lsb_matching,0.2,77.01180329357128
audio,cover_00342.wav,echo_hiding,0.05,22.12837593076243
audio,cover_00342.wav,echo_hiding,0.1,22.31081506469147
audio,cover_00342.wav,echo_hiding,0.2,22.703833665176546
audio,cover_00343.wav,lsb,0.05,79.32096475647731
audio,cover_00343.wav,lsb,0.1,79.15745469024354
audio,cover_00343.wav,lsb,0.2,78.88663627593081
audio,cover_00343.wav,lsb_matching,0.05,79.32039092482452
audio,cover_00343.wav,lsb_matching,0.1,79.1950140264556
audio,cover_00343.wav,lsb_matching,0.2,78.88852064949081
audio,cover_00343.wav,echo_hiding,0.05,22.09138277457983
audio,cover_00343.wav,echo_hiding,0.1,22.291550012116357
audio,cover_00343.wav,echo_hiding,0.2,22.64368077836689
audio,cover_00344.wav,lsb,0.05,86.31772078386413
audio,cover_00344.wav,lsb,0.1,86.06135994219372
audio,cover_00344.wav,lsb,0.2,85.67224322466089
audio,cover_00344.wav,lsb_matching,0.05,86.33690323341584
audio,cover_00344.wav,lsb_matching,0.1,86.09020860026394
audio,cover_00344.wav,lsb_matching,0.2,85.67872771395356
audio,cover_00344.wav,echo_hiding,0.05,22.09532489924912
audio,cover_00344.wav,echo_hiding,0.1,22.273895133026883
audio,cover_00344.wav,echo_hiding,0.2,22.650208850237924
audio,cover_00345.wav,lsb,0.05,77.15476131665761
audio,cover_00345.wav,lsb,0.1,77.03220941335331
audio,cover_00345.wav,lsb,0.2,76.77422428642399
audio,cover_00345.wav,lsb_matching,0.05,77.16259655245445
audio,cover_00345.wav,lsb_matching,0.1,77.020277407234
audio,cover_00345.wav,lsb_matching,0.2,76.74223056368257
audio,cover_00345.wav,echo_hiding,0.05,22.118823095011475
audio,cover_00345.wav,echo_hiding,0.1,22.31263323110801
audio,cover_00345.wav,echo_hiding,0.2,22.627881165939595
audio,cover_00346.wav,lsb,0.05,90.12706525280274
audio,cover_00346.wav,lsb,0.1,89.85158433254949
audio,cover_00346.wav,lsb,0.2,89.27602422439664
audio,cover_00346.wav,lsb_matching,0.05,90.13409722845094
audio,cover_00346.wav,lsb_matching,0.1,89.82767116107141
audio,cover_00346.wav,lsb_matching,0.2,89.2487195059463
audio,cover_00346.wav,echo_hiding,0.05,22.090212840141305
audio,cover_00346.wav,echo_hiding,0.1,22.27423860379245
audio,cover_00346.wav,echo_hiding,0.2,22.639035868799297
audio,cover_00347.wav,lsb,0.05,90.00005191950167
audio,cover_00347.wav,lsb,0.1,89.66547198598516
audio,cover_00347.wav,lsb,0.2,89.0902909393143
audio,cover_00347.wav,lsb_matching,0.05,89.98902309990657
audio,cover_00347.wav,lsb_matching,0.1,89.69829974162215
audio,cover_00347.wav,lsb_matching,0.2,89.09973402332746
audio,cover_00347.wav,echo_hiding,0.05,22.112291067023012
audio,cover_00347.wav,echo_hiding,0.1,22.2654241230352
audio,cover_00347.wav,echo_hiding,0.2,22.640553533953288
audio,cover_00348.wav,lsb,0.05,79.55578245251041
audio,cover_00348.wav,lsb,0.1,79.41025054938997
audio,cover_00348.wav,lsb,0.2,79.11061129382156
audio,cover_00348.wav,lsb_matching,0.05,79.54002471003272
audio,cover_00348.wav,lsb_matching,0.1,79.41039011854939
audio,cover_00348.wav,lsb_matching,0.2,79.11484164414838
audio,cover_00348.wav,echo_hiding,0.05,22.11723146208822
audio,cover_00348.wav,echo_hiding,0.1,22.305523189819787
audio,cover_00348.wav,echo_hiding,0.2,22.69809602807552
audio,cover_00349.wav,lsb,0.05,77.83599971686877
audio,cover_00349.wav,lsb,0.1,77.68448127413957
audio,cover_00349.wav,lsb,0.2,77.41997228536424
audio,cover_00349.wav,lsb_matching,0.05,77.84426713332996
audio,cover_00349.wav,lsb_matching,0.1,77.68078116770221
audio,cover_00349.wav,lsb_matching,0.2,77.3896217200528
audio,cover_00349.wav,echo_hiding,0.05,22.119114220789502
audio,cover_00349.wav,echo_hiding,0.1,22.30778387208595
audio,cover_00349.wav,echo_hiding,0.2,22.634920049730837
audio,cover_00350.wav,lsb,0.05,79.61603760736095
audio,cover_00350.wav,lsb,0.1,79.49742610886085
audio,cover_00350.wav,lsb,0.2,79.17919429485292
audio,cover_00350.wav,lsb_matching,0.05,79.62203792073704
audio,cover_00350.wav,lsb_matching,0.1,79.49130152747567
audio,cover_00350.wav,lsb_matching,0.2,79.2264637958907
audio,cover_00350.wav,echo_hiding,0.05,22.095394115183275
audio,cover_00350.wav,echo_hiding,0.1,22.252052583078033
audio,cover_00350.wav,echo_hiding,0.2,22.63766342724407
audio,cover_00351.wav,lsb,0.05,82.183779812758
audio,cover_00351.wav,lsb,0.1,82.01700274348698
audio,cover_00351.wav,lsb,0.2,81.68517091089369
audio,cover_00351.wav,lsb_matching,0.05,82.21811878654051
audio,cover_00351.wav,lsb_matching,0.1,82.03714833189777
audio,cover_00351.wav,lsb_matching,0.2,81.72149142485367
audio,cover_00351.wav,echo_hiding,0.05,22.101689403801146
audio,cover_00351.wav,echo_hiding,0.1,22.273903573277885
audio,cover_00351.wav,echo_hiding,0.2,22.6615256530902
audio,cover_00352.wav,lsb,0.05,76.6238256324126
audio,cover_00352.wav,lsb,0.1,76.47902346859438
audio,cover_00352.wav,lsb,0.2,76.23625745318874
audio,cover_00352.wav,lsb_matching,0.05,76.64067103371514
audio,cover_00352.wav,lsb_matching,0.1,76.49438541079255
audio,cover_00352.wav,lsb_matching,0.2,76.22939399665329
audio,cover_00352.wav,echo_hiding,0.05,22.097333194908373
audio,cover_00352.wav,echo_hiding,0.1,22.282052051737793
audio,cover_00352.wav,echo_hiding,0.2,22.572664479532115
audio,cover_00353.wav,lsb,0.05,90.24765137863386
audio,cover_00353.wav,lsb,0.1,89.89664099117007
audio,cover_00353.wav,lsb,0.2,89.33510954542852
audio,cover_00353.wav,lsb_matching,0.05,90.23633512965807
audio,cover_00353.wav,lsb_matching,0.1,89.90502769688744
audio,cover_00353.wav,lsb_matching,0.2,89.35991748331405
audio,cover_00353.wav,echo_hiding,0.05,22.09307555766886
audio,cover_00353.wav,echo_hiding,0.1,22.257043137733117
audio,cover_00353.wav,echo_hiding,0.2,22.633124498843546
audio,cover_00354.wav,lsb,0.05,90.23250901127481
audio,cover_00354.wav,lsb,0.1,89.92031208976059
audio,cover_00354.wav,lsb,0.2,89.33891634374427
audio,cover_00354.wav,lsb_matching,0.05,90.23715945046078
audio,cover_00354.wav,lsb_matching,0.1,89.93757801516213
audio,cover_00354.wav,lsb_matching,0.2,89.29308878603693
audio,cover_00354.wav,echo_hiding,0.05,22.1172531786946
audio,cover_00354.wav,echo_hiding,0.1,22.279219779291616
audio,cover_00354.wav,echo_hiding,0.2,22.65718772645497
audio,cover_00355.wav,lsb,0.05,82.10108711677422
audio,cover_00355.wav,lsb,0.1,81.94441132707203
audio,cover_00355.wav,lsb,0.2,81.63961250338693
audio,cover_00355.wav,lsb_matching,0.05,82.1109084351462
audio,cover_00355.wav,lsb_matching,0.1,81.94640155440342
audio,cover_00355.wav,lsb_matching,0.2,81.6458775094276
audio,cover_00355.wav,echo_hiding,0.05,22.10516953386287
audio,cover_00355.wav,echo_hiding,0.1,22.290186880867996
audio,cover_00355.wav,echo_hiding,0.2,22.625762439360724
audio,cover_00356.wav,lsb,0.05,79.65555449731052
audio,cover_00356.wav,lsb,0.1,79.5151486227669
audio,cover_00356.wav,lsb,0.2,79.22491955774926
audio,cover_00356.wav,lsb_matching,0.05,79.62918879332341
audio,cover_00356.wav,lsb_matching,0.1,79.48489228989675
audio,cover_00356.wav,lsb_matching,0.2,79.20083377044159
audio,cover_00356.wav,echo_hiding,0.05,22.09503662928985
audio,cover_00356.wav,echo_hiding,0.1,22.24842978256222
audio,cover_00356.wav,echo_hiding,0.2,22.6525196875121
audio,cover_00357.wav,lsb,0.05,90.21044953378316
audio,cover_00357.wav,lsb,0.1,89.84938443590325
audio,cover_00357.wav,lsb,0.2,89.2984758560708
audio,cover_00357.wav,lsb_matching,0.05,90.17796062310099
audio,cover_00357.wav,lsb_matching,0.1,89.89624345270352
audio,cover_00357.wav,lsb_matching,0.2,89.30020691826064
audio,cover_00357.wav,echo_hiding,0.05,22.09361069593223
audio,cover_00357.wav,echo_hiding,0.1,22.273574342164885
audio,cover_00357.wav,echo_hiding,0.2,22.63538218220447
audio,cover_00358.wav,lsb,0.05,90.17391719931592
audio,cover_00358.wav,lsb,0.1,89.87027451290447
audio,cover_00358.wav,lsb,0.2,89.32097279109743
audio,cover_00358.wav,lsb_matching,0.05,90.19152258985798
audio,cover_00358.wav,lsb_matching,0.1,89.87222207360801
audio,cover_00358.wav,lsb_matching,0.2,89.30433445622553
audio,cover_00358.wav,echo_hiding,0.05,22.09824942348171
audio,cover_00358.wav,echo_hiding,0.1,22.277715697841
audio,cover_00358.wav,echo_hiding,0.2,22.63034261467208
audio,cover_00359.wav,lsb,0.05,90.09356553528853
audio,cover_00359.wav,lsb,0.1,89.79253748974877
audio,cover_00359.wav,lsb,0.2,89.20581724959808
audio,cover_00359.wav,lsb_matching,0.05,90.11311954381382
audio,cover_00359.wav,lsb_matching,0.1,89.7663110962793
audio,cover_00359.wav,lsb_matching,0.2,89.21088089712799
audio,cover_00359.wav,echo_hiding,0.05,22.117777100098532
audio,cover_00359.wav,echo_hiding,0.1,22.28917919162411
audio,cover_00359.wav,echo_hiding,0.2,22.64898164533619
audio,cover_00360.wav,lsb,0.05,77.98346172348923
audio,cover_00360.wav,lsb,0.1,77.82204462990059
audio,cover_00360.wav,lsb,0.2,77.55861795337408
audio,cover_00360.wav,lsb_matching,0.05,77.98084730060803
audio,cover_00360.wav,lsb_matching,0.1,77.82681610133888
audio,cover_00360.wav,lsb_matching,0.2,77.54641747850053
audio,cover_00360.wav,echo_hiding,0.05,22.102660539220675
audio,cover_00360.wav,echo_hiding,0.1,22.270649706175032
audio,cover_00360.wav,echo_hiding,0.2,22.622324207919256
audio,cover_00361.wav,lsb,0.05,77.57396228701302
audio,cover_00361.wav,lsb,0.1,77.4280203839959
audio,cover_00361.wav,lsb,0.2,77.16603064402577
audio,cover_00361.wav,lsb_matching,0.05,77.58774144366409
audio,cover_00361.wav,lsb_matching,0.1,77.43015054798653
audio,cover_00361.wav,lsb_matching,0.2,77.16081925060985
audio,cover_00361.wav,echo_hiding,0.05,22.109757804490314
audio,cover_00361.wav,echo_hiding,0.1,22.265569689198365
audio,cover_00361.wav,echo_hiding,0.2,22.62882747996402
audio,cover_00362.wav,lsb,0.05,79.72982230613522
audio,cover_00362.wav,lsb,0.1,79.59335357002617
audio,cover_00362.wav,lsb,0.2,79.30244831078784
audio,cover_00362.wav,lsb_matching,0.05,79.72055827511036
audio,cover_00362.wav,lsb_matching,0.1,79.56997633140733
audio,cover_00362.wav,lsb_matching,0.2,79.31534132020731
audio,cover_00362.wav,echo_hiding,0.05,22.110580895785258
audio,cover_00362.wav,echo_hiding,0.1,22.282982750604706
audio,cover_00362.wav,echo_hiding,0.2,22.650157132046406
audio,cover_00363.wav,lsb,0.05,77.8546828924682
audio,cover_00363.wav,lsb,0.1,77.69818325047015
audio,cover_00363.wav,lsb,0.2,77.43190951454787
audio,cover_00363.wav,lsb_matching,0.05,77.84694236495888
audio,cover_00363.wav,lsb_matching,0.1,77.70232123082779
audio,cover_00363.wav,lsb_matching,0.2,77.41969498595222
audio,cover_00363.wav,echo_hiding,0.05,22.133330801142705
audio,cover_00363.wav,echo_hiding,0.1,22.29300104062022
audio,cover_00363.wav,echo_hiding,0.2,22.640200019039
audio,cover_00364.wav,lsb,0.05,78.00888148505759
audio,cover_00364.wav,lsb,0.1,77.89056650973922
audio,cover_00364.wav,lsb,0.2,77.61207580613365
audio,cover_00364.wav,lsb_matching,0.05,77.99603861244461
audio,cover_00364.wav,lsb_matching,0.1,77.87942121402915
audio,cover_00364.wav,lsb_matching,0.2,77.57031580787768
audio,cover_00364.wav,echo_hiding,0.05,22.11010855250068
audio,cover_00364.wav,echo_hiding,0.1,22.287775376133517
audio,cover_00364.wav,echo_hiding,0.2,22.675123787320565
audio,cover_00365.wav,lsb,0.05,79.76707080345992
audio,cover_00365.wav,lsb,0.1,79.62019037799757
audio,cover_00365.wav,lsb,0.2,79.32723831170078
audio,cover_00365.wav,lsb_matching,0.05,79.76161445245184
audio,cover_00365.wav,lsb_matching,0.1,79.62337299176416
audio,cover_00365.wav,lsb_matching,0.2,79.34405577364316
audio,cover_00365.wav,echo_hiding,0.05,22.128198534046355
audio,cover_00365.wav,echo_hiding,0.1,22.260314964473515
audio,cover_00365.wav,echo_hiding,0.2,22.6348670270665
audio,cover_00366.wav,lsb,0.05,79.81903897805043
audio,cover_00366.wav,lsb,0.1,79.66349990033399
audio,cover_00366.wav,lsb,0.2,79.3491152136723
audio,cover_00366.wav,lsb_matching,0.05,79.7899922595103
audio,cover_00366.wav,lsb_matching,0.1,79.67402846305876
audio,cover_00366.wav,lsb_matching,0.2,79.32977023782175
audio,cover_00366.wav,echo_hiding,0.05,22.06074541386181
audio,cover_00366.wav,echo_hiding,0.1,22.24245031517698
audio,cover_00366.wav,echo_hiding,0.2,22.692835003715636
audio,cover_00367.wav,lsb,0.05,82.21895357934004
audio,cover_00367.wav,lsb,0.1,82.0469034612863
audio,cover_00367.wav,lsb,0.2,81.73202100231363
audio,cover_00367.wav,lsb_matching,0.05,82.20506874050045
audio,cover_00367.wav,lsb_matching,0.1,82.01626575793759
audio,cover_00367.wav,lsb_matching,0.2,81.72474671838071
audio,cover_00367.wav,echo_hiding,0.05,22.105257402703632
audio,cover_00367.wav,echo_hiding,0.1,22.282027808858942
audio,cover_00367.wav,echo_hiding,0.2,22.620772698301266
audio,cover_00368.wav,lsb,0.05,83.64873734165137
audio,cover_00368.wav,lsb,0.1,83.46142221779238
audio,cover_00368.wav,lsb,0.2,83.10715316686135
audio,cover_00368.wav,lsb_matching,0.05,83.65118347571332
audio,cover_00368.wav,lsb_matching,0.1,83.48525261738148
audio,cover_00368.wav,lsb_matching,0.2,83.09459331018968
audio,cover_00368.wav,echo_hiding,0.05,22.09596915529843
audio,cover_00368.wav,echo_hiding,0.1,22.25305359566655
audio,cover_00368.wav,echo_hiding,0.2,22.635811695059754
audio,cover_00369.wav,lsb,0.05,77.31022540590413
audio,cover_00369.wav,lsb,0.1,77.16136299332351
audio,cover_00369.wav,lsb,0.2,76.8780714820962
audio,cover_00369.wav,lsb_matching,0.05,77.30221318499311
audio,cover_00369.wav,lsb_matching,0.1,77.18101149625627
audio,cover_00369.wav,lsb_matching,0.2,76.90390088243855
audio,cover_00369.wav,echo_hiding,0.05,22.075725195016226
audio,cover_00369.wav,echo_hiding,0.1,22.265851864713653
audio,cover_00369.wav,echo_hiding,0.2,22.596638163440048
audio,cover_00370.wav,lsb,0.05,85.40246405192134
audio,cover_00370.wav,lsb,0.1,85.16904293775353
audio,cover_00370.wav,lsb,0.2,84.76847877959372
audio,cover_00370.wav,lsb_matching,0.05,85.3637248453332
audio,cover_00370.wav,lsb_matching,0.1,85.18292376158742
audio,cover_00370.wav,lsb_matching,0.2,84.76648688697938
audio,cover_00370.wav,echo_hiding,0.05,22.110427813496862
audio,cover_00370.wav,echo_hiding,0.1,22.25980000781554
audio,cover_00370.wav,echo_hiding,0.2,22.62851413784898
audio,cover_00371.wav,lsb,0.05,85.16211556409105
audio,cover_00371.wav,lsb,0.1,84.97653112012152
audio,cover_00371.wav,lsb,0.2,84.62901484003339
audio,cover_00371.wav,lsb_matching,0.05,85.15834804560566
audio,cover_00371.wav,lsb_matching,0.1,84.97553057103104
audio,cover_00371.wav,lsb_matching,0.2,84.5985149573349
audio,cover_00371.wav,echo_hiding,0.05,22.111357030605923
audio,cover_00371.wav,echo_hiding,0.1,22.289845765580033
audio,cover_00371.wav,echo_hiding,0.2,22.644503399966915
audio,cover_00372.wav,lsb,0.05,90.08496788621238
audio,cover_00372.wav,lsb,0.1,89.74770685936346
audio,cover_00372.wav,lsb,0.2,89.18058355755679
audio,cover_00372.wav,lsb_matching,0.05,90.06152146387322
audio,cover_00372.wav,lsb_matching,0.1,89.79972897439569
audio,cover_00372.wav,lsb_matching,0.2,89.19691311853367
audio,cover_00372.wav,echo_hiding,0.05,22.104967155642463
audio,cover_00372.wav,echo_hiding,0.1,22.272539332437027
audio,cover_00372.wav,echo_hiding,0.2,22.634776721987805
audio,cover_00373.wav,lsb,0.05,79.44333779410664
audio,cover_00373.wav,lsb,0.1,79.27962852787627
audio,cover_00373.wav,lsb,0.2,79.01243705821591
audio,cover_00373.wav,lsb_matching,0.05,79.43851682205805
audio,cover_00373.wav,lsb_matching,0.1,79.28144538989864
audio,cover_00373.wav,lsb_matching,0.2,79.01824663174682
audio,cover_00373.wav,echo_hiding,0.05,22.109111158956516
audio,cover_00373.wav,echo_hiding,0.1,22.32189603461785
audio,cover_00373.wav,echo_hiding,0.2,22.66348871092092
audio,cover_00374.wav,lsb,0.05,79.64080044583993
audio,cover_00374.wav,lsb,0.1,79.49302163432982
audio,cover_00374.wav,lsb,0.2,79.19130685983043
audio,cover_00374.wav,lsb_matching,0.05,79.63815948229094
audio,cover_00374.wav,lsb_matching,0.1,79.48145892265345
audio,cover_00374.wav,lsb_matching,0.2,79.2006925658091
audio,cover_00374.wav,echo_hiding,0.05,22.127084172897035
audio,cover_00374.wav,echo_hiding,0.1,22.33475417749194
audio,cover_00374.wav,echo_hiding,0.2,22.71859704205091
audio,cover_00375.wav,lsb,0.05,85.29086377444239
audio,cover_00375.wav,lsb,0.1,85.03556172462213
audio,cover_00375.wav,lsb,0.2,84.69728891323291
audio,cover_00375.wav,lsb_matching,0.05,85.29596539656166
audio,cover_00375.wav,lsb_matching,0.1,85.07207345345294
audio,cover_00375.wav,lsb_matching,0.2,84.72695267122972
audio,cover_00375.wav,echo_hiding,0.05,22.099392290193354
audio,cover_00375.wav,echo_hiding,0.1,22.26930124347852
audio,cover_00375.wav,echo_hiding,0.2,22.64471997702604
audio,cover_00376.wav,lsb,0.05,76.48976535415535
audio,cover_00376.wav,lsb,0.1,76.3230776750187
audio,cover_00376.wav,lsb,0.2,76.08336420751638
audio,cover_00376.wav,lsb_matching,0.05,76.47960082947841
audio,cover_00376.wav,lsb_matching,0.1,76.33579603930114
audio,cover_00376.wav,lsb_matching,0.2,76.07815274875323
audio,cover_00376.wav,echo_hiding,0.05,22.124347441040943
audio,cover_00376.wav,echo_hiding,0.1,22.322685999960697
audio,cover_00376.wav,echo_hiding,0.2,22.648170476956807
audio,cover_00377.wav,lsb,0.05,79.32204354108345
audio,cover_00377.wav,lsb,0.1,79.20763266253147
audio,cover_00377.wav,lsb,0.2,78.92427463106712
audio,cover_00377.wav,lsb_matching,0.05,79.34024364069913
audio,cover_00377.wav,lsb_matching,0.1,79.20998246094388
audio,cover_00377.wav,lsb_matching,0.2,78.87266623608349
audio,cover_00377.wav,echo_hiding,0.05,22.08338395946457
audio,cover_00377.wav,echo_hiding,0.1,22.272887765233257
audio,cover_00377.wav,echo_hiding,0.2,22.722454240228224
audio,cover_00378.wav,lsb,0.05,79.51514018502695
audio,cover_00378.wav,lsb,0.1,79.36990430259895
audio,cover_00378.wav,lsb,0.2,79.11137655606119
audio,cover_00378.wav,lsb_matching,0.05,79.52713973770392
audio,cover_00378.wav,lsb_matching,0.1,79.37546095943394
audio,cover_00378.wav,lsb_matching,0.2,79.09672815467333
audio,cover_00378.wav,echo_hiding,0.05,22.11507103977198
audio,cover_00378.wav,echo_hiding,0.1,22.27780768042026
audio,cover_00378.wav,echo_hiding,0.2,22.67867018372007
audio,cover_00379.wav,lsb,0.05,85.25017815884298
audio,cover_00379.wav,lsb,0.1,85.0696862461414
audio,cover_00379.wav,lsb,0.2,84.66761680805286
audio,cover_00379.wav,lsb_matching,0.05,85.26299230417406
audio,cover_00379.wav,lsb_matching,0.1,85.06833275347923
audio,cover_00379.wav,lsb_matching,0.2,84.695207449564
audio,cover_00379.wav,echo_hiding,0.05,22.111995605278693
audio,cover_00379.wav,echo_hiding,0.1,22.281434755202675
audio,cover_00379.wav,echo_hiding,0.2,22.64833668366696
audio,cover_00380.wav,lsb,0.05,79.41924709619857
audio,cover_00380.wav,lsb,0.1,79.2727100292164
audio,cover_00380.wav,lsb,0.2,78.98782601525538
audio,cover_00380.wav,lsb_matching,0.05,79.42519965778249
audio,cover_00380.wav,lsb_matching,0.1,79.26030220464727
audio,cover_00380.wav,lsb_matching,0.2,78.98332235825822
audio,cover_00380.wav,echo_hiding,0.05,22.095197444166438
audio,cover_00380.wav,echo_hiding,0.1,22.302093944448988
audio,cover_00380.wav,echo_hiding,0.2,22.619577932600095
audio,cover_00381.wav,lsb,0.05,90.21600281150472
audio,cover_00381.wav,lsb,0.1,89.87164450196333
audio,cover_00381.wav,lsb,0.2,89.33540702925313
audio,cover_00381.wav,lsb_matching,0.05,90.23026873051647
audio,cover_00381.wav,lsb_matching,0.1,89.88628158524877
audio,cover_00381.wav,lsb_matching,0.2,89.29018853646879
audio,cover_00381.wav,echo_hiding,0.05,22.108377597898393
audio,cover_00381.wav,echo_hiding,0.1,22.277945276248445
audio,cover_00381.wav,echo_hiding,0.2,22.656810590665074
audio,cover_00382.wav,lsb,0.05,90.11001110323399
audio,cover_00382.wav,lsb,0.1,89.80907112312302
audio,cover_00382.wav,lsb,0.2,89.21906032623122
audio,cover_00382.wav,lsb_matching,0.05,90.08545761892043
audio,cover_00382.wav,lsb_matching,0.1,89.81052193735904
audio,cover_00382.wav,lsb_matching,0.2,89.20240539073322
audio,cover_00382.wav,echo_hiding,0.05,22.100459313087498
audio,cover_00382.wav,echo_hiding,0.1,22.275018727192904
audio,cover_00382.wav,echo_hiding,0.2,22.654781638484785
audio,cover_00383.wav,lsb,0.05,83.46523258805492
audio,cover_00383.wav,lsb,0.1,83.30192223621411
audio,cover_00383.wav,lsb,0.2,82.92730895783663
audio,cover_00383.wav,lsb_matching,0.05,83.4599908001463
audio,cover_00383.wav,lsb_matching,0.1,83.2722580421194
audio,cover_00383.wav,lsb_matching,0.2,82.96728174510471
audio,cover_00383.wav,echo_hiding,0.05,22.094341208162625
audio,cover_00383.wav,echo_hiding,0.1,22.283967203511573
audio,cover_00383.wav,echo_hiding,0.2,22.641937001508676
audio,cover_00384.wav,lsb,0.05,85.14976595751517
audio,cover_00384.wav,lsb,0.1,84.93707579045346
audio,cover_00384.wav,lsb,0.2,84.55098018926181
audio,cover_00384.wav,lsb_matching,0.05,85.15402706162214
audio,cover_00384.wav,lsb_matching,0.1,84.92851170443728
audio,cover_00384.wav,lsb_matching,0.2,84.56549059073284
audio,cover_00384.wav,echo_hiding,0.05,22.11199434293063
audio,cover_00384.wav,echo_hiding,0.1,22.264935482347184
audio,cover_00384.wav,echo_hiding,0.2,22.661117484843146
audio,cover_00385.wav,lsb,0.05,90.13020302543146
audio,cover_00385.wav,lsb,0.1,89.83034689048907
audio,cover_00385.wav,lsb,0.2,89.2466829753069
audio,cover_00385.wav,lsb_matching,0.05,90.12993852613965
audio,cover_00385.wav,lsb_matching,0.1,89.85327620542546
audio,cover_00385.wav,lsb_matching,0.2,89.24064335124393
audio,cover_00385.wav,echo_hiding,0.05,22.102076401323014
audio,cover_00385.wav,echo_hiding,0.1,22.26453520161595
audio,cover_00385.wav,echo_hiding,0.2,22.635325241759997
audio,cover_00386.wav,lsb,0.05,79.63755226925576
audio,cover_00386.wav,lsb,0.1,79.46508869184412
audio,cover_00386.wav,lsb,0.2,79.20540678490936
audio,cover_00386.wav,lsb_matching,0.05,79.61871960706156
audio,cover_00386.wav,lsb_matching,0.1,79.46216689082283
audio,cover_00386.wav,lsb_matching,0.2,79.20902994931188
audio,cover_00386.wav,echo_hiding,0.05,22.136835499165194
audio,cover_00386.wav,echo_hiding,0.1,22.31514422036779
audio,cover_00386.wav,echo_hiding,0.2,22.650462001357674
audio,cover_00387.wav,lsb,0.05,83.28200815061169
audio,cover_00387.wav,lsb,0.1,83.08730598465692
audio,cover_00387.wav,lsb,0.2,82.7176750149327
audio,cover_00387.wav,lsb_matching,0.05,83.23120192684881
audio,cover_00387.wav,lsb_matching,0.1,83.07146959986576
audio,cover_00387.wav,lsb_matching,0.2,82.72636752903321
audio,cover_00387.wav,echo_hiding,0.05,22.095282639877006
audio,cover_00387.wav,echo_hiding,0.1,22.30784378630286
audio,cover_00387.wav,echo_hiding,0.2,22.628479069218752
audio,cover_00388.wav,lsb,0.05,90.19507708634202
audio,cover_00388.wav,lsb,0.1,89.90114200740713
audio,cover_00388.wav,lsb,0.2,89.32757722129818
audio,cover_00388.wav,lsb_matching,0.05,90.200205744527
audio,cover_00388.wav,lsb_matching,0.1,89.91472425078753
audio,cover_00388.wav,lsb_matching,0.2,89.31736498528052
audio,cover_00388.wav,echo_hiding,0.05,22.10573043117098
audio,cover_00388.wav,echo_hiding,0.1,22.281617695761803
audio,cover_00388.wav,echo_hiding,0.2,22.65627596286727
audio,cover_00389.wav,lsb,0.05,77.94622223786978
audio,cover_00389.wav,lsb,0.1,77.8062349139498
audio,cover_00389.wav,lsb,0.2,77.51668805800713
audio,cover_00389.wav,lsb_matching,0.05,77.91507168930963
audio,cover_00389.wav,lsb_matching,0.1,77.77661971314474
audio,cover_00389.wav,lsb_matching,0.2,77.52304559307129
audio,cover_00389.wav,echo_hiding,0.05,22.11577030653515
audio,cover_00389.wav,echo_hiding,0.1,22.28259182330323
audio,cover_00389.wav,echo_hiding,0.2,22.742581906698952
audio,cover_00390.wav,lsb,0.05,82.34138613599812
audio,cover_00390.wav,lsb,0.1,82.17389540428874
audio,cover_00390.wav,lsb,0.2,81.8298597735418
audio,cover_00390.wav,lsb_matching,0.05,82.35746855696644
audio,cover_00390.wav,lsb_matching,0.1,82.17663509645442
audio,cover_00390.wav,lsb_matching,0.2,81.85606436603663
audio,cover_00390.wav,echo_hiding,0.05,22.083401581973348
audio,cover_00390.wav,echo_hiding,0.1,22.274140135883982
audio,cover_00390.wav,echo_hiding,0.2,22.633958984586037
audio,cover_00391.wav,lsb,0.05,84.6475415802368
audio,cover_00391.wav,lsb,0.1,84.4687784392053
audio,cover_00391.wav,lsb,0.2,84.1176402651253
audio,cover_00391.wav,lsb_matching,0.05,84.66634468936711
audio,cover_00391.wav,lsb_matching,0.1,84.46199783662453
audio,cover_00391.wav,lsb_matching,0.2,84.12015785489922
audio,cover_00391.wav,echo_hiding,0.05,22.092014213048632
audio,cover_00391.wav,echo_hiding,0.1,22.259322437660813
audio,cover_00391.wav,echo_hiding,0.2,22.595094677930014
audio,cover_00392.wav,lsb,0.05,78.45610845899513
audio,cover_00392.wav,lsb,0.1,78.30284816902454
audio,cover_00392.wav,lsb,0.2,78.01208327033196
audio,cover_00392.wav,lsb_matching,0.05,78.43712820123716
audio,cover_00392.wav,lsb_matching,0.1,78.29320722279247
audio,cover_00392.wav,lsb_matching,0.2,78.02092627226054
audio,cover_00392.wav,echo_hiding,0.05,22.105034121494636
audio,cover_00392.wav,echo_hiding,0.1,22.307129445530553
audio,cover_00392.wav,echo_hiding,0.2,22.66580938838071
audio,cover_00393.wav,lsb,0.05,78.83045735080269
audio,cover_00393.wav,lsb,0.1,78.69863435707839
audio,cover_00393.wav,lsb,0.2,78.40874472373041
audio,cover_00393.wav,lsb_matching,0.05,78.8399235372175
audio,cover_00393.wav,lsb_matching,0.1,78.69223821828196
audio,cover_00393.wav,lsb_matching,0.2,78.3976267676865
audio,cover_00393.wav,echo_hiding,0.05,22.092613082170857
audio,cover_00393.wav,echo_hiding,0.1,22.271239873452306
audio,cover_00393.wav,echo_hiding,0.2,22.652407235280517
audio,cover_00394.wav,lsb,0.05,83.45019804912468
audio,cover_00394.wav,lsb,0.1,83.29180775554181
audio,cover_00394.wav,lsb,0.2,82.93387503307058
audio,cover_00394.wav,lsb_matching,0.05,83.46273760810561
audio,cover_00394.wav,lsb_matching,0.1,83.28894409410705
audio,cover_00394.wav,lsb_matching,0.2,82.91064822071134
audio,cover_00394.wav,echo_hiding,0.05,22.103398186993527
audio,cover_00394.wav,echo_hiding,0.1,22.28205361867067
audio,cover_00394.wav,echo_hiding,0.2,22.627785846031067
audio,cover_00395.wav,lsb,0.05,78.26050148854323
audio,cover_00395.wav,lsb,0.1,78.0937013046528
audio,cover_00395.wav,lsb,0.2,77.8441472427289
audio,cover_00395.wav,lsb_matching,0.05,78.25139472835386
audio,cover_00395.wav,lsb_matching,0.1,78.10690890072534
audio,cover_00395.wav,lsb_matching,0.2,77.83411708520306
audio,cover_00395.wav,echo_hiding,0.05,22.07456124812857
audio,cover_00395.wav,echo_hiding,0.1,22.281412686142946
audio,cover_00395.wav,echo_hiding,0.2,22.583958239131057
audio,cover_00396.wav,lsb,0.05,83.36334217088948
audio,cover_00396.wav,lsb,0.1,83.2012153590475
audio,cover_00396.wav,lsb,0.2,82.82149852445511
audio,cover_00396.wav,lsb_matching,0.05,83.34787124147171
audio,cover_00396.wav,lsb_matching,0.1,83.18606077562636
audio,cover_00396.wav,lsb_matching,0.2,82.85909299962027
audio,cover_00396.wav,echo_hiding,0.05,22.09687536345884
audio,cover_00396.wav,echo_hiding,0.1,22.27521833313315
audio,cover_00396.wav,echo_hiding,0.2,22.633110571144798
audio,cover_00397.wav,lsb,0.05,79.63395443192526
audio,cover_00397.wav,lsb,0.1,79.50129107575067
audio,cover_00397.wav,lsb,0.2,79.20668927149126
audio,cover_00397.wav,lsb_matching,0.05,79.64936959568378
audio,cover_00397.wav,lsb_matching,0.1,79.49102075009948
audio,cover_00397.wav,lsb_matching,0.2,79.21166777916302
audio,cover_00397.wav,echo_hiding,0.05,22.121836947763676
audio,cover_00397.wav,echo_hiding,0.1,22.265153178680507
audio,cover_00397.wav,echo_hiding,0.2,22.649753774007127
audio,cover_00398.wav,lsb,0.05,90.26457864007136
audio,cover_00398.wav,lsb,0.1,89.94399906429751
audio,cover_00398.wav,lsb,0.2,89.39370768906261
audio,cover_00398.wav,lsb_matching,0.05,90.23626692351928
audio,cover_00398.wav,lsb_matching,0.1,89.96373969362102
audio,cover_00398.wav,lsb_matching,0.2,89.36735148606459
audio,cover_00398.wav,echo_hiding,0.05,22.112941685665465
audio,cover_00398.wav,echo_hiding,0.1,22.285861774687863
audio,cover_00398.wav,echo_hiding,0.2,22.66811464192481
audio,cover_00399.wav,lsb,0.05,77.501137062302
audio,cover_00399.wav,lsb,0.1,77.35011864053801
audio,cover_00399.wav,lsb,0.2,77.08468258441403
audio,cover_00399.wav,lsb_matching,0.05,77.50880043546076
audio,cover_00399.wav,lsb_matching,0.1,77.37878963986059
audio,cover_00399.wav,lsb_matching,0.2,77.0902809551071
audio,cover_00399.wav,echo_hiding,0.05,22.109039140841915
audio,cover_00399.wav,echo_hiding,0.1,22.304958375966404
audio,cover_00399.wav,echo_hiding,0.2,22.696809039445263
